"ZIP3","centroid_type","wc2.1_2.5m_bio_1","wc2.1_2.5m_bio_10","wc2.1_2.5m_bio_11","wc2.1_2.5m_bio_12","wc2.1_2.5m_bio_13","wc2.1_2.5m_bio_14","wc2.1_2.5m_bio_15","wc2.1_2.5m_bio_16","wc2.1_2.5m_bio_17","wc2.1_2.5m_bio_18","wc2.1_2.5m_bio_19","wc2.1_2.5m_bio_2","wc2.1_2.5m_bio_3","wc2.1_2.5m_bio_4","wc2.1_2.5m_bio_5","wc2.1_2.5m_bio_6","wc2.1_2.5m_bio_7","wc2.1_2.5m_bio_8","wc2.1_2.5m_bio_9","PC1","PC2","PC3","PC4","PC5","PC6","PC7","PC8","PC9","PC10","longitude","latitude"
"000","Geometric",6.73699998855591,17.9300003051758,-3.79733324050903,330,34,20,16.2866954803467,98,68,85,77,15.0753335952759,38.3167266845703,881.909973144531,28.5399990081787,-10.8039999008179,39.3439979553223,17.3406658172607,10.3540000915527,-0.728743445158753,1.98157863734573,-0.672408329234929,1.69112500670849,-0.259012755602165,-0.25097652855547,0.91023736658774,0.0763324437099733,-0.8317754190385,0.0848042877567322,-110.953671920095,39.675514755588
"000","Population-Weighted",11.3051662445068,22.6713333129883,0.555999934673309,322,54,8,55.1903190612793,136,27,136,27,17.7323341369629,42.1957321166992,896.607482910156,33.2519989013672,-8.77200031280518,42.023998260498,22.6713333129883,0.555999934673309,0.321037484681087,3.32690830951557,0.449612144671058,-0.0760127446461036,0.434890032182109,-0.777118135176619,0.514210425771985,-0.147256733930692,0.145256774505952,0.0756638131699702,-104.777701624157,38.1936416460025
"001","Geometric",6.86533355712891,17.558666229248,-4.05733346939087,1013,108,66,20.0705051422119,316,201,251,226,7.47133350372314,23.494758605957,889.073852539062,22.5,-9.30000019073486,31.7999992370605,10.2046661376953,-1.21200013160706,-1.09630381959199,-3.02870818366291,-0.283469150314985,0.863962847521763,-1.48255049737835,1.23429440002527,0.0627801981673649,0.306232912729182,0.382452237981702,0.203152394811106,-80.6594147638292,45.5371895178694
"001","Population-Weighted",7.49166679382324,20.4139995574951,-6.87466669082642,861,107,29,39.1960792541504,312,103,312,103,11.7220001220703,27.8141613006592,1100.10693359375,27.9599990844727,-14.1840000152588,42.1439971923828,20.4139995574951,-6.87466669082642,-1.56413404364396,-0.526705686993334,1.30798139888034,-0.724547860759866,-0.196694372947072,0.153756796610588,-0.014788577229443,-0.259974947580842,-0.226773517694763,-0.0248257693243561,-89.7132307158308,42.7683450618561
"010","Geometric",9.02933311462402,20.6753330230713,-3.14733338356018,1139,104,78,7.10533571243286,299,257,292,261,12.5866661071777,32.1580657958984,963.142395019531,28.8199996948242,-10.3199996948242,39.1399993896484,13.5753335952759,-2.16866683959961,-0.333275105752032,-2.49829662111947,0.942122700254426,1.59062452269085,0.375256439191221,-0.578182759487702,0.282536475124477,-0.122588162302357,0.559296577009916,-0.0785829712309291,-72.5996033628654,42.2579260905818
"010","Population-Weighted",9.60599994659424,21.478666305542,-2.79533338546753,1149,106,79,7.02572870254517,304,261,294,264,12.9193334579468,32.4541130065918,980.158142089844,29.8239994049072,-9.98400020599365,39.8079986572266,14.3880004882812,-1.67266666889191,-0.164077839181856,-2.43935168238659,1.16421795699631,1.59864440677019,0.596462060119281,-0.618247224813721,0.291081610642918,-0.135812912124732,0.565325246260691,-0.075536493591696,-72.5439466361746,42.1996910928978
"011","Geometric",9.9146671295166,21.724666595459,-2.39600014686584,1140,104,79,6.72148370742798,300,260,289,265,12.6406669616699,32.0633773803711,973.758483886719,29.9360008239746,-9.48799991607666,39.423999786377,14.6193332672119,-1.27599990367889,-0.0861586267633858,-2.42821686440149,1.18843900113091,1.64311658950971,0.525383824005564,-0.476237449442671,0.316378996733017,-0.110707380471904,0.568709055880401,-0.0795825206906011,-72.5466042106814,42.100101932467
"011","Population-Weighted",9.9146671295166,21.724666595459,-2.39600014686584,1140,104,79,6.72148370742798,300,260,289,265,12.6406669616699,32.0633773803711,973.758483886719,29.9360008239746,-9.48799991607666,39.423999786377,14.6193332672119,-1.27599990367889,-0.0861586267633858,-2.42821686440149,1.18843900113091,1.64311658950971,0.525383824005564,-0.476237449442671,0.316378996733017,-0.110707380471904,0.568709055880401,-0.0795825206906011,-72.5508719500376,42.1045335061291
"012","Geometric",6.35450029373169,17.9226665496826,-5.86533355712891,1194,109,85,8.63803291320801,324,271,320,274,11.19700050354,29.7887630462646,966.442993164062,25.1560001373291,-12.4320001602173,37.5880012512207,15.7760000228882,-4.9466667175293,-1.06253576252771,-3.31371286052249,0.779120286817723,1.27419605820856,-0.297526876695923,-0.665217722309486,0.482165526267383,0.282193765169775,0.495693649816977,-0.0239531421535055,-73.2080696901291,42.3697705096374
"012","Population-Weighted",7.51583337783813,19.4153327941895,-5.08199977874756,1086,106,74,10.963680267334,306,242,304,244,12.2783327102661,31.1791095733643,991.833557128906,27.3759994506836,-12.003999710083,39.379997253418,17.2746658325195,-4.02133321762085,-0.825116065009611,-2.42999173233926,1.03801807462588,1.14622675552493,0.0677320476682679,-0.673672616933476,0.491665938211506,0.0765611184590202,0.348500282946304,-0.0312144787028417,-73.2323901566687,42.4287137057715
"013","Geometric",8.21916675567627,20.0779991149902,-4.27666664123535,1131,104,76,8.28030014038086,301,251,298,256,12.849666595459,31.9611644744873,985.196594238281,28.4440002441406,-11.7600002288818,40.2040023803711,17.6979999542236,-3.29466676712036,-0.593101051603008,-2.3792916712641,1.18509710328202,1.33439305199319,0.343631717658919,-0.798701894772483,0.576748639928875,0.0335689350649122,0.379914557185262,-0.0463666006749135,-72.5214185440315,42.586398035568
"013","Population-Weighted",7.73683309555054,19.4659996032715,-4.6026668548584,1153,105,79,7.77613687515259,304,258,301,264,12.5950002670288,31.8344955444336,975.408752441406,27.6319999694824,-11.9320001602173,39.5639991760254,12.2919998168945,-3.7020001411438,-0.748750338581259,-2.67352600831007,0.74396998543024,1.51584811431194,0.338491886127242,-0.744747206633179,0.217090834583335,-0.10452528492827,0.576512359016898,-0.0914906287274028,-72.4631130201771,42.5523193546226
"014","Geometric",7.75066661834717,19.2439994812012,-4.28999996185303,1162,113,86,7.14617013931274,311,275,293,278,12.0026664733887,31.4173030853271,956.656616210938,26.8840007781982,-11.3199996948242,38.2040023803711,3.9026665687561,-3.55799984931946,-0.765599221648349,-3.16283617390046,0.120336253322904,1.8463136601908,0.382845394153772,-0.488979880621813,-0.334645753683809,-0.289810634529872,0.964581980215235,-0.0756752229185446,-71.8165293743493,42.5922753706917
"014","Population-Weighted",8.42983341217041,20.0319995880127,-3.71599984169006,1162,112,85,6.73564624786377,310,275,292,277,12.2563333511353,31.6701107025146,963.97265625,27.8400001525879,-10.8599996566772,38.7000007629395,4.44933319091797,-2.91066670417786,-0.586610306058781,-3.02589746534588,0.292292484294753,1.88318012632432,0.540790663982674,-0.471059555639412,-0.334196403663038,-0.33668291538743,0.949199283398546,-0.0904757012562825,-71.7458444594906,42.5803070647765
"015","Geometric",8.40216636657715,19.808666229248,-3.52133345603943,1190,112,87,5.81865501403809,315,280,298,285,11.5076665878296,30.8153038024902,948.1962890625,27.1040000915527,-10.2399997711182,37.3440017700195,4.58266687393188,-2.77666664123535,-0.55647966462955,-3.30993508459977,0.247655466695123,1.89717985133076,0.267231412375275,-0.299217430606938,-0.311028046132289,-0.26650487767661,0.947579150314912,-0.105178398709034,-71.8557236325056,42.2297389435866
"015","Population-Weighted",8.8526668548584,20.3859996795654,-3.16533327102661,1195,113,89,5.61538600921631,316,285,300,288,11.8673334121704,31.3056182861328,956.041564941406,27.8799991607666,-10.0279998779297,37.9079971313477,4.88466644287109,-2.34999990463257,-0.41235702174107,-3.2672630167524,0.39405040462217,1.95185222654658,0.453647138426029,-0.383140272922158,-0.326211565128702,-0.271055093703786,0.983628679987794,-0.102330543823622,-71.7847482611203,42.2418556966912
"016","Geometric",8.31983375549316,19.7453327178955,-3.61866664886475,1191,112,87,5.81835460662842,314,280,300,284,11.3796663284302,30.5905017852783,949.345520019531,26.9720001220703,-10.2279996871948,37.2000007629395,4.48866653442383,-2.87199997901917,-0.587501265429408,-3.34216629394157,0.242008261675092,1.89301443897845,0.221072600338722,-0.268762664302469,-0.326971297026155,-0.262318037841976,0.945207887544699,-0.107722101210633,-71.8452349072931,42.278871363495
"016","Population-Weighted",8.82833290100098,20.4166660308838,-3.2846667766571,1191,112,87,5.86480903625488,314,281,302,284,11.8406667709351,31.1105270385742,962.072204589844,27.9160003662109,-10.1440000534058,38.060001373291,4.8600001335144,-2.46866679191589,-0.457999662440832,-3.20761146902055,0.410621641172973,1.91709385391775,0.447146705814266,-0.351959243260079,-0.350289165745958,-0.302855638900532,0.949811595979203,-0.121136308641671,-71.8131801186996,42.2680139472606
"017","Geometric",9.17866706848145,20.6173324584961,-2.59666681289673,1173,115,86,7.79782724380493,320,277,283,291,11.960000038147,31.5967445373535,940.42626953125,28.3159999847412,-9.53600025177002,37.8520011901855,0.260666519403458,18.0406665802002,0.196308428525986,-3.13572929223533,-0.272965649850869,2.34182497511498,0.92909226916377,-0.0404954597509818,-1.09945504767547,0.281296288966828,0.0358030159770768,0.0657746412882754,-71.4547349921396,42.3419877321466
"017","Population-Weighted",9.38949966430664,20.8386669158936,-2.45333337783813,1168,115,85,8.16251277923584,319,275,283,289,12.0509996414185,31.7298583984375,943.485717773438,28.5520000457764,-9.42799949645996,37.9799995422363,0.443333446979523,18.2533340454102,0.244376241822339,-3.06507559040019,-0.232214640080072,2.32383327092389,0.967042749546719,-0.0357295407447097,-1.1080484528679,0.266715152686709,0.0211583256841406,0.0587248555982709,-71.4447218027339,42.3273367830262
"018","Geometric",9.20616626739502,20.707332611084,-2.63466668128967,1136,108,84,7.81380987167358,310,261,261,286,11.7276668548584,31.022289276123,942.591674804688,28.2840003967285,-9.52000045776367,37.8040008544922,0.0993332862854004,20.707332611084,0.18707756641763,-2.91929039123712,-0.394705079470845,2.43181463489331,0.917606847307473,0.200281183289035,-1.09306153209183,0.38372257639492,-0.122427440378817,0.0718148885029285,-71.2161682231889,42.6407207146653
"018","Population-Weighted",9.20916652679443,20.6333332061768,-2.51533317565918,1130,106,84,8.00047302246094,309,258,258,287,11.5303335189819,30.8034133911133,935.459106445312,28.1119995117188,-9.31999969482422,37.431999206543,0.206000119447708,20.6333332061768,0.190134851519871,-2.92099063247332,-0.429119306532541,2.43127332257895,0.829205430187898,0.271819636243697,-1.06523339227391,0.406006448475338,-0.115082747637853,0.0639868472703073,-71.2000752924981,42.6295134851026
"019","Geometric",9.25599956512451,20.3400001525879,-1.9006667137146,1107,106,79,9.19237327575684,304,247,247,281,10.6746664047241,29.9446449279785,899.531921386719,27.4599990844727,-8.1879997253418,35.6479988098145,0.640666663646698,20.3400001525879,0.251930317244045,-2.90070252465426,-0.596623575913876,2.30675374166152,0.426429948263991,0.605254480576348,-0.972642677324193,0.396423344846751,-0.145001371560097,0.0947597020495443,-70.8914923027664,42.6530335252793
"019","Population-Weighted",9.79218769073486,21.1215286254883,-1.59166669845581,1111,105,80,8.66261959075928,304,250,250,284,10.9892358779907,30.2005805969238,917.750915527344,28.3833332061768,-8.00416660308838,36.3875007629395,0.936805486679077,21.1215286254883,0.38549685706536,-2.82244308400193,-0.405648068552552,2.37629524958909,0.642034467349478,0.574919756232386,-1.00999181010192,0.384387263783918,-0.14921145204808,0.0641458549450909,-70.9307443679331,42.5824071314122
"020","Geometric",9.77350044250488,20.9799995422363,-1.57466661930084,1185,112,88,8.10081195831299,323,268,277,303,11.0469999313354,30.4761638641357,913.464599609375,28.2919998168945,-7.95599985122681,36.2480010986328,1.10533332824707,18.3926658630371,0.415496635431938,-3.2613809410484,-0.254455894771526,2.3314508711892,0.653881762839848,0.328088389659214,-1.00456758272904,0.352697642772224,0.0683130787718595,0.0490793441779447,-71.1506336723642,42.1395149394227
"020","Population-Weighted",9.77350044250488,20.9799995422363,-1.57466661930084,1185,112,88,8.10081195831299,323,268,277,303,11.0469999313354,30.4761638641357,913.464599609375,28.2919998168945,-7.95599985122681,36.2480010986328,1.10533332824707,18.3926658630371,0.415496635431938,-3.2613809410484,-0.254455894771526,2.3314508711892,0.653881762839848,0.328088389659214,-1.00456758272904,0.352697642772224,0.0683130787718595,0.0490793441779447,-71.15131541079,42.1451614627936
"021","Geometric",10.2940216064453,21.6304359436035,-1.1065217256546,1137,106,84,7.68916320800781,309,258,266,291,10.8952894210815,29.9894275665283,919.4326171875,28.9260864257812,-7.40434789657593,36.3304328918457,1.42898559570312,19.0862312316895,0.485822657624483,-2.98337508635074,-0.165869231963028,2.39378712321993,0.635813612793722,0.549465039750341,-1.00080921765244,0.310337532211755,0.0103683465789399,0.0295717792343816,-71.0529808996483,42.3109953846879
"021","Population-Weighted",10.3833332061768,21.8053035736084,-1.09621214866638,1130,105,83,7.89946317672729,306,256,262,288,10.9863634109497,30.0547122955322,926.148681640625,29.1272735595703,-7.42727279663086,36.5545463562012,1.43939387798309,19.259090423584,0.490837286061571,-2.89579364679113,-0.146107689807392,2.40121462441376,0.687464126348187,0.566265461490921,-1.00384541316778,0.301004483196355,0.00218415492627966,0.0241296926770889,-71.0723157240728,42.3387326881687
"022","Geometric",10.3833332061768,21.8053035736084,-1.09621214866638,1130,105,83,7.89946317672729,306,256,262,288,10.9863634109497,30.0547122955322,926.148681640625,29.1272735595703,-7.42727279663086,36.5545463562012,1.43939387798309,19.259090423584,0.490837286061571,-2.89579364679113,-0.146107689807392,2.40121462441376,0.687464126348187,0.566265461490921,-1.00384541316778,0.301004483196355,0.00218415492627966,0.0241296926770889,-71.071067122633,42.3472956529082
"022","Population-Weighted",10.3916664123535,21.8706340789795,-1.22142851352692,1136,105,85,7.28760051727295,307,260,266,289,11.2174606323242,30.3096580505371,933.313110351562,29.3095245361328,-7.69999980926514,37.0095252990723,1.36190474033356,19.3420639038086,0.48415315556967,-2.9163849199581,-0.0914928218707829,2.45299234956749,0.785562515149431,0.462544292899795,-1.02814498088622,0.306148352397842,0.0150657979717687,0.0232151465513295,-71.0939104527726,42.3469290193519
"023","Geometric",9.90883350372314,20.7553329467773,-0.932666718959808,1239,117,87,9.62823009490967,341,268,277,322,10.3663330078125,29.8569507598877,876.824951171875,27.6280002593994,-7.09200000762939,34.7200012207031,1.62933337688446,18.220666885376,0.564148624935277,-3.53283363755831,-0.378465537296959,2.1469185399395,0.420117683102051,0.521903826391479,-0.903382531578963,0.389226388248438,0.0797220248057986,0.0546761485801939,-70.8493417753835,41.9679913223589
"023","Population-Weighted",9.87966632843018,20.8460006713867,-1.13133323192596,1222,115,88,8.84322929382324,334,269,278,315,10.764666557312,30.394926071167,888.334350585938,27.9479999542236,-7.46799993515015,35.4160003662109,1.41066682338715,18.3153324127197,0.52873767749464,-3.42234414429999,-0.327982837352338,2.23645338762446,0.540765528530357,0.387199262373574,-0.942863271320654,0.369714929746695,0.0834038494236851,0.0515099172151351,-70.9186870774036,42.0260124771863
"024","Geometric",9.75516700744629,21.1313323974609,-1.90399992465973,1153,109,86,7.27632665634155,313,268,272,290,11.5223331451416,30.8909740447998,932.077209472656,28.6679992675781,-8.63199996948242,37.2999992370605,0.794666707515717,18.5979995727539,0.325450568979955,-3.03882307029604,-0.211314648580091,2.41686821264426,0.818275742434932,0.224174656694799,-1.0425984918438,0.30459304332122,0.0344491251827553,0.0487373846249378,-71.2322663027033,42.3595691713772
"024","Population-Weighted",9.88133335113525,21.2779998779297,-1.7739999294281,1152,108,87,7.46007442474365,313,265,270,292,11.3966665267944,30.6493835449219,932.254028320312,28.7840003967285,-8.39999961853027,37.1839981079102,0.899333357810974,18.7553329467773,0.358071734464276,-3.04024721256276,-0.188813364967837,2.42696937658743,0.806898160588797,0.293789066538408,-1.03739283623578,0.325672160952553,0.0456838094205291,0.0460164810713469,-71.2013338981581,42.3624123471305
"025","Population-Weighted",10.0358333587646,20.3693332672119,-0.233333304524422,1194,117,80,10.2575788497925,333,261,264,313,8.79566669464111,27.5346431732178,839.703918457031,26.0559997558594,-5.88800001144409,31.9440002441406,2.32066679000854,17.7446670532227,0.537996668854866,-3.63232853502325,-0.57050698695233,2.00858455532734,-0.253386286805679,1.09981780820935,-0.776058378606303,0.437522844081765,0.0233594103483854,0.0999971064450949,-70.5656390100172,41.6520737165317
"026","Geometric",9.98750019073486,19.7666664123535,0.316666632890701,1093,110,75,10.8147983551025,310,237,237,289,7.94166660308838,26.4722232818604,797.994995117188,25,-5,30,7.03333330154419,19.7666664123535,0.595919998803742,-3.30888323501966,-0.598880282242464,1.90044204703396,-0.874088632800496,1.42600450967379,-0.366258536396088,0.727475748144343,-0.279638630816344,0.238234821881841,-70.1891400457422,41.7505807567954
"026","Population-Weighted",10.0845003128052,20.1466674804688,0.0986665859818459,1113,113,76,11.0301694869995,316,243,243,293,8.36366653442383,26.8928184509277,820.038024902344,25.5879993438721,-5.51200008392334,31.0999984741211,6.91733360290527,20.1466674804688,0.609239165646977,-3.30877785020142,-0.476746838732118,1.89721273639843,-0.609571456708245,1.29321641073436,-0.431092371754269,0.715194015588694,-0.282433711807397,0.225588977014188,-70.267616797051,41.6986278186164
"027","Geometric",9.83733367919922,20.6760005950928,-1.08733332157135,1238,117,89,8.96675109863281,339,275,286,319,10.4033336639404,29.9118251800537,881.324157714844,27.492000579834,-7.28800010681152,34.7799987792969,1.51933324337006,18.0973339080811,0.526820748918255,-3.60780465543424,-0.332523414500327,2.20155333014979,0.400295697576213,0.437372936768891,-0.951516368734473,0.410339258008906,0.0978371699533309,0.0546501820720594,-71.0765080278951,41.7691967188038
"027","Population-Weighted",9.97196960449219,20.8787879943848,-1.07272732257843,1214,115,89,8.67296314239502,331,272,281,310,10.8249998092651,30.6105403900146,888.520568847656,27.9045448303223,-7.45909118652344,35.3636360168457,1.531818151474,18.2954540252686,0.544559934862275,-3.42049566034271,-0.295460132061063,2.26611756487527,0.516489299329048,0.336226072782665,-0.958009243190692,0.384317154979233,0.0994955944852451,0.0597731783079494,-71.1168969344701,41.7942237998276
"028","Geometric",9.50266647338867,20.2906665802002,-1.51666676998138,1248,123,85,9.91408157348633,344,279,285,315,10.5559997558594,30.3962230682373,887.240051269531,26.9559993743896,-7.77199983596802,34.7280006408691,1.23733329772949,17.6686668395996,0.437574568541174,-3.62081475160629,-0.450531748321367,2.06905361926265,0.406219339998642,0.351873143339066,-0.948076285984464,0.367083637526426,0.0655778252553278,0.0686508100511013,-71.5649823721028,41.6590713803414
"028","Population-Weighted",10.3636665344238,21.4686660766602,-0.999333262443542,1197,115,82,9.83605003356934,328,266,275,304,11.0026664733887,30.6925525665283,911.301330566406,28.4120006561279,-7.43599987030029,35.8479995727539,1.71533334255219,18.8606662750244,0.581896150082337,-3.1721106145799,-0.235130209439059,2.17128650608298,0.647063379708581,0.433343363607326,-0.978816506119303,0.310103851919006,0.0102814173190963,0.0127047862863865,-71.4582236608672,41.7415490956107
"029","Geometric",10.1319999694824,21.275333404541,-1.33000004291534,1201,117,84,9.20770835876465,329,269,277,304,11.3699998855591,31.2328319549561,917.391540527344,28.4400005340576,-7.96400022506714,36.4039993286133,1.42933320999146,18.691333770752,0.525243082758336,-3.18690159144256,-0.244285345992939,2.20529154383074,0.764620064427623,0.261459052875883,-0.991704670681287,0.298367540277069,0.0242850012984852,0.0330934027466154,-71.4694981559817,41.8270838407667
"029","Population-Weighted",10.5191669464111,21.8193340301514,-1.09866666793823,1200,116,85,8.96572780609131,328,271,280,303,11.5196666717529,31.225378036499,929.390380859375,29.1000003814697,-7.79199981689453,36.8919982910156,1.63933348655701,19.2553329467773,0.612415032887088,-3.13378100602965,-0.0961735337623763,2.25922985536764,0.889382309977897,0.261884244260918,-1.03486167945201,0.297584385189228,0.0247946773200494,0.0252450772944964,-71.4348868034665,41.8189302680879
"030","Geometric",8.18649959564209,19.8426666259766,-4.01200008392334,1063,112,77,9.78325462341309,297,242,261,251,12.4176664352417,31.5906848907471,966.112426757812,27.7959995269775,-11.5120000839233,39.3079986572266,4.02199983596802,-3.11533331871033,-0.76922189968361,-2.49301412184717,0.0768473264571164,1.70791813169841,0.555448373276612,-0.30932766640903,-0.308386036621402,-0.429403043448203,0.866306736883397,-0.0108088211229152,-71.5054319839008,42.9045130499612
"030","Population-Weighted",8.27883338928223,19.9260005950928,-3.86399984359741,1078,113,78,9.52651691436768,301,248,261,257,12.3316669464111,31.5129985809326,963.293579101562,27.8320007324219,-11.3000001907349,39.1319999694824,4.11133337020874,-2.95866656303406,-0.714180828601501,-2.58290546674933,0.0934828344185476,1.72636547490446,0.560842800948139,-0.289334235242832,-0.290981644317024,-0.405610940543995,0.887822469756931,-0.00752954718945087,-71.4286646655588,42.8644725638775
"031","Geometric",8.17049980163574,19.9486675262451,-4.22333335876465,1019,104,70,9.88189029693604,281,224,259,233,12.618332862854,31.6344089508057,977.170959472656,28.0240001678467,-11.8640003204346,39.8880004882812,3.80466651916504,-3.19000005722046,-0.887037572176885,-2.11898093477859,0.0704828641988269,1.68911313944718,0.551775992024336,-0.267744383507675,-0.358363342709604,-0.548777414702422,0.751751443949512,-0.0838174930008444,-71.4694647227765,43.0006212183638
"031","Population-Weighted",8.48583316802979,20.3899993896484,-4.04733324050903,1032,107,71,10.1514492034912,285,228,262,236,12.7883329391479,31.7391376495361,987.42138671875,28.5639991760254,-11.7279996871948,40.2919998168945,4.06466674804688,-2.9813334941864,-0.795993789736926,-2.12988020740843,0.192282544690038,1.67816241740996,0.690237112535089,-0.294951728624211,-0.377894389847156,-0.55612167487402,0.771911243664814,-0.0735554568037349,-71.4720443086325,42.9823043245554
"032","Geometric",6.30766677856445,18.2239990234375,-6.27066659927368,1127,112,78,11.0265512466431,310,242,296,257,12.3513336181641,30.8968715667725,988.895935058594,26.1879997253418,-13.7880001068115,39.9759979248047,1.73466658592224,-5.10533332824707,-1.36655302666699,-2.84472169425597,-0.137603354606662,1.55376656803583,0.497888991271012,-0.569860971274594,-0.547245762273973,-0.45167564289324,0.839550006228659,-0.104186205833604,-71.6619298893298,43.5716662545548
"032","Population-Weighted",6.81366682052612,18.6119995117188,-5.60866689682007,1078,108,76,10.3470621109009,297,234,281,248,12.4119997024536,31.2802429199219,977.391174316406,26.6399993896484,-13.039999961853,39.6800003051758,2.26333332061768,-4.44799995422363,-1.2149042816253,-2.59016883477665,-0.131746449579296,1.63520984211243,0.457840382703503,-0.473421714687728,-0.472437213596577,-0.473808022416911,0.817626783172413,-0.0920328389107321,-71.5744691773595,43.3934421519103
"033","Geometric",7.64033317565918,19.5833339691162,-4.9946665763855,981,95,66,9.36245727539062,265,215,255,221,12.8746662139893,31.7360153198242,991.747497558594,27.8840007781982,-12.6840000152588,40.568000793457,3.03133320808411,-3.81399989128113,-1.1371395404276,-1.86429982583216,-0.0136062610977494,1.75300920350788,0.566056698143484,-0.32160124194294,-0.394665418927476,-0.614637870440077,0.707605657246887,-0.151514349417617,-71.563374572025,43.2618607513375
"033","Population-Weighted",7.68499994277954,19.6013336181641,-4.92266702651978,995,97,68,8.8369665145874,269,222,255,226,12.7213335037231,31.5352840423584,989.683288574219,27.7959995269775,-12.5440006256104,40.3400001525879,3.15000009536743,-3.77066683769226,-1.10643415790652,-1.99479095634414,0.00568469383907759,1.77978103360321,0.547996648527008,-0.298458914786715,-0.371492083364953,-0.577534648317183,0.737051522421266,-0.131446662928448,-71.5528403194711,43.2475099433595
"034","Geometric",6.81333351135254,18.5806655883789,-5.57733345031738,1135,106,80,8.09723472595215,298,257,298,264,12.3573331832886,31.4052391052246,978.979614257812,26.5839996337891,-12.7639999389648,39.3479995727539,18.5806655883789,-4.66066646575928,-0.945461832568612,-2.68295928602888,1.0021788753225,1.28209693270071,0.0253946614587591,-0.882710419162288,0.752192979264199,0.241439163605599,0.384440359546032,-0.00648596566987848,-72.1927361223924,42.9077279040204
"034","Population-Weighted",7.1085000038147,18.9346656799316,-5.37733364105225,1103,101,75,8.47996139526367,293,247,293,253,12.6303339004517,31.7090110778809,984.168823242188,27.1280002593994,-12.7040004730225,39.8320007324219,18.9346656799316,-4.40466690063477,-0.910200583260814,-2.38356718260105,1.0530959354558,1.2570510284398,0.0914857357305999,-0.862297775830949,0.756184383529081,0.163726178305469,0.313508451181529,-0.0404518378983083,-72.2158079851211,42.8856723597381
"035","Geometric",4.15666675567627,16.5279998779297,-9.04399967193604,1110,123,65,18.3582611083984,340,213,340,230,11.7346668243408,28.8462791442871,1034.28686523438,24,-16.6800003051758,40.6800003051758,16.5279998779297,-7.89133358001709,-1.98070612246752,-2.71835583537697,0.671859594924307,0.28980450185659,-0.186850123023075,-0.83894798673799,0.327166567717375,0.06488952717651,0.0745440129452629,0.0168703238273723,-71.3829456495532,44.6536413380358
"035","Population-Weighted",4.82033348083496,17.1919994354248,-8.59066677093506,1079,119,61,17.3115825653076,325,210,325,224,12.3819999694824,29.9313488006592,1040.19201660156,25.0599994659424,-16.3080005645752,41.3680000305176,17.1919994354248,-7.28200006484985,-1.81378072113766,-2.34792608359594,0.766001207923756,0.385960011052171,0.0193193290722969,-0.897513789714901,0.415081344976185,-0.0153401654993258,0.0422361204732399,-0.00684929310895277,-71.4941526398015,44.4470942805602
"036","Geometric",6.73266649246216,18.6766662597656,-5.90999984741211,1118,103,76,9.17813205718994,297,244,297,251,12.2086668014526,30.8019638061523,992.501159667969,26.6040000915527,-13.032000541687,39.6360015869141,16.4853324890137,-4.76999998092651,-1.08858747849268,-2.55010823832883,0.889309373516629,1.25379046100371,0.0471354716853952,-0.722754486474647,0.546957994158692,0.109007763769687,0.371892003322525,-0.0467655628992706,-72.3220169996952,43.1761372862039
"036","Population-Weighted",7.07649993896484,19.0799999237061,-5.6966667175293,1098,102,72,9.4077205657959,294,239,293,243,12.3610000610352,30.7885818481445,999.487609863281,27.1200008392334,-13.0279998779297,40.1480026245117,16.9053325653076,-4.51466655731201,-1.04945734154708,-2.35150339635016,0.972858931475597,1.2175697202081,0.1263965510804,-0.675112841145137,0.55268978620454,0.0479016333956662,0.313503391854845,-0.0499345247065048,-72.3788265457655,43.1935988365448
"037","Geometric",6.30066680908203,18.3793334960938,-6.64466667175293,1001,100,63,13.5955619812012,283,202,283,212,12.4526672363281,30.6022472381592,1009.74249267578,26.484001159668,-14.2080001831055,40.6920013427734,18.3793334960938,-5.36266660690308,-1.38026215951983,-1.84347701800942,0.87184319276889,0.873145951164354,-0.0378263517698999,-0.648089324528256,0.631863634237505,0.0406122153357713,0.114948769266682,-0.0113724728251807,-72.1196833023292,43.7026052160603
"037","Population-Weighted",5.99733352661133,18.0779991149902,-6.96399974822998,1058,106,68,12.4777574539185,296,219,296,226,12.1873331069946,30.2235221862793,1010.87176513672,26.003999710083,-14.3199996948242,40.3239974975586,18.0779991149902,-5.68333339691162,-1.41434350661036,-2.24569162944972,0.882235977555811,0.892759704423077,-0.0676278585679536,-0.705644088170218,0.610442080749676,0.0966521666772214,0.170128244190097,0.00682132678072241,-72.1709613008208,43.6761711748664
"038","Geometric",6.75233316421509,18.6753330230713,-5.73466682434082,1200,127,88,10.6553325653076,340,272,292,287,12.5240001678467,31.1170749664307,984.72021484375,26.7719993591309,-13.4759998321533,40.2480010986328,2.27600002288818,-4.63133335113525,-1.09615783227656,-3.30020874026445,-0.000975135370186522,1.58909441405176,0.804656866367041,-0.687832705956371,-0.452473616063316,-0.325850749905865,1.01663640871425,0.0367669702069538,-71.0982712033873,43.5493666812917
"038","Population-Weighted",8.01833343505859,19.6286659240723,-3.98533344268799,1095,114,77,10.9978666305542,309,246,260,252,12.2726669311523,31.4361324310303,950.950378417969,27.7520008087158,-11.2880001068115,39.0400009155273,3.57666683197021,-2.8600001335144,-0.733191546368211,-2.60259085961038,-0.00577010112142247,1.65412013316256,0.539164852220646,-0.27826979087298,-0.342759481530419,-0.422156414036115,0.886911713544318,0.0356507763177999,-71.0093619375039,43.2072355937932
"039","Geometric",8.18933296203613,19.5699996948242,-3.44533324241638,1134,122,83,12.4338665008545,329,254,254,273,11.4119997024536,30.5394992828369,927.541076660156,27.1439990997314,-10.2239999771118,37.3680000305176,3.88933324813843,19.5699996948242,0.0177936053351981,-3.00038534221987,-0.399953405164556,1.95664026263012,0.656566582590206,0.13898943310971,-0.787954644753589,0.588592015307323,-0.229909207573549,0.303340557299634,-70.7468707081188,43.2346447121772
"039","Population-Weighted",8.24216651916504,19.734001159668,-3.54400014877319,1124,120,82,12.3051805496216,325,254,254,268,11.6816663742065,30.8451271057129,937.81640625,27.4680004119873,-10.4040002822876,37.8720016479492,3.85733342170715,19.734001159668,0.00833993285039164,-2.88529821134362,-0.351943862681368,1.98917838435699,0.751465332005529,0.0780429427407736,-0.813664612494814,0.56501514500384,-0.245611042990499,0.288204882529872,-70.7760984410722,43.2369520156686
"040","Geometric",6.96250009536743,18.775333404541,-5.4486665725708,1171,127,84,12.9863767623901,340,258,267,284,12.3730001449585,30.978967666626,976.284912109375,26.6119995117188,-13.3280000686646,39.939998626709,2.53066682815552,17.9166660308838,-0.480033516745436,-3.07613664050871,-0.452831725873149,1.85096159799451,1.08652242376134,-0.3129703612734,-0.881035816305493,0.547648916020015,-0.232269996207161,0.260841781585849,-70.597803531974,43.7759949017804
"040","Population-Weighted",7.34666681289673,19.0319995880127,-4.92666625976562,1157,123,81,13.2073421478271,337,250,253,287,11.6266670227051,29.993465423584,965.373107910156,26.4440002441406,-12.3199996948242,38.7639999389648,2.96666669845581,18.2586669921875,-0.39393077436815,-3.04733816094606,-0.498046297289364,1.83342029699505,0.864650469359794,0.0525635289697859,-0.793515001941688,0.57546101558797,-0.254827493661504,0.228805446661174,-70.4512200360089,43.6973992790174
"041","Geometric",7.83446979522705,19.3772735595703,-4.19924259185791,1154,119,81,13.595627784729,336,247,247,289,10.884090423584,29.0524139404297,949.967590332031,26.3954544067383,-11.0681819915771,37.4636383056641,3.46515154838562,19.3772735595703,-0.225139091395517,-3.09898324562917,-0.489391161349303,1.86237064785337,0.636964416979474,0.372814277686222,-0.768175249573981,0.662241461186259,-0.270547142192958,0.21976019592507,-70.2746258262077,43.6822577722387
"041","Population-Weighted",7.83446979522705,19.3772735595703,-4.19924259185791,1154,119,81,13.595627784729,336,247,247,289,10.884090423584,29.0524139404297,949.967590332031,26.3954544067383,-11.0681819915771,37.4636383056641,3.46515154838562,19.3772735595703,-0.225139091395517,-3.09898324562917,-0.489391161349303,1.86237064785337,0.636964416979474,0.372814277686222,-0.768175249573981,0.662241461186259,-0.270547142192958,0.21976019592507,-70.2846198920463,43.6740377662537
"042","Geometric",5.45383310317993,17.7439994812012,-7.57399988174438,1162,121,75,12.0850343704224,327,248,302,259,11.7596664428711,29.0190181732178,1021.25433349609,25.2479991912842,-15.2760000228882,40.523998260498,0.888666749000549,-6.40733337402344,-1.76066538066501,-3.12724621689859,-0.178881123615126,1.33976396760657,0.491406804500778,-0.419787155791016,-0.620859664304875,-0.468643827279818,0.800811189472719,-0.0780947032714696,-70.5360031609856,44.4408125637118
"042","Population-Weighted",6.64083337783813,18.7866668701172,-6.17733335494995,1137,112,76,10.3783845901489,317,260,269,269,11.4703330993652,28.7361793518066,1004.96527099609,26.2520008087158,-13.6640005111694,39.9160003662109,2.10333347320557,17.8479995727539,-0.805499389965682,-2.97958244739675,-0.380591234316666,1.9987198648429,0.833628737157042,0.0659397357099122,-0.950338703506251,0.52359714054535,-0.371545877803487,0.127335931758477,-70.2911468273923,44.2211771384351
"043","Geometric",7.08316659927368,19.2533340454102,-5.74866676330566,1097,107,71,10.4345445632935,304,248,262,250,11.2656669616699,28.3998851776123,1005.01177978516,26.6520004272461,-13.0159997940063,39.6679992675781,2.52666664123535,-4.49200010299683,-1.33908184936741,-2.73065415369337,0.00249126259343908,1.6136121827881,0.402003206548373,0.0847710390679648,-0.41908868903934,-0.413596050881693,0.818697335170351,-0.0822498839007377,-69.7431147033901,44.3034153728489
"043","Population-Weighted",7.21216678619385,19.3613338470459,-5.58400011062622,1098,107,71,10.6174354553223,304,252,260,252,11.1583337783813,28.2518062591553,1002.94378662109,26.6879997253418,-12.8080005645752,39.4960021972656,2.69066667556763,-4.3526668548584,-1.29720478874307,-2.75569363309304,0.0196744433175699,1.62402669584889,0.38419843301325,0.132211368469143,-0.403948978825775,-0.385434160873817,0.836461530397296,-0.0780553578679472,-69.7506503023098,44.2905046916507
"044","Geometric",5.61450004577637,18.3106670379639,-7.84666681289673,1065,107,67,13.1244783401489,293,215,285,241,12.0050001144409,28.7476043701172,1052.11328125,26.0559997558594,-15.7040004730225,41.7600021362305,0.95333331823349,-6.61333322525024,-1.9316683725483,-2.45879123080995,-0.119446016687499,1.35910199217877,0.582275502500288,-0.23821290208085,-0.629404610653105,-0.565368865109064,0.70492115508004,-0.198372151333515,-68.7568415224916,45.3135280916881
"044","Population-Weighted",6.36066675186157,18.7199993133545,-6.73133325576782,1044,100,68,9.93026065826416,285,226,267,246,11.5706663131714,28.409610748291,1024.86206054688,26.4680004119873,-14.2600002288818,40.7280006408691,1.84933340549469,-5.5479998588562,-1.67239337701388,-2.46313672483119,-0.0702247364372144,1.60864918381802,0.435532283970911,-0.0123825858497624,-0.463727667693732,-0.502958801612289,0.731837316387831,-0.182101218239587,-68.7895703818265,44.9483311815433
"045","Geometric",7.57708358764648,18.6841659545898,-3.97166681289673,1148,121,78,13.4253482818604,335,248,250,285,9.39416694641113,26.6086006164551,914.974548339844,25.1200008392334,-10.1850004196167,35.3050003051758,3.66333317756653,18.1066665649414,-0.332028533526482,-3.39291446279793,-0.609918203668257,1.75475339941735,0.0495738634867079,0.807235728138313,-0.716842389209057,0.677248506663509,-0.273818376252184,0.279584065098923,-69.5684610054004,43.9980462765064
"045","Population-Weighted",7.54980134963989,18.902379989624,-4.26428556442261,1139,119,78,13.0100116729736,330,248,250,279,9.79881000518799,27.0436325073242,934.353149414062,25.5476188659668,-10.6857147216797,36.2333335876465,3.45555567741394,18.2373008728027,-0.384012146024893,-3.26292625382217,-0.537587179595821,1.81464204571698,0.221359568486647,0.698572355869471,-0.761487101599753,0.649941517625941,-0.283591419032211,0.26063392933066,-69.5941278371455,44.0204933124592
"046","Geometric",6.26533317565918,17.9973335266113,-6.41933345794678,1255,135,79,15.8249483108521,375,256,256,332,11.6593332290649,29.6343364715576,984.925842285156,25.4599990844727,-13.8839998245239,39.3439979553223,-3.35866665840149,17.9973335266113,-0.724119213777604,-3.51760243831218,-1.10501702724926,1.68001266337162,1.25027450115073,0.0578938899245144,-1.16444162789242,0.405102592901166,-0.153111075436157,0.128911927585549,-67.869378626316,44.71918136924
"046","Population-Weighted",6.31333351135254,17.9926662445068,-6.06400012969971,1325,145,79,16.3379402160645,399,267,267,353,10.7180004119873,27.870813369751,971.355285644531,25.2040004730225,-13.2519998550415,38.4560012817383,-3.01533317565918,17.9926662445068,-0.646317021865587,-3.96739041989862,-1.06337258184952,1.50773076197652,1.11289748411437,0.331673795598814,-1.15267599594299,0.431588932050187,-0.167080533517341,0.17085537589413,-68.108223898252,44.6133780260348
"047","Geometric",3.4483335018158,16.9613342285156,-11.5426664352417,958,102,49,20.1893463134766,295,174,287,193,12.5026664733887,27.5875263214111,1150.51867675781,24.9599990844727,-20.3599987030029,45.3199996948242,15.9266662597656,-10.28600025177,-2.8436990355502,-1.58544525764211,0.764899006013815,0.281159858865673,0.347799233972605,-0.62892379830104,0.384402971164739,-0.0910365184944489,-0.0299286439532267,-0.131760553009663,-68.3586966184502,46.6060934743535
"047","Population-Weighted",3.74499988555908,17.1259994506836,-10.9013338088989,934,101,48,20.4384288787842,289,172,284,187,11.720666885376,26.8305721282959,1130.93957519531,24.7959995269775,-18.8880004882812,43.6839981079102,16.1153335571289,-9.61733341217041,-2.69486239286173,-1.63045720489636,0.729718201256645,0.295912678259437,0.0370560801602614,-0.32612979927739,0.377921009910751,-0.0541765855903079,-0.0362516299841736,-0.111518725172326,-68.15776896714,46.6407834744414
"048","Geometric",7.03950023651123,18.3339996337891,-4.91400003433228,1229,136,82,15.7245693206787,370,258,258,306,9.64966678619385,26.7422313690186,939.052490234375,24.8719997406006,-11.2119998931885,36.0839996337891,3.00399994850159,18.3339996337891,-0.417445064653502,-3.75498746434759,-0.663690721569209,1.54401964382907,0.352361943447806,0.629463595677184,-0.783831234122381,0.733810324231122,-0.260004708468719,0.340788975490184,-69.1330363546063,44.1873168471997
"048","Population-Weighted",7.03950023651123,18.3339996337891,-4.91400003433228,1229,136,82,15.7245693206787,370,258,258,306,9.64966678619385,26.7422313690186,939.052490234375,24.8719997406006,-11.2119998931885,36.0839996337891,3.00399994850159,18.3339996337891,-0.417445064653502,-3.75498746434759,-0.663690721569209,1.54401964382907,0.352361943447806,0.629463595677184,-0.783831234122381,0.733810324231122,-0.260004708468719,0.340788975490184,-69.1646025551892,44.1784935993856
"049","Geometric",5.50633335113525,17.9926662445068,-7.88866662979126,1082,107,64,14.5956993103027,304,212,304,230,12.4006662368774,29.5535430908203,1044.51184082031,25.7759990692139,-16.1840000152588,41.9599990844727,17.9926662445068,-6.78600025177002,-1.72324332090112,-2.19555289593486,0.93994387147555,0.683111415136355,0.128780873704032,-0.770198040656099,0.562415441880168,0.0624151286879526,0.108072057098503,-0.0587451096835418,-69.9079537004373,44.9699289900007
"049","Population-Weighted",6.50950002670288,18.8959999084473,-6.63266658782959,1057,109,66,12.7222957611084,299,218,271,233,12.1929998397827,29.6262989044189,1026.57360839844,26.7320003509521,-14.423999786377,41.1559982299805,1.9080001115799,-5.40133333206177,-1.56953666911762,-2.33574037641084,-0.0792710346455648,1.38887159200486,0.598094627145203,-0.20679749839773,-0.532562255111454,-0.592157281609561,0.701772390336173,-0.11553688224412,-69.5621151023776,44.6636864892081
"050","Geometric",5.46866655349731,17.558666229248,-7.58333349227905,1109,114,68,12.743558883667,313,231,313,236,12.242000579834,30.1764945983887,1016.01806640625,25.4839992523193,-15.0840005874634,40.568000793457,17.558666229248,-6.33066701889038,-1.53800675734763,-2.52347010926662,0.839392079642028,0.767332260344091,-0.0161490454356816,-0.861321173943953,0.551065189389471,0.0715988901673345,0.158225083889232,0.0123201370491675,-72.4259570861966,43.8600476488682
"050","Population-Weighted",5.6026668548584,17.6606674194336,-7.39466667175293,1100,112,68,12.4777774810791,310,230,310,234,12.2253332138062,30.1979389190674,1012.31420898438,25.6079998016357,-14.8759994506836,40.484001159668,17.6606674194336,-6.13466644287109,-1.49877009230005,-2.47613621611167,0.849418431153797,0.806362859668597,-0.0329928988846612,-0.83232698698842,0.563151969268665,0.0750155305710323,0.160131738204088,0.0120928856637637,-72.3896907610616,43.8108945125781
"051","Geometric",6.4835000038147,18.4353332519531,-6.22933340072632,1167,110,77,9.32966041564941,312,256,312,261,12.2530002593994,30.6631622314453,997.286499023438,26.4440002441406,-13.5159997940063,39.9599990844727,18.4353332519531,-5.11666631698608,-1.10763783679588,-2.77023256347561,1.05573453231939,1.10020465608165,0.0723925215497587,-0.878565993680062,0.660896525796798,0.187994000949965,0.307210717998782,-0.0115649663313356,-72.6469006734205,43.2849087028554
"051","Population-Weighted",6.84566688537598,18.8673324584961,-5.94000005722046,1129,104,73,9.28257656097412,301,247,301,250,12.5033330917358,30.9182319641113,1001.57427978516,27.0279998779297,-13.4119997024536,40.439998626709,16.732666015625,-4.76133346557617,-1.09045989319443,-2.47800362610176,0.977067010749101,1.20243582208586,0.194139769952837,-0.793749059840202,0.534415175601288,0.0506390843777192,0.325450608119186,-0.0554361042010083,-72.576108073194,43.2841100219318
"052","Geometric",6.81983327865601,18.6673336029053,-5.8600001335144,1148,114,73,12.5798711776733,315,237,315,248,11.6990003585815,29.9636306762695,990.432250976562,26.3519992828369,-12.6920003890991,39.0439987182617,18.6673336029053,-4.71066665649414,-1.02322115505619,-2.68606117690023,1.03529186891145,0.866200332277098,-0.132628227123681,-0.612840892445438,0.578463477853847,0.157769606474442,0.234534883586343,0.0133447739516128,-73.1350960269048,43.0247073184149
"052","Population-Weighted",6.99483346939087,18.8606662750244,-5.76666688919067,1114,112,69,13.6314659118652,312,227,312,235,11.7423334121704,29.9641056060791,993.700439453125,26.6000003814697,-12.5880002975464,39.1879997253418,18.8606662750244,-4.57600021362305,-1.01833736887717,-2.47171386592995,1.0528481038108,0.798566773203279,-0.147665091373985,-0.547883872213686,0.553703095468834,0.105758024395262,0.17851460828256,0.0112533277670542,-73.1743370578184,42.9687087973622
"053","Geometric",6.43800020217896,18.207332611084,-5.93133306503296,1276,120,90,8.7429141998291,336,286,330,299,11.8859996795654,30.5082149505615,978.168518066406,26.011999130249,-12.9479999542236,38.9599990844727,11.2273330688477,-4.96399974822998,-1.01710329200296,-3.58087291523133,0.633433372315803,1.39121779270941,0.244112935376294,-0.86519217273733,0.129430395386334,0.0896315599550826,0.713862217672327,-0.0363302800739711,-72.7802211472584,42.9433373525803
"053","Population-Weighted",6.69750022888184,18.4853324890137,-5.70133304595947,1241,116,87,8.7533016204834,328,277,323,290,12.0383329391479,30.656852722168,978.945861816406,26.4120006561279,-12.8559999465942,39.2680015563965,11.4913330078125,-4.69066667556763,-0.986659632500807,-3.3402080377832,0.663623741605919,1.40566890043208,0.273016574883365,-0.822192031336635,0.144351760244089,0.0444296827231915,0.669142065586991,-0.0486976739763128,-72.7258444092778,42.9334606408493
"054","Geometric",6.22800016403198,18.8113327026367,-7.43266677856445,983,112,46,24.6598014831543,315,165,312,168,10.7220001220703,26.6239566802979,1060.52136230469,25.996000289917,-14.2760000228882,40.2719993591309,17.8239994049072,-6.22866678237915,-1.7017172025813,-1.76603121156737,0.974235692594533,0.0156293097506379,-0.396670667867739,0.112271521534654,0.178597181400375,-0.111995905002703,-0.113285920520923,0.00371693502416688,-73.041065749395,44.5925713962048
"054","Population-Weighted",6.78333330154419,19.4659996032715,-6.87333345413208,939,107,43,25.1396179199219,303,156,298,159,10.8173332214355,26.7041912078857,1064.13806152344,26.7800006866455,-13.7279996871948,40.507999420166,18.4246673583984,-5.68533325195312,-1.58174014687007,-1.45715826540442,1.06184288257577,0.0546800023098862,-0.34409959416583,0.243027186916906,0.219417091243581,-0.132770167178059,-0.12875323558966,-0.00539769739735363,-73.1080065649092,44.5234420656978
"056","Geometric",5.34183311462402,17.5473327636719,-7.75133323669434,1109,126,62,18.5155982971191,339,211,339,221,11.3516664505005,28.3905239105225,1024.24145507812,25.0839996337891,-14.8999996185303,39.984001159668,17.5473327636719,-6.62466669082642,-1.61897856790615,-2.63220108628861,0.870907597062598,0.25736168144787,-0.247831682457286,-0.560206958234647,0.317575997212519,0.00353517971374973,0.0257924646297024,0.0600002199641342,-72.6012086080396,44.3526447702692
"056","Population-Weighted",5.34183311462402,17.5473327636719,-7.75133323669434,1109,126,62,18.5155982971191,339,211,339,221,11.3516664505005,28.3905239105225,1024.24145507812,25.0839996337891,-14.8999996185303,39.984001159668,17.5473327636719,-6.62466669082642,-1.61897856790615,-2.63220108628861,0.870907597062598,0.25736168144787,-0.247831682457286,-0.560206958234647,0.317575997212519,0.00353517971374973,0.0257924646297024,0.0600002199641342,-72.5940649546007,44.3399921025812
"057","Geometric",7.05433368682861,19.1566677093506,-5.86199998855591,922,104,52,19.1887111663818,279,172,277,181,11.8800001144409,29.6141185760498,1009.74926757812,27.1240005493164,-12.9919996261597,40.1160011291504,18.076000213623,-4.67533302307129,-1.24899299123657,-1.42981464794907,0.86275975484014,0.547220425476899,-0.195168006614913,-0.185374030340239,0.443998446756351,-0.100493925365357,0.0152788163431785,0.0342049439324109,-73.050854083059,43.6913434065328
"057","Population-Weighted",7.05433368682861,19.1566677093506,-5.86199998855591,922,104,52,19.1887111663818,279,172,277,181,11.8800001144409,29.6141185760498,1009.74926757812,27.1240005493164,-12.9919996261597,40.1160011291504,18.076000213623,-4.67533302307129,-1.24899299123657,-1.42981464794907,0.86275975484014,0.547220425476899,-0.195168006614913,-0.185374030340239,0.443998446756351,-0.100493925365357,0.0152788163431785,0.0342049439324109,-73.0757518989669,43.6744158412699
"058","Geometric",4.28616666793823,16.7586669921875,-9.19200038909912,1215,134,70,17.4806137084961,371,238,371,251,11.335000038147,27.9022254943848,1052.81823730469,24.1439990997314,-16.4799995422363,40.6240005493164,16.7586669921875,-8.08133316040039,-1.91035680622352,-3.29440121221832,0.910838179853505,0.20759334074699,-0.110520739921055,-0.854907246477725,0.23876564856829,0.0839291137935175,0.102323055220436,0.019228514821671,-72.0997446239255,44.6839745985765
"058","Population-Weighted",4.58983325958252,17.0713329315186,-8.89999961853027,1145,127,64,18.4977264404297,353,220,353,233,11.7309999465942,28.5843086242676,1051.96643066406,24.7239990234375,-16.3159999847412,41.0400009155273,17.0713329315186,-7.70466661453247,-1.87002157780904,-2.80062288352954,0.881221808322356,0.211274384516806,-0.0641358858015695,-0.816111165448642,0.277924904309538,0.0149049148854298,0.0440157143355795,0.00433987997467095,-72.1542165998074,44.6151242605483
"059","Geometric",4.63666677474976,17.0820007324219,-8.86600017547607,1060,123,58,21.4384784698486,341,196,341,211,12.1293334960938,29.2724514007568,1049.14196777344,24.8479995727539,-16.5880012512207,41.4360008239746,17.0820007324219,-7.62800025939941,-1.9136505632283,-2.3192705422297,0.777592496816263,0.0908615158164824,-0.0651967324291942,-0.826078373650944,0.252410600538274,-0.0422157666840665,-0.0189488566876602,0.0104490977683001,-71.681188772274,44.7808021293433
"059","Population-Weighted",4.69049978256226,17.0773334503174,-8.65333366394043,1051,122,57,21.0395011901855,335,194,335,210,12.2636661529541,29.6625080108643,1041.03857421875,24.9079990386963,-16.435998916626,41.3439979553223,17.0773334503174,-7.46333312988281,-1.86921706551378,-2.23329729721886,0.73019004272002,0.125133878523129,-0.0638340574101725,-0.844064627622321,0.288638274153294,-0.0622977645250832,-0.0244058639426444,0.0117156081620051,-71.6823820711371,44.6492470849469
"060","Geometric",9.39516639709473,20.8659992218018,-2.52266645431519,1152,106,83,6.76738834381104,303,266,285,273,11.8769998550415,31.407341003418,944.427307128906,28.6000003814697,-9.21599960327148,37.8160018920898,13.9653329849243,-1.49399983882904,-0.157750059475728,-2.75823405877052,0.941419195978489,1.66695334794516,0.196749415976357,-0.350424500803354,0.349076361584533,0.0156102259594581,0.641269227409122,-0.0336373053395594,-72.8165785094811,41.8850079483159
"060","Population-Weighted",10.1296663284302,21.6919994354248,-1.83666670322418,1129,103,81,6.52118730545044,298,262,279,267,11.8346662521362,31.2557220458984,948.912353515625,29.42799949646,-8.43599987030029,37.8639984130859,14.6753330230713,-0.7546666264534,0.0199826971457332,-2.57699663755328,1.09688085477598,1.7062127128506,0.236275774368246,-0.19896457227051,0.365954762728592,-0.0124612311068635,0.614392542098022,-0.044958220670282,-72.7047091247295,41.8070105358789
"061","Geometric",10.4891662597656,22.0893325805664,-1.48000001907349,1146,104,82,6.36502885818481,303,265,286,270,11.7903327941895,31.135347366333,951.404968261719,29.8559989929199,-8.01200008392334,37.8680000305176,15.0093336105347,-0.406000107526779,0.137363889466262,-2.63172346967986,1.21747995403719,1.70693760606127,0.275408104921561,-0.172703479787184,0.33991217136571,-0.0182017126611326,0.614358572141062,-0.0515947363925042,-72.6906157449871,41.742335540284
"061","Population-Weighted",10.4891662597656,22.0893325805664,-1.48000001907349,1146,104,82,6.36502885818481,303,265,286,270,11.7903327941895,31.135347366333,951.404968261719,29.8559989929199,-8.01200008392334,37.8680000305176,15.0093336105347,-0.406000107526779,0.137363889466262,-2.63172346967986,1.21747995403719,1.70693760606127,0.275408104921561,-0.172703479787184,0.33991217136571,-0.0182017126611326,0.614358572141062,-0.0515947363925042,-72.6871999309981,41.7464153248091
"062","Geometric",8.72850036621094,19.7093334197998,-2.75600004196167,1263,118,90,6.46017646789551,338,304,304,306,11.5183334350586,31.5052890777588,913.862365722656,26.9839992523193,-9.57600021362305,36.5599975585938,5.12266635894775,-2.07933354377747,-0.276134208961622,-3.64724999228439,0.221038013623077,1.86476010407922,0.270571253412624,-0.422091198387205,-0.247090546913518,-0.172767793204765,1.01920704176965,-0.0683774360199692,-72.1147783023725,41.8114441968155
"062","Population-Weighted",8.78633308410645,19.783332824707,-2.72466659545898,1258,116,89,6.32991790771484,335,302,303,304,11.6099996566772,31.6763076782227,915.212951660156,27.1040000915527,-9.54800033569336,36.6520004272461,5.14799976348877,-2.0273334980011,-0.267611083879825,-3.57470819161147,0.22810355075236,1.87961397282705,0.286100053197479,-0.431175759207588,-0.245311995998195,-0.191711152297768,1.00666368890415,-0.0883063101765703,-72.1287026585989,41.8024875611168
"063","Geometric",9.66116619110107,20.4366664886475,-1.39133334159851,1244,118,90,8.05904674530029,336,285,291,309,11.0376663208008,31.3285274505615,889.002258300781,27.3959999084473,-7.83599996566772,35.2319984436035,1.41333341598511,17.7813339233398,0.495216866018989,-3.57235502593189,-0.331456530389117,2.26275076658885,0.496970235015832,0.124405877277515,-0.96594221230804,0.385116951099167,0.118745718822302,0.060068045219715,-72.031918924025,41.5013935659157
"063","Population-Weighted",9.90992069244385,20.6849212646484,-1.09761905670166,1234,117,89,8.22174072265625,334,282,288,307,10.8698415756226,30.9808177947998,887.663696289062,27.5904769897461,-7.49523830413818,35.0857162475586,1.67619049549103,18.0293655395508,0.548561767109824,-3.52247881750937,-0.291468337515852,2.25926007782682,0.463608145705186,0.235910314108715,-0.957388426332032,0.384146783810507,0.105902138531855,0.0625789674576397,-72.0534299451641,41.4733162561908
"064","Geometric",10.0694999694824,21.1946678161621,-1.27533328533173,1227,112,90,6.23756408691406,325,293,298,294,10.6789999008179,30.0444507598877,907.974914550781,28.3199996948242,-7.22399997711182,35.5439987182617,8.77666664123535,-0.38333335518837,0.125858215597841,-3.45730087979784,0.667043278376634,1.89445001113361,0.0346764189247081,0.0439566672863367,-0.0858579563784959,-0.0527043052524961,0.921772187507591,-0.0305731505243109,-72.7502755778452,41.4394575597011
"064","Population-Weighted",10.4201669692993,21.6293334960938,-1.01666665077209,1210,111,87,6.77549695968628,324,286,296,286,10.9416666030884,30.4544277191162,913.712890625,28.8479995727539,-7.07999992370605,35.9280014038086,9.22066688537598,-0.0513333864510059,0.207512523384433,-3.25282527067846,0.742728244632933,1.8493731682676,0.119702633863263,0.0383663607252979,-0.0885017283543049,-0.110993985598776,0.871941716123663,-0.0432279602035186,-72.8718525201676,41.432250921927
"065","Geometric",10.6633329391479,21.7679996490479,-0.658666610717773,1193,109,87,6.54344654083252,320,284,291,284,10.7379999160767,30.2854232788086,905.667541503906,28.8080005645752,-6.64799976348877,35.4560012817383,9.42399978637695,-0.658666610717773,0.24880618214444,-3.22262894301493,0.749680621110811,1.87193390278375,0.0140132889323923,0.131580115363271,-0.040566453335906,-0.122917443361518,0.925475089078746,-0.0492163204677731,-72.9479329119129,41.3593711454019
"065","Population-Weighted",10.6633329391479,21.7679996490479,-0.658666610717773,1193,109,87,6.54344654083252,320,284,291,284,10.7379999160767,30.2854232788086,905.667541503906,28.8080005645752,-6.64799976348877,35.4560012817383,9.42399978637695,-0.658666610717773,0.24880618214444,-3.22262894301493,0.749680621110811,1.87193390278375,0.0140132889323923,0.131580115363271,-0.040566453335906,-0.122917443361518,0.925475089078746,-0.0492163204677731,-72.9327706578619,41.3344046622138
"066","Geometric",10.5853328704834,21.656665802002,-0.748666644096375,1228,113,85,8.12120819091797,335,287,294,287,10.4993333816528,29.8887882232666,905.811889648438,28.4479999542236,-6.67999982833862,35.1279983520508,9.35599994659424,-0.748666644096375,0.236403021064724,-3.35539285328042,0.706495465261329,1.72415715787666,-0.0248329994829074,0.196944335120714,-0.0595675840007749,-0.119607353378392,0.910462275782046,-0.0418233740872844,-73.2188659627664,41.2371271802542
"066","Population-Weighted",10.8613328933716,21.9640007019043,-0.480000048875809,1211,112,84,8.13921451568604,331,285,289,285,10.53600025177,29.9624614715576,906.992919921875,28.7560005187988,-6.40799999237061,35.1640014648438,9.63599967956543,-0.480000048875809,0.304995995242319,-3.25438512136962,0.74811160295194,1.74145425918821,-0.000593968099321079,0.24612803550256,-0.0387967465599969,-0.126681295744259,0.905685492629192,-0.0443766737311862,-73.2004500706364,41.2171327100159
"067","Geometric",8.53033351898193,19.7660007476807,-3.24933338165283,1236,113,86,7.26524305343628,324,279,317,281,11.2653331756592,30.6623115539551,931.608703613281,26.9799995422363,-9.76000022888184,36.7399978637695,13.0939998626709,-2.27866673469543,-0.345972834284518,-3.32228417565867,0.803460395543355,1.52089828079553,-0.084048900507759,-0.43668005300664,0.218009127637366,0.0658342813315689,0.634477263073958,-0.0364116456593283,-73.2348399671224,41.6742139997559
"067","Population-Weighted",9.10249996185303,20.3559989929199,-2.63466668128967,1225,112,85,7.09810018539429,320,278,310,281,11.3523330688477,30.8957481384277,928.853576660156,27.6639995574951,-9.07999992370605,36.7439994812012,13.6466665267944,-1.60066676139832,-0.163031365574882,-3.19465887216898,0.891970090213207,1.56011789006005,-0.0191670642689017,-0.367034431024569,0.257559630467795,0.0521728592398543,0.630903398322001,-0.0368277161930407,-73.1293188912158,41.6039569460038
"068","Geometric",9.85366630554199,20.8759994506836,-1.5313333272934,1270,119,85,8.14878940582275,343,288,312,288,10.775333404541,30.281400680542,905.493225097656,27.8959999084473,-7.68800020217896,35.5839996337891,8.74600028991699,-1.5313333272934,0.0579632664673809,-3.5077558189752,0.619859192842544,1.60834905953096,0.00815687057423473,-0.0522955837854852,-0.129838107453391,-0.18470327306792,0.863608582507246,-0.0336551768521942,-73.4513983837327,41.2520061096662
"068","Population-Weighted",10.0236663818359,21.0013332366943,-1.29666662216187,1265,118,85,8.11789703369141,343,288,308,288,10.7266664505005,30.2807884216309,900.969360351562,28.0200004577637,-7.40399980545044,35.423999786377,8.88733291625977,-1.29666662216187,0.117587289289192,-3.48410661543334,0.625042827984381,1.62916113947075,-0.00387732664120953,-0.00803180817431446,-0.109399316112387,-0.175330544934345,0.87126732975465,-0.0282158757065585,-73.4470846265773,41.2115843442294
"069","Geometric",10.7611665725708,21.7606658935547,-0.490666627883911,1257,118,83,8.52614593505859,341,285,305,285,10.8063335418701,30.5022411346436,898.990478515625,28.8279991149902,-6.59999990463257,35.4279975891113,9.5193338394165,-0.490666627883911,0.343172946518101,-3.33501871023549,0.749665268306365,1.62064363690893,0.0615390941051226,0.0783896923970054,-0.104674837639846,-0.212271299844312,0.849917366232703,-0.0313243053848422,-73.557653007136,41.1042256638536
"069","Population-Weighted",11.0133333206177,22.0520000457764,-0.223333284258842,1222,114,81,8.49617004394531,332,277,299,277,10.6873331069946,30.2585887908936,900.444702148438,29.0599994659424,-6.25999975204468,35.3199996948242,9.70466613769531,-0.223333284258842,0.371705836231109,-3.16781754506624,0.779113558544888,1.64943282201118,0.00873815975466301,0.204444768981639,-0.101808522530691,-0.228956071557351,0.822665308966727,-0.045309685999871,-73.5422517862273,41.0755926887877
"070","Geometric",10.8780002593994,21.8886661529541,-0.460000067949295,1293,124,81,10.3376264572144,353,283,341,283,10.9340000152588,30.7307472229004,903.880798339844,28.9680004119873,-6.61199998855591,35.5800018310547,21.2000007629395,-0.460000067949295,0.555340681136834,-3.28279605271025,1.61335386229569,1.0482871654633,-0.22881254476777,-0.268582562448844,0.583410174506637,0.176779131521342,0.404806016575141,0.0326963638067014,-74.2802828522771,40.7604985456135
"070","Population-Weighted",11.8681669235229,23.0733337402344,0.415333390235901,1252,122,78,10.9174089431763,344,272,333,272,10.7356662750244,30.1631450653076,915.039001464844,30.0240001678467,-5.56799983978271,35.5919990539551,22.2919998168945,0.415333390235901,0.7671236536769,-3.01790166375128,1.83965495237567,1.03825356213637,-0.208918327453362,0.00444849256155137,0.592011366406395,0.147059780119304,0.360854327073204,0.0330108916141882,-74.1919350044651,40.7574815261966
"071","Geometric",12.1021661758423,23.3680000305176,0.593333303928375,1248,123,78,11.0320835113525,345,272,334,272,10.7069997787476,30.0420875549316,920.0703125,30.2719993591309,-5.36800003051758,35.6399993896484,22.5906658172607,0.593333303928375,0.822475120443046,-3.00493326098555,1.91327495646613,1.02619319133549,-0.182968127331703,0.0441825424372543,0.588683787682096,0.147000123918521,0.356411583283972,0.0352266998053386,-74.176910108607,40.7397443147006
"071","Population-Weighted",11.8681669235229,23.0733337402344,0.415333390235901,1252,122,78,10.9174089431763,344,272,333,272,10.7356662750244,30.1631450653076,915.039001464844,30.0240001678467,-5.56799983978271,35.5919990539551,22.2919998168945,0.415333390235901,0.7671236536769,-3.01790166375128,1.83965495237567,1.03825356213637,-0.208918327453362,0.00444849256155137,0.592011366406395,0.147059780119304,0.360854327073204,0.0330108916141882,-74.189470918205,40.7500786091369
"072","Geometric",12.0113334655762,23.2013339996338,0.587333261966705,1245,124,77,11.3550567626953,346,271,335,271,10.9473333358765,30.6510620117188,913.821655273438,30.2360000610352,-5.48000001907349,35.7159996032715,22.4479999542236,0.587333261966705,0.834938984437339,-2.95810394366372,1.85526645554674,0.996443565082039,-0.155855102928316,-0.0566166487622196,0.583888374303402,0.118090534222978,0.344498449050989,0.0358095845039488,-74.2156360683214,40.6678712658113
"072","Population-Weighted",12.0113334655762,23.2013339996338,0.587333261966705,1245,124,77,11.3550567626953,346,271,335,271,10.9473333358765,30.6510620117188,913.821655273438,30.2360000610352,-5.48000001907349,35.7159996032715,22.4479999542236,0.587333261966705,0.834938984437339,-2.95810394366372,1.85526645554674,0.996443565082039,-0.155855102928316,-0.0566166487622196,0.583888374303402,0.118090534222978,0.344498449050989,0.0358095845039488,-74.2309359111676,40.6679251022114
"073","Geometric",12.0136671066284,23.1353340148926,0.752000093460083,1222,118,77,10.7476997375488,334,268,323,268,9.77866649627686,28.4826583862305,906.150085449219,29.5920009613037,-4.73999977111816,34.3320007324219,22.4613342285156,0.752000093460083,0.756768757400507,-3.0593685272014,1.8070675805759,1.08427787222088,-0.518570359575715,0.398675102276058,0.623097927593558,0.223105715092864,0.352491994551807,0.0494425271469826,-74.0678389166146,40.7195844101014
"073","Population-Weighted",12.0136671066284,23.1353340148926,0.752000093460083,1222,118,77,10.7476997375488,334,268,323,268,9.77866649627686,28.4826583862305,906.150085449219,29.5920009613037,-4.73999977111816,34.3320007324219,22.4613342285156,0.752000093460083,0.756768757400507,-3.0593685272014,1.8070675805759,1.08427787222088,-0.518570359575715,0.398675102276058,0.623097927593558,0.223105715092864,0.352491994551807,0.0494425271469826,-74.0625020367317,40.7252932799057
"074","Geometric",9.15149974822998,20.1373329162598,-2.31200003623962,1313,123,84,9.79589748382568,352,286,341,286,11.3223333358765,31.2979145050049,909.583312988281,27.4479999542236,-8.72799968719482,36.1759986877441,17.9360008239746,-2.31200003623962,0.0338587328627059,-3.45562170657113,1.1787447127645,1.12553035683303,-0.182784881977726,-0.593858242706619,0.464937832069314,0.140817725914628,0.506693722658558,0.0160666683382967,-74.3919488454725,41.0992454701211
"074","Population-Weighted",10.6271667480469,21.7386665344238,-0.893333315849304,1271,119,79,10.4339017868042,343,275,331,275,11.4543333053589,31.3954982757568,914.090087890625,29.1520004272461,-7.33199977874756,36.484001159668,19.5026664733887,-0.893333315849304,0.41072941368793,-3.04227117688816,1.47368234703169,1.1273766778678,-0.0567127545692236,-0.369863431798887,0.498097007175618,0.0716653585684189,0.443571041211966,-0.00385155680204517,-74.2510439084681,41.0055613694889
"075","Geometric",11.1923332214355,22.4186668395996,-0.361999988555908,1268,119,78,10.6841602325439,343,274,331,274,11.1579999923706,30.8163948059082,920.325927734375,29.6560001373291,-6.55200004577637,36.2080001831055,21.6633338928223,-0.361999988555908,0.573344261911076,-2.99718109257446,1.71578426708789,1.06548722047247,-0.117951819427162,-0.208218642771918,0.609781515936301,0.136538094701491,0.380591633762373,0.00310715474207808,-74.1808387730487,40.9316677532208
"075","Population-Weighted",11.1923332214355,22.4186668395996,-0.361999988555908,1268,119,78,10.6841602325439,343,274,331,274,11.1579999923706,30.8163948059082,920.325927734375,29.6560001373291,-6.55200004577637,36.2080001831055,21.6633338928223,-0.361999988555908,0.573344261911076,-2.99718109257446,1.71578426708789,1.06548722047247,-0.117951819427162,-0.208218642771918,0.609781515936301,0.136538094701491,0.380591633762373,0.00310715474207808,-74.1703560470508,40.9243786980069
"076","Geometric",11.6963329315186,22.9306659698486,0.252666711807251,1208,113,75,10.4038791656494,326,263,315,263,10.7880001068115,30.2218742370605,915.378662109375,30.007999420166,-5.6879997253418,35.6959991455078,22.1526660919189,0.252666711807251,0.664750237420911,-2.74945467058674,1.74825086873768,1.13803797630452,-0.252780697552799,0.0750523616795016,0.660109437877233,0.137882423030543,0.350184871665161,0.00224623716957451,-74.0101219458453,40.942941645456
"076","Population-Weighted",11.6963329315186,22.9306659698486,0.252666711807251,1208,113,75,10.4038791656494,326,263,315,263,10.7880001068115,30.2218742370605,915.378662109375,30.007999420166,-5.6879997253418,35.6959991455078,22.1526660919189,0.252666711807251,0.664750237420911,-2.74945467058674,1.74825086873768,1.13803797630452,-0.252780697552799,0.0750523616795016,0.660109437877233,0.137882423030543,0.350184871665161,0.00224623716957451,-74.0256895965782,40.9207906898861
"077","Geometric",11.4678335189819,22.2180004119873,0.513333261013031,1193,117,80,10.2569389343262,330,272,321,272,10.4010000228882,30.4051685333252,878.79638671875,28.8080005645752,-5.40000009536743,34.2080001831055,21.6873340606689,0.513333261013031,0.708763868832559,-3.04590350041849,1.54068019070599,1.17525798170567,-0.532052948796826,0.0321361373196832,0.656234236284553,0.261351237304758,0.410321863706097,0.0475593302324848,-74.170345671178,40.2843778088164
"077","Population-Weighted",11.4589996337891,22.1219997406006,0.591333389282227,1196,118,81,10.0979804992676,330,274,320,274,10.1919994354248,30.0613498687744,872.280822753906,28.6079998016357,-5.2960000038147,33.9039993286133,21.6246662139893,0.591333389282227,0.710289567330764,-3.12587153609229,1.51501526202215,1.18904364856333,-0.596130498067512,0.087604297125993,0.663020005291022,0.290817576544941,0.423164903131918,0.0694045943326449,-74.1597606332311,40.2864187616236
"078","Geometric",9.38799953460693,20.4853324890137,-2.24866652488708,1192,116,75,12.7872648239136,339,251,337,251,12.3653335571289,33.1545829772949,920.389770507812,28.2959995269775,-9,37.2959976196289,18.28733253479,-2.24866652488708,0.0421269977895626,-2.67707845366349,1.17703483987249,0.966654628503472,-0.0492947337079469,-0.778745465826866,0.391564368916275,-0.037781367821063,0.371104780191727,-0.0275924299709534,-74.800050579696,40.9748738506364
"078","Population-Weighted",9.24183368682861,20.1973342895508,-2.27400016784668,1269,121,81,11.1994466781616,353,272,348,272,11.7876663208008,32.309139251709,910.3818359375,27.6800003051758,-8.80399990081787,36.484001159668,18.0139999389648,-2.27400016784668,0.0605672872168753,-3.19268793045552,1.17447451434975,1.02831886039876,-0.153056278314527,-0.733595737988328,0.396417429952538,0.0594376598204707,0.442696205944648,-0.0123616674323538,-74.7039899415807,40.9346249267544
"079","Geometric",10.2316665649414,21.1153335571289,-1.06533336639404,1290,128,80,11.3935165405273,358,279,351,279,11.7873334884644,32.594108581543,897.174255371094,28.6399993896484,-7.52400016784668,36.1640014648438,18.8753337860107,-1.06533336639404,0.43900795516791,-3.21667704232098,1.33681654921516,0.990357365233245,-0.0704334222966309,-0.651861774325488,0.407036887561527,0.0262499661030414,0.431523493124419,0.0178898352123587,-74.545741794666,40.7425566279689
"079","Population-Weighted",10.6038331985474,21.6140003204346,-0.792666792869568,1279,126,79,11.3527717590332,354,276,345,276,11.8576669692993,32.5259666442871,905.723510742188,29.1480007171631,-7.30800008773804,36.4560012817383,19.3786659240723,-0.792666792869568,0.507501163606144,-3.08481966841885,1.44011427526971,1.01209954688322,0.000830357977448376,-0.585907670026311,0.435541200687433,0.0171430895177949,0.422794807077052,0.0098752593905514,-74.4831542928627,40.7526634869192
"080","Geometric",12.010666847229,22.6840000152588,1.1306666135788,1158,119,75,12.1473627090454,324,263,320,263,11.4946670532227,32.9700164794922,872.29052734375,29.8519992828369,-5.01200008392334,34.8639984130859,22.0879993438721,1.1306666135788,0.970094526745992,-2.62022034227707,1.55015006068755,1.08476378141839,-0.291752953108326,-0.25476702536003,0.643167686560159,0.132747796079727,0.369648380310708,0.0218955608798227,-74.8606924773257,39.7666365789993
"080","Population-Weighted",12.3474998474121,23.1520004272461,1.32599985599518,1169,119,74,12.7091035842896,332,260,327,260,11.4356670379639,32.5394554138184,883.812133789062,30.3199996948242,-4.82400035858154,35.1440010070801,22.5013332366943,1.32599985599518,1.0266054588269,-2.5985265616828,1.69659600597094,1.0187088196869,-0.238614789962454,-0.186088334632066,0.597063792601426,0.100528613360637,0.333853307724154,0.0102840326901436,-74.9430004325466,39.8408329523237
"081","Geometric",12.7886667251587,23.7819995880127,1.55666661262512,1145,115,72,13.2117547988892,328,252,321,252,11.2893333435059,31.9702453613281,900.2353515625,30.8400001525879,-4.47200012207031,35.3120002746582,23.0646667480469,1.55666661262512,1.06564324974745,-2.42514849940736,1.83155828798359,1.01232383309272,-0.222634393955933,-0.00889192171787368,0.60009475488301,0.0918592040499057,0.310013112524485,-0.01054586181933,-75.0774818807065,39.9423110667166
"081","Population-Weighted",12.7886667251587,23.7819995880127,1.55666661262512,1145,115,72,13.2117547988892,328,252,321,252,11.2893333435059,31.9702453613281,900.2353515625,30.8400001525879,-4.47200012207031,35.3120002746582,23.0646667480469,1.55666661262512,1.06564324974745,-2.42514849940736,1.83155828798359,1.01232383309272,-0.222634393955933,-0.00889192171787368,0.60009475488301,0.0918592040499057,0.310013112524485,-0.01054586181933,-75.0770521113571,39.9364850770209
"082","Geometric",12.5731887817383,22.966667175293,2.17536211013794,1047,110,75,11.2396488189697,283,243,277,252,10.3543472290039,31.3809471130371,847.009399414062,29.2826080322266,-3.7130434513092,32.9956512451172,22.5666675567627,14.1159420013428,1.34531502632847,-2.35834919564011,1.23100131753279,1.50427153167687,-0.56647024420945,0.441692475300283,0.537886224064507,0.747930102313911,-0.269556766528368,0.176492094764617,-74.6789485639715,39.3277217576633
"082","Population-Weighted",12.5770835876465,22.9527778625488,2.21481490135193,1044,110,74,11.5684032440186,282,241,276,252,10.1458339691162,30.979642868042,845.847045898438,29.1444454193115,-3.60555553436279,32.75,22.5861110687256,14.1870374679565,1.33309719108611,-2.36777949016083,1.21402489187447,1.47783045087929,-0.629137425724757,0.529689710135947,0.537595345439959,0.757661183175709,-0.285488963450257,0.176279145498111,-74.6424232795431,39.3216465342592
"083","Geometric",12.6476669311523,23.3586673736572,1.74600005149841,1089,107,78,9.60483837127686,296,255,287,258,11.1260004043579,32.2380638122559,875.475158691406,30.1840000152588,-4.32800006866455,34.5120010375977,22.7613334655762,13.981333732605,1.35287243282847,-2.36926886540403,1.44478175709366,1.60138231404204,-0.20611831828465,0.151486765783726,0.518757188250459,0.709685652276237,-0.246480252917113,0.124612527663831,-75.048118210575,39.4379654199424
"083","Population-Weighted",12.603666305542,23.3866672515869,1.63333344459534,1097,109,78,9.82510185241699,300,257,292,258,11.1753330230713,32.2241439819336,880.846740722656,30.2320003509521,-4.44799995422363,34.6800003051758,22.7706661224365,13.9366664886475,1.34255893882505,-2.4050803541084,1.47773423507124,1.5666755588052,-0.170104445805075,0.118000825738223,0.491520513925985,0.700445699260058,-0.255098524811493,0.12959182512779,-75.0057118028656,39.4834262190053
"084","Geometric",12.5235290527344,22.8333339691162,2.24509787559509,1051,112,73,12.712347984314,283,240,277,254,9.34803867340088,29.2287406921387,842.1767578125,28.6294116973877,-3.35294127464294,31.9823532104492,22.5715675354004,14.3578433990479,1.27070898748269,-2.52800287685166,1.18985340528299,1.39688275532694,-0.833888707245245,0.817282893046115,0.510035693423701,0.824415936075663,-0.308306446376074,0.210705942665959,-74.4691213747644,39.3625056007524
"084","Population-Weighted",12.5235290527344,22.8333339691162,2.24509787559509,1051,112,73,12.712347984314,283,240,277,254,9.34803867340088,29.2287406921387,842.1767578125,28.6294116973877,-3.35294127464294,31.9823532104492,22.5715675354004,14.3578433990479,1.27070898748269,-2.52800287685166,1.18985340528299,1.39688275532694,-0.833888707245245,0.817282893046115,0.510035693423701,0.824415936075663,-0.308306446376074,0.210705942665959,-74.4647805560276,39.3609802052606
"085","Geometric",11.6943330764771,22.6326675415039,0.508666694164276,1199,122,73,12.860821723938,343,261,338,261,11.6593332290649,32.5971069335938,894.618041992188,30.0480003356934,-5.71999979019165,35.7680015563965,21.957332611084,0.508666694164276,0.839371458269845,-2.68746785209282,1.65100952438018,0.918993062527467,-0.155589758395847,-0.34428395766659,0.545334933382141,0.0358721682386438,0.299360208732891,0.00562060568519401,-74.6254878869728,40.2535811540507
"085","Population-Weighted",11.6708335876465,22.5960006713867,0.491999953985214,1198,121,73,12.7133121490479,342,262,337,262,11.5310001373291,32.3686294555664,894.055114746094,29.92799949646,-5.69600009918213,35.6240005493164,21.9326667785645,0.491999953985214,0.821137771911479,-2.71152239831839,1.64101696148776,0.934375123683414,-0.195056273185839,-0.302026523667005,0.5523763834013,0.0524782684608237,0.302730455635452,-0.000688519017181369,-74.5938597301051,40.2469343900587
"086","Geometric",12.1451663970947,23.1106662750244,0.981333255767822,1187,119,73,12.6125183105469,338,260,334,260,11.6830005645752,32.6925239562988,895.499755859375,30.507999420166,-5.22800016403198,35.7360000610352,22.4206657409668,0.981333255767822,0.962239384712919,-2.58870484372719,1.73939788545971,0.977575876151704,-0.132239191242931,-0.285436461070261,0.568305089022116,0.045845481449513,0.305591110159827,-0.0122713880718942,-74.6766300601413,40.2049730112134
"086","Population-Weighted",12.2536668777466,23.3626670837402,0.940666675567627,1190,120,72,12.8473892211914,339,259,335,259,11.8759994506836,32.824764251709,907.01513671875,30.8319988250732,-5.34800004959106,36.1800003051758,22.6166667938232,0.940666675567627,0.972602402673704,-2.52539994982537,1.80999461487974,0.945758859282844,-0.0292838102414483,-0.315623985451675,0.562039900722783,0.0146280691795004,0.291568709790278,-0.0203664798678821,-74.7088715681371,40.2167491723334
"087","Geometric",11.8229999542236,22.503999710083,1.05533337593079,1129,115,80,10.0222187042236,306,266,302,266,11.039999961853,31.9555397033691,870.980529785156,29.3880004882812,-5.15999984741211,34.5480003356934,22.0226669311523,1.05533337593079,0.850723099180531,-2.69306906639982,1.50821636276054,1.30507947519776,-0.41326952615509,-0.092734636144749,0.743667795990795,0.26511272176344,0.446742589940543,0.0651088645577836,-74.2601514631282,39.9596030494294
"087","Population-Weighted",12.1123332977295,22.8173332214355,1.27066659927368,1140,116,82,9.83208179473877,309,269,303,269,10.724666595459,31.2126502990723,874.557312011719,29.5,-4.8600001335144,34.3600006103516,22.3373336791992,1.27066659927368,0.901146201569509,-2.79872068150663,1.6046252501156,1.32183299169148,-0.439961578401912,0.0319412973669129,0.743297519273612,0.308371390294396,0.466863708590365,0.0822117711478729,-74.199929843184,40.016531818158
"088","Geometric",10.8514995574951,21.9446678161621,-0.537333309650421,1235,125,75,12.2307186126709,348,268,341,268,12.3070001602173,33.4465675354004,908.748718261719,29.7240009307861,-7.07200002670288,36.7960014343262,19.6373329162598,-0.537333309650421,0.598543199416355,-2.79296588386144,1.45746087950892,0.970862548416926,0.096756261960672,-0.647753973983585,0.434524244340826,-0.0557116801978003,0.3832967165546,-0.00781199860659184,-74.7302871777295,40.5478724282138
"088","Population-Weighted",11.5013332366943,22.6040000915527,0.096666693687439,1238,129,75,12.865650177002,352,269,344,269,11.8746671676636,32.5690231323242,910.836791992188,30.1720008850098,-6.28800010681152,36.4599990844727,21.9406661987305,0.096666693687439,0.783012500641384,-2.83679034260734,1.71942482315876,0.866348639789829,0.0189162799151835,-0.462012471282929,0.536534035041074,0.0310332764880523,0.322162947433577,0.0372885818282889,-74.5332714860166,40.5128461278828
"089","Geometric",11.7016668319702,22.7853336334229,0.308666616678238,1238,128,76,12.6290397644043,352,271,343,271,11.6766662597656,32.2595481872559,909.212341308594,30.2119998931885,-5.98400020599365,36.1959991455078,22.1093330383301,0.308666616678238,0.832384246622131,-2.878949658353,1.75627056746477,0.900841538002273,-0.0226516915485531,-0.381954221419358,0.54564791916429,0.0629892297096316,0.338441695963252,0.0346658733675366,-74.4682275939914,40.4593815705242
"089","Population-Weighted",11.8094997406006,22.8546657562256,0.45866659283638,1234,128,76,12.6629257202148,350,271,341,271,11.5316667556763,32.0430908203125,906.14453125,30.1919994354248,-5.7960000038147,35.9879989624023,22.1846656799316,0.45866659283638,0.857961637990843,-2.88682823195898,1.758420177502,0.909594620728635,-0.0641883952768879,-0.317787514186591,0.552664701319288,0.0789987992822915,0.341842598772231,0.0414515376349111,-74.4581646237118,40.4761031139424
"100","Geometric",12.1696176528931,23.0618057250977,1.23333334922791,1210,114,77,10.2295198440552,327,268,316,268,9.21979141235352,27.6351947784424,886.184753417969,29.3208332061768,-4.04166650772095,33.3624992370605,22.4458332061768,1.23333334922791,0.8082586722903,-3.10408550199932,1.74525168937544,1.16412633950034,-0.732745858484844,0.615894107475288,0.652262514067459,0.277951880574748,0.359481396274256,0.0643495127479017,-73.9669865776485,40.7814145650409
"100","Population-Weighted",12.1696176528931,23.0618057250977,1.23333334922791,1210,114,77,10.2295198440552,327,268,316,268,9.21979141235352,27.6351947784424,886.184753417969,29.3208332061768,-4.04166650772095,33.3624992370605,22.4458332061768,1.23333334922791,0.8082586722903,-3.10408550199932,1.74525168937544,1.16412633950034,-0.732745858484844,0.615894107475288,0.652262514067459,0.277951880574748,0.359481396274256,0.0643495127479017,-73.965459432796,40.780837724282
"101","Geometric",12.1970586776733,23.1941184997559,1.16078424453735,1185,112,76,10.3843126296997,320,263,311,263,9.23823547363281,27.5913562774658,894.029541015625,29.4117641448975,-4.07058811187744,33.4823532104492,22.5617637634277,1.16078424453735,0.776713388941268,-2.98448642691821,1.76111365742278,1.1752008317459,-0.73189467461638,0.657356305455482,0.66292229896443,0.275724379409265,0.352716600434492,0.0543230970431775,-73.9478885246453,40.7808490469615
"101","Population-Weighted",12.1970586776733,23.1941184997559,1.16078424453735,1185,112,76,10.3843126296997,320,263,311,263,9.23823547363281,27.5913562774658,894.029541015625,29.4117641448975,-4.07058811187744,33.4823532104492,22.5617637634277,1.16078424453735,0.776713388941268,-2.98448642691821,1.76111365742278,1.1752008317459,-0.73189467461638,0.657356305455482,0.66292229896443,0.275724379409265,0.352716600434492,0.0543230970431775,-73.95061767166,40.7792642442909
"102","Geometric",12.1702899932861,23.1565208435059,1.11376810073853,1204,115,77,10.3358211517334,327,267,317,267,9.43333339691162,27.9740409851074,893.576477050781,29.4869556427002,-4.23478269577026,33.721736907959,22.517391204834,1.11376810073853,0.801171373361992,-3.05317719100096,1.77666906794083,1.14998261928922,-0.65547691731743,0.547376352189472,0.647490345944595,0.259872837825922,0.358005360882889,0.0595717412171222,-74.0155386880841,40.7158090678572
"102","Population-Weighted",12.1702899932861,23.1565208435059,1.11376810073853,1204,115,77,10.3358211517334,327,267,317,267,9.43333339691162,27.9740409851074,893.576477050781,29.4869556427002,-4.23478269577026,33.721736907959,22.517391204834,1.11376810073853,0.801171373361992,-3.05317719100096,1.77666906794083,1.14998261928922,-0.65547691731743,0.547376352189472,0.647490345944595,0.259872837825922,0.358005360882889,0.0595717412171222,-74.0156177044866,40.7156835388858
"103","Geometric",11.7806663513184,22.757999420166,0.655333459377289,1218,120,78,10.9393339157104,338,271,326,271,10.1106662750244,29.3675689697266,894.871154785156,29.2919998168945,-5.13599967956543,34.4280014038086,22.1380004882812,0.655333459377289,0.746993841857161,-3.08469552851183,1.7059679197316,1.07333323077168,-0.485710292677308,0.206833979673263,0.618478334415714,0.226286136381658,0.367909508123801,0.0571191939975555,-74.1529985690909,40.5807528949081
"103","Population-Weighted",11.8746662139893,22.8099994659424,0.805333256721497,1230,121,78,10.8022603988647,340,273,329,273,10.0326662063599,29.3249931335449,891.969665527344,29.3239994049072,-4.88800001144409,34.2119979858398,22.2026672363281,0.805333256721497,0.796384583632229,-3.13615456751844,1.72011105079317,1.06622769349181,-0.507091445323561,0.225398884487942,0.613017310270709,0.221730721076271,0.362193802580371,0.0551291039744577,-74.1380893003828,40.5882181804938
"104","Geometric",11.8540000915527,23.0419998168945,0.586000025272369,1161,108,75,10.1473045349121,312,258,303,258,9.95333290100098,28.7901573181152,908.970153808594,29.6840000152588,-4.88800001144409,34.5719985961914,10.5006666183472,0.586000025272369,0.500633481671585,-2.88624607230878,0.974128254580528,1.58826363527117,-0.231324596489687,0.644700491839931,-0.198687285463204,-0.257967558505093,0.725201772220703,-0.0959659775240182,-73.8681534994346,40.8498649856961
"104","Population-Weighted",11.9066667556763,23.0540008544922,0.666000008583069,1181,110,75,10.3601102828979,318,261,309,261,9.89266681671143,28.6710720062256,906.922119140625,29.6760005950928,-4.82800006866455,34.5040016174316,10.5459995269775,0.666000008583069,0.530797773085276,-2.96987670288564,0.996283889078487,1.54829596688289,-0.232607080288675,0.641555326655472,-0.219781393195327,-0.261677093966611,0.716235440482877,-0.0945258657961753,-73.8821449255311,40.8494199752433
"105","Geometric",10.0384998321533,21.238000869751,-1.53933334350586,1267,120,79,10.2813959121704,338,274,326,274,11.3336668014526,31.0681648254395,919.467468261719,28.6480007171631,-7.83200025558472,36.4799995422363,20.4726676940918,-1.53933334350586,0.244132666448957,-3.06422935226229,1.45807094251956,1.07980473900682,-0.141638187245852,-0.386157297633694,0.624301206772618,0.14146976995565,0.408508906661219,0.0294997867342937,-73.7549489875621,41.2668642330884
"105","Population-Weighted",10.3946666717529,21.5006675720215,-0.996666729450226,1258,118,80,9.72676372528076,336,275,319,275,10.9873332977295,30.6326904296875,909.000732421875,28.7520008087158,-7.11600017547607,35.8680000305176,9.19000053405762,-0.996666729450226,0.206839136725199,-3.2335921563118,0.745042781984404,1.50749725876591,0.0579701925690808,-0.0166484807490978,-0.210828130188699,-0.289380120375011,0.782773453825706,-0.0665950777283537,-73.7767173776204,41.128770192391
"106","Geometric",11.1458330154419,22.2773342132568,-0.160000011324883,1201,112,77,9.77028179168701,324,265,304,265,10.9750003814697,30.7664279937744,907.260070800781,29.5279998779297,-6.14400005340576,35.6720008850098,9.85066699981689,-0.160000011324883,0.397810868932634,-2.91599355987549,0.826052221974771,1.57337404536105,0.0471339993611089,0.165647657484583,-0.164159794911441,-0.311684430795593,0.761012655967545,-0.0822860793918593,-73.7590747132155,41.0390669868867
"106","Population-Weighted",11.1458330154419,22.2773342132568,-0.160000011324883,1201,112,77,9.77028179168701,324,265,304,265,10.9750003814697,30.7664279937744,907.260070800781,29.5279998779297,-6.14400005340576,35.6720008850098,9.85066699981689,-0.160000011324883,0.397810868932634,-2.91599355987549,0.826052221974771,1.57337404536105,0.0471339993611089,0.165647657484583,-0.164159794911441,-0.311684430795593,0.761012655967545,-0.0822860793918593,-73.7685358075565,41.0388388507074
"107","Geometric",11.5115003585815,22.67799949646,0.223333358764648,1184,110,76,9.87098598480225,318,262,304,262,10.646333694458,30.1356811523438,909.018493652344,29.7600002288818,-5.56799983978271,35.3279991149902,10.1586666107178,0.223333358764648,0.467311510929262,-2.87115303182164,0.906592738374049,1.58871233376197,-0.0355311314615482,0.341726324561519,-0.181510445168021,-0.30133584673454,0.745063856533125,-0.0956592199989693,-73.8620999484669,40.9519465492904
"107","Population-Weighted",11.5115003585815,22.67799949646,0.223333358764648,1184,110,76,9.87098598480225,318,262,304,262,10.646333694458,30.1356811523438,909.018493652344,29.7600002288818,-5.56799983978271,35.3279991149902,10.1586666107178,0.223333358764648,0.467311510929262,-2.87115303182164,0.906592738374049,1.58871233376197,-0.0355311314615482,0.341726324561519,-0.181510445168021,-0.30133584673454,0.745063856533125,-0.0956592199989693,-73.8632475556339,40.9439128502566
"108","Geometric",11.3004999160767,22.3859996795654,0.144000008702278,1155,107,75,9.88358116149902,313,257,294,257,10.4903335571289,30.0101070404053,900.034301757812,29.3680000305176,-5.58799982070923,34.9560012817383,9.92266654968262,0.144000008702278,0.400708227071431,-2.80209979449601,0.785117125926064,1.61241939106369,-0.148147426505637,0.410523786990355,-0.147343278585492,-0.284786953870807,0.74299600437704,-0.08424661058029,-73.7888779843198,40.9231199933975
"108","Population-Weighted",11.3004999160767,22.3859996795654,0.144000008702278,1155,107,75,9.88358116149902,313,257,294,257,10.4903335571289,30.0101070404053,900.034301757812,29.3680000305176,-5.58799982070923,34.9560012817383,9.92266654968262,0.144000008702278,0.400708227071431,-2.80209979449601,0.785117125926064,1.61241939106369,-0.148147426505637,0.410523786990355,-0.147343278585492,-0.284786953870807,0.74299600437704,-0.08424661058029,-73.7893393303096,40.9219189369449
"109","Geometric",9.55516624450684,20.8366661071777,-2.20599985122681,1267,121,79,10.685962677002,347,272,333,272,11.3803329467773,30.9382705688477,930.156372070312,28.1879997253418,-8.5959997177124,36.7840003967285,18.6473331451416,-2.20599985122681,0.047739591538167,-3.14019289960837,1.3208618020894,1.04757778917808,-0.102309578485984,-0.441489453483719,0.472183615203404,0.0686086626439769,0.433564008569424,0.00987171775602568,-74.229459878663,41.2985218555905
"109","Population-Weighted",9.1676664352417,20.1986675262451,-2.33999991416931,1324,125,84,9.87900257110596,354,288,341,288,10.7213335037231,30.0958156585693,912.005920410156,27.2000007629395,-8.42399978637695,35.6240005493164,17.9946670532227,-2.33999991416931,0.00521502704407206,-3.60300144199591,1.20126394403321,1.09462266583269,-0.309892797491448,-0.377570479016053,0.461018676428935,0.175608577410671,0.505509591883727,0.0351965899606079,-74.1224166880393,41.2249398986846
"110","Geometric",11.5896663665771,22.4313335418701,0.616000056266785,1104,112,75,11.5809993743896,297,256,281,256,9.02600002288818,27.2952709197998,884.483642578125,28.4559993743896,-4.61199998855591,33.068000793457,10.0939998626709,0.616000056266785,0.391846327806015,-2.97658729480425,0.715541710608214,1.5763883430969,-0.585706210930813,0.983231925584986,-0.133483107086538,-0.111382344263253,0.779332547478046,0.0223375743793837,-73.7022361980465,40.7745819559317
"110","Population-Weighted",11.9278335571289,22.8959999084473,0.818000018596649,1094,113,73,12.2388916015625,295,254,280,254,9.06166648864746,27.2089443206787,894.236877441406,28.8759994506836,-4.42799997329712,33.3040008544922,10.5206670761108,0.818000018596649,0.454998182648267,-2.8777829775306,0.812350856286043,1.53294446287048,-0.5238216349775,1.04461815494846,-0.136574476608106,-0.130012307607776,0.759865559490077,0.0137931308552579,-73.7009715693819,40.7365185792509
"111","Geometric",12.1970586776733,23.1941184997559,1.16078424453735,1185,112,76,10.3843126296997,320,263,311,263,9.23823547363281,27.5913562774658,894.029541015625,29.4117641448975,-4.07058811187744,33.4823532104492,22.5617637634277,1.16078424453735,0.776713388941268,-2.98448642691821,1.76111365742278,1.1752008317459,-0.73189467461638,0.657356305455482,0.66292229896443,0.275724379409265,0.352716600434492,0.0543230970431775,-73.9262437548325,40.7609644531449
"111","Population-Weighted",12.1970586776733,23.1941184997559,1.16078424453735,1185,112,76,10.3843126296997,320,263,311,263,9.23823547363281,27.5913562774658,894.029541015625,29.4117641448975,-4.07058811187744,33.4823532104492,22.5617637634277,1.16078424453735,0.776713388941268,-2.98448642691821,1.76111365742278,1.1752008317459,-0.73189467461638,0.657356305455482,0.66292229896443,0.275724379409265,0.352716600434492,0.0543230970431775,-73.9262368248982,40.7607624948006
"112","Geometric",12.2138338088989,23.3906669616699,0.917333364486694,1176,112,77,10.5061101913452,321,264,311,264,9.16899967193604,27.169017791748,909.65673828125,29.4479999542236,-4.30000019073486,33.7480010986328,22.7153339385986,0.917333364486694,0.718644838256913,-3.00017610773563,1.83521836693634,1.17520746490034,-0.693889637557815,0.696611523292551,0.659897828203586,0.30547280199275,0.37111488910201,0.0487015079321646,-73.947777281644,40.6458554373909
"112","Population-Weighted",12.2138338088989,23.3906669616699,0.917333364486694,1176,112,77,10.5061101913452,321,264,311,264,9.16899967193604,27.169017791748,909.65673828125,29.4479999542236,-4.30000019073486,33.7480010986328,22.7153339385986,0.917333364486694,0.718644838256913,-3.00017610773563,1.83521836693634,1.17520746490034,-0.693889637557815,0.696611523292551,0.659897828203586,0.30547280199275,0.37111488910201,0.0487015079321646,-73.9539436085992,40.6555298994866
"113","Geometric",12.1941661834717,23.2653331756592,1.03066670894623,1141,110,76,10.5154867172241,310,258,301,258,9.14099979400635,27.2702865600586,900.601013183594,29.3559989929199,-4.16400003433228,33.5200004577637,22.6133327484131,1.03066670894623,0.710682085590511,-2.87036208710398,1.75254665322423,1.2143523138661,-0.763750869901942,0.745135393832034,0.689630231335279,0.309232538445114,0.369964950373913,0.0673148598556064,-73.8351071735101,40.74937575228
"113","Population-Weighted",12.1941661834717,23.2653331756592,1.03066670894623,1141,110,76,10.5154867172241,310,258,301,258,9.14099979400635,27.2702865600586,900.601013183594,29.3559989929199,-4.16400003433228,33.5200004577637,22.6133327484131,1.03066670894623,0.710682085590511,-2.87036208710398,1.75254665322423,1.2143523138661,-0.763750869901942,0.745135393832034,0.689630231335279,0.309232538445114,0.369964950373913,0.0673148598556064,-73.8498597633474,40.7426794703143
"114","Geometric",12.2671661376953,23.292667388916,1.10733330249786,1110,112,77,11.2218408584595,299,255,289,255,9.09166622161865,27.2107830047607,898.328552246094,29.2479991912842,-4.16400003433228,33.4119987487793,22.6726665496826,1.10733330249786,0.70770857184868,-2.79815011090134,1.7096982634932,1.23383865808646,-0.785878509691471,0.802197816795059,0.725771701996984,0.363925513660672,0.411544184755007,0.117900206476143,-73.7846134619184,40.6835493572043
"114","Population-Weighted",12.2671661376953,23.292667388916,1.10733330249786,1110,112,77,11.2218408584595,299,255,289,255,9.09166622161865,27.2107830047607,898.328552246094,29.2479991912842,-4.16400003433228,33.4119987487793,22.6726665496826,1.10733330249786,0.70770857184868,-2.79815011090134,1.7096982634932,1.23383865808646,-0.785878509691471,0.802197816795059,0.725771701996984,0.363925513660672,0.411544184755007,0.117900206476143,-73.790235491828,40.6935639059112
"115","Geometric",11.8326663970947,22.8193340301514,0.711333334445953,1067,114,68,13.9266777038574,289,249,270,252,8.96866703033447,27.0042953491211,895.325561523438,28.7000007629395,-4.51200008392334,33.2120018005371,10.4060001373291,20.343334197998,0.914547329375919,-2.72402012005695,0.43786582161233,1.76957618901887,-0.276241318126348,1.30987566967535,-0.580191046204234,0.611301378340219,-0.355061746351109,0.184266802983576,-73.6237829907286,40.7254322769364
"115","Population-Weighted",12.0129995346069,22.953332901001,0.945333361625671,1072,113,69,13.2701482772827,290,251,273,251,8.86933326721191,26.8637428283691,891.28125,28.7719993591309,-4.24399995803833,33.015998840332,10.5913333892822,0.945333361625671,0.455212435623696,-2.78294066815567,0.764143896031789,1.47432811114489,-0.593871522448999,1.17817737812634,-0.120787061303125,-0.133950187887803,0.732235967215612,0.0152370286669115,-73.6335764561732,40.6996375131821
"116","Geometric",12.0122022628784,22.7857151031494,1.21309518814087,1118,112,77,11.1730222702026,302,258,291,258,8.55297565460205,26.3573989868164,877.458374023438,28.5,-3.95000004768372,32.4500007629395,22.33571434021,1.21309518814087,0.666702358920157,-2.97904833353659,1.5816486745861,1.22418523579924,-1.01380019504262,0.926288053429429,0.720626910349969,0.411416753730242,0.402051488023614,0.144889797373387,-73.8236674055521,40.5915965386005
"116","Population-Weighted",12.158055305481,23.101110458374,1.15111112594604,1107,113,76,11.4510908126831,298,257,287,257,8.74166679382324,26.5704154968262,891.529418945312,28.8266658782959,-4.07333326339722,32.8999977111816,22.5922222137451,1.15111112594604,0.673429056106972,-2.87577993038398,1.64680738974331,1.21191347410318,-0.907000585316284,0.91620903413365,0.737369777247957,0.397904080397214,0.40353120957451,0.135232903668567,-73.7826211022925,40.5954170442041
"117","Geometric",11.4514999389648,22.1773338317871,0.574666738510132,1070,103,77,10.0744380950928,293,248,254,260,8.98499965667725,27.5343227386475,876.906921386719,27.9440002441406,-4.6879997253418,32.6319999694824,9.91400051116943,19.6746673583984,0.833699962845123,-2.85455434373023,0.263093707019982,2.05618466027357,-0.377963431051959,1.20536840178536,-0.425636771675457,0.685675806112026,-0.236021956722711,0.163848315743791,-73.2379338084085,40.8083885716058
"117","Population-Weighted",11.5018329620361,22.2693328857422,0.612000048160553,1064,104,75,10.7637586593628,291,245,255,258,8.85700035095215,27.2422485351562,879.193725585938,27.923999786377,-4.58799982070923,32.5120010375977,9.93266677856445,19.7393341064453,0.830865214053979,-2.82382614136175,0.266472298191926,2.0014319525976,-0.412788364620269,1.27952358420619,-0.44761602776859,0.6727452483973,-0.262165147182179,0.159744196492283,-73.2770509628174,40.7897716209025
"118","Geometric",11.5965003967285,22.5559997558594,0.48733326792717,1085,109,72,11.7950391769409,295,252,267,257,9.0823335647583,27.3267936706543,894.267883300781,28.4440002441406,-4.79200029373169,33.2360000610352,10.1499996185303,20.07200050354,0.859460075592544,-2.81615466328528,0.394435689239254,1.90162923951357,-0.259442488902581,1.20991794655501,-0.526803659571568,0.631079854895505,-0.317476024162816,0.158744936692763,-73.4896071600555,40.7682677932643
"118","Population-Weighted",11.525333404541,22.457332611084,0.44200000166893,1085,111,72,12.1851634979248,295,254,270,256,9.04533386230469,27.2646884918213,891.898254394531,28.3600006103516,-4.81599998474121,33.1760025024414,10.0826663970947,19.970666885376,0.848177346633513,-2.85138866400493,0.386248471256606,1.87615283742698,-0.28227010790208,1.19788071725751,-0.547759107013784,0.634611818313936,-0.311127489586106,0.177267133114871,-73.5024650776876,40.7657885695294
"119","Population-Weighted",10.9421663284302,21.4540004730225,0.448666661977768,1123,108,75,11.3375701904297,311,246,259,295,9.19499969482422,28.3656215667725,855.003662109375,27.6199989318848,-4.7960000038147,32.4160003662109,2.96733331680298,18.8966655731201,0.765010029645232,-3.1005726610838,-0.379135189736919,2.06965633750097,-0.137951036929297,1.17886195896422,-0.83581281318302,0.363525949408561,-0.0328439052906279,0.0251705433257511,-72.6762868363398,40.8921375147468
"120","Geometric",8.25399971008301,20.2346668243408,-4.44600009918213,995,96,58,13.8826770782471,284,201,281,201,11.6466665267944,29.7473106384277,996.797973632812,27.923999786377,-11.2279996871948,39.1520004272461,18.1720008850098,-4.44600009918213,-0.856784626999183,-1.7299954316809,1.09163376907014,0.917826475357741,-0.190547944708636,-0.10603755923004,0.509045092915896,-0.120405621929753,0.181213491991187,-0.0675137157804666,-74.0406421311855,42.7808315379224
"120","Population-Weighted",8.64933300018311,20.7193336486816,-4.20800018310547,992,96,58,13.9136619567871,283,199,282,199,11.6393337249756,29.5534572601318,1005.765625,28.3959999084473,-10.9879999160767,39.3839988708496,18.7200012207031,-4.20800018310547,-0.782722739496267,-1.67326837912386,1.2269929701059,0.913911079919416,-0.138686360809821,-0.0491740173230006,0.508068784730419,-0.126021472854666,0.169430600273559,-0.0711465254350323,-73.9040728950778,42.7520978846591
"121","Geometric",7.78916692733765,19.9500007629395,-5.13133335113525,1044,98,62,12.5328273773193,292,216,290,216,11.8590002059937,29.8174591064453,1012.49212646484,27.7399997711182,-12.0319995880127,39.7719993591309,17.8946666717529,-5.13133335113525,-0.984289852054416,-1.97204710488693,1.13010454336233,0.973349348760996,-0.0462971746429206,-0.293589397060261,0.516504346451367,-0.0873615545118837,0.234247253715347,-0.0896113838088221,-74.1510040872495,42.9496182717793
"121","Population-Weighted",8.74050045013428,20.7900009155273,-4.07399988174438,982,96,57,14.6128902435303,283,195,282,195,11.6456670761108,29.6478271484375,1003.03424072266,28.4440002441406,-10.8359994888306,39.2799987792969,18.788667678833,-4.07399988174438,-0.750305368182646,-1.61302138402359,1.22115399629441,0.876370226363769,-0.160604104984851,-0.0316500173028165,0.492578760195388,-0.136732615187083,0.155903277919681,-0.0678778345363151,-73.8415964574539,42.7316469180112
"122","Geometric",9.13283348083496,21.2819995880127,-3.78066658973694,980,97,56,15.6735544204712,286,191,286,191,11.8356666564941,29.8789920806885,1010.42541503906,29.0839996337891,-10.5279998779297,39.6119995117188,19.283332824707,-3.78066658973694,-0.636854271803815,-1.50468441124032,1.34597800987195,0.812980037111403,-0.0646992142612494,-0.0393444731460736,0.460221657043676,-0.170029906453406,0.137618742640746,-0.0697844613365188,-73.8020508207025,42.6886532173263
"122","Population-Weighted",9.17816638946533,21.3533325195312,-3.75799989700317,976,96,56,15.7540445327759,286,190,286,190,11.8449993133545,29.8603401184082,1012.29663085938,29.1520004272461,-10.5159997940063,39.6679992675781,21.3533325195312,-3.75799989700317,-0.607040046933607,-1.45520383459116,1.49213466483644,0.754503338919057,-0.110028032058104,-0.0684015840496542,0.608210545271263,-0.0862196057806345,0.0753364997053262,-0.056661805291948,-73.7898479251854,42.6777977841344
"123","Geometric",8.75749969482422,20.945333480835,-4.16066646575928,1000,96,58,13.8959646224976,285,201,283,201,11.7950000762939,29.6983585357666,1013.20733642578,28.7360000610352,-10.9799995422363,39.7159996032715,18.9266662597656,-4.16066646575928,-0.747706291866436,-1.65048873712085,1.2962356610104,0.916081241770544,-0.0462528756516368,-0.0815814137202654,0.511323990583853,-0.136436861397927,0.172801517956827,-0.0815686996611408,-73.9705995679517,42.8216559104609
"123","Population-Weighted",8.89216709136963,21.1593322753906,-4.12733364105225,1003,97,58,14.1014728546143,287,201,286,201,11.8283338546753,29.6152572631836,1020.19860839844,28.9799995422363,-10.960000038147,39.939998626709,19.1533336639404,-4.12733364105225,-0.724715806358171,-1.64345422354392,1.37018178215249,0.892583465913979,0.00282280851086754,-0.0775774152203362,0.49764815970489,-0.144349779045945,0.166222189633748,-0.0831332560958535,-73.9372306609765,42.8072224815778
"124","Geometric",6.98199987411499,18.17799949646,-4.87199974060059,1204,119,79,11.0077905654907,333,259,315,261,10.5706663131714,29.3401432037354,935.90625,24.9200000762939,-11.1079998016357,36.0279998779297,11.7273330688477,-3.878666639328,-0.872583608445178,-3.36652499200393,0.399842774063171,1.15732413028149,-0.432757224167846,-0.280537526741595,0.134453422749263,0.0334336969458581,0.529784396645537,0.0264532197018808,-74.2656503622131,42.0964754342545
"124","Population-Weighted",8.88266658782959,20.3339996337891,-3.10733342170715,1109,113,69,12.4122676849365,315,233,297,236,11.2360000610352,30.1556625366211,947.674865722656,27.6719989776611,-9.58800029754639,37.2599983215332,18.2353324890137,-2.01533341407776,-0.344602776048556,-2.47528847327174,1.06403513343313,0.980241315052194,-0.247382264398349,-0.158024579991368,0.504304738095074,0.0363791959743214,0.254657333610243,0.0500022614945783,-74.1167170829736,42.0071198066584
"125","Geometric",9.24916648864746,20.7933330535889,-2.9006667137146,1119,112,70,12.1068649291992,318,237,304,237,12.0483331680298,31.5335350036621,955.6279296875,28.5160007476807,-9.69200038909912,38.2080001831055,18.6766662597656,-2.9006667137146,-0.234833519788927,-2.34678397597013,1.224603210952,1.00119742842608,-0.00321767419591962,-0.439400604970016,0.520662543140245,-0.0520988361662939,0.328021684816012,0.00850818423012874,-73.8324835812308,41.8062351015793
"125","Population-Weighted",10.2430000305176,21.8566665649414,-1.89533340930939,1104,113,67,13.3279714584351,320,230,303,230,11.9486665725708,31.2073402404785,958.380126953125,29.5799999237061,-8.70800018310547,38.2880020141602,19.6766662597656,-1.89533340930939,0.0253797990939562,-2.16916699593249,1.43657955874488,0.926117766817204,0.0552765508916082,-0.244639597253233,0.49897676248795,-0.0950076954456813,0.278696779255113,0.0211544844153726,-73.9247627717918,41.6904387992356
"126","Geometric",10.0799999237061,21.7786674499512,-2.14466667175293,1113,114,68,13.2223253250122,322,232,305,232,12.1440000534058,31.4578800201416,964.224609375,29.5799999237061,-9.02400016784668,38.6040000915527,19.6326675415039,-2.14466667175293,-0.0143794952806916,-2.19099191536838,1.44486884281279,0.924978011996625,0.126049882977445,-0.339355480030691,0.500588634868586,-0.0961122391983864,0.291195649009039,0.0211138540967188,-73.888134556642,41.686759126097
"126","Population-Weighted",10.0799999237061,21.7786674499512,-2.14466667175293,1113,114,68,13.2223253250122,322,232,305,232,12.1440000534058,31.4578800201416,964.224609375,29.5799999237061,-9.02400016784668,38.6040000915527,19.6326675415039,-2.14466667175293,-0.0143794952806916,-2.19099191536838,1.44486884281279,0.924978011996625,0.126049882977445,-0.339355480030691,0.500588634868586,-0.0961122391983864,0.291195649009039,0.0211138540967188,-73.8996015726885,41.69152702731
"127","Geometric",7.66066694259644,19.0013332366943,-4.26999998092651,1175,115,77,12.034987449646,332,246,324,252,11.720666885376,31.3085441589355,944.616394042969,26.5559997558594,-10.8800001144409,37.4360008239746,16.8299999237061,-3.31599998474121,-0.578596331734732,-2.87486904457273,0.883858853621515,0.995527874725901,-0.209942813946223,-0.651769427475827,0.406113807322389,0.0812347352431255,0.348158625485424,0.0115738153912854,-74.7527219291982,41.7443652799408
"127","Population-Weighted",7.6399998664856,18.8813323974609,-4.15466690063477,1223,119,81,10.9888467788696,342,261,331,266,11.2273330688477,30.5888557434082,935.788269042969,26.1520004272461,-10.5520000457764,36.7040023803711,16.724666595459,-3.24466681480408,-0.536875912853709,-3.23889295573894,0.891180622332092,1.03448647901351,-0.309267924485127,-0.57751989487578,0.411405616486683,0.152320306766445,0.398937603364358,0.0318749522188318,-74.6864931789694,41.6158754621565
"128","Geometric",6.16516637802124,18.1353340148926,-6.56266689300537,1068,111,66,13.7068881988525,297,219,297,221,11.625,29.4035816192627,1000.97485351562,25.6159992218018,-13.9200000762939,39.5359992980957,18.1353340148926,-5.48666667938232,-1.37313214083828,-2.3453908309109,0.858474006534191,0.786501031799852,-0.245779938997822,-0.506637199961902,0.579479964715746,0.108697654193106,0.152108710772323,0.0488126188570975,-73.8924420093743,43.6176318100808
"128","Population-Weighted",7.86266660690308,20.0873336791992,-5.16066646575928,990,100,57,13.7925586700439,279,204,279,204,11.7626667022705,29.2399978637695,1019.04296875,27.9160003662109,-12.3120002746582,40.2280006408691,20.0873336791992,-3.95066666603088,-1.00754323869997,-1.70055161363447,1.23950092191687,0.842534689176195,-0.0815116354454658,-0.166625510403934,0.644803470042332,0.0022154173995616,0.0444562058422119,-0.0181495573212587,-73.6939669315945,43.318552792952
"129","Geometric",4.87550020217896,17.2146663665771,-8.29199981689453,1019,119,55,22.0807800292969,325,185,322,199,11.4623336791992,28.6129131317139,1034.81823730469,24.7360000610352,-15.3240003585815,40.060001373291,16.2306671142578,-7.18733358383179,-1.84183235859937,-2.18278107729866,0.618163451010847,0.147138790602738,-0.316756121278514,-0.458960927982925,0.229299489800358,-0.0618962982530051,0.00924403124632966,0.0222141014465766,-73.9979498924296,44.5285131563951
"129","Population-Weighted",5.60366678237915,18.0226669311523,-7.64400005340576,950,110,51,21.5914325714111,299,170,297,181,11.1033334732056,27.7583332061768,1038.76110839844,25.4759998321533,-14.5240001678467,40,16.9646663665771,-6.49066686630249,-1.76437749240639,-1.79234557660323,0.72257349145225,0.2660182029803,-0.397553969661874,-0.0969884089970724,0.302303322129199,-0.0690985329552554,-0.0258960356480875,0.0235297014725441,-73.7863493178605,44.5726051922576
"130","Geometric",7.96733331680298,19.6213340759277,-4.29666662216187,1048,110,61,14.9357013702393,294,208,284,222,10.0566663742065,27.6191005706787,969.127685546875,26.5240001678467,-9.88799953460693,36.4119987487793,18.7220001220703,-3.38133335113525,-0.778741738504515,-2.33082684790409,0.932818054778268,0.756157886324746,-0.663491873666371,0.325874696592873,0.572407584138159,0.0845694626586103,0.139027698951841,0.0389334957640606,-76.173421560402,42.9620263370093
"130","Population-Weighted",8.36400032043457,20.1213340759277,-4.00333309173584,1032,109,59,15.3038854598999,293,204,281,216,10.1199998855591,27.5509090423584,977.647827148438,27.1000003814697,-9.63199996948242,36.7320022583008,19.2159996032715,-3.07333326339722,-0.702707360201521,-2.18417292871391,1.044129305998,0.736041642412469,-0.596961357552756,0.39459438730954,0.573028304021873,0.0538407929105912,0.111212165715073,0.0373384827900053,-76.2146694952677,43.0303514826407
"131","Geometric",8.23083305358887,19.8746662139893,-4.05800008773804,1022,108,58,15.4505710601807,292,201,276,214,9.9456672668457,27.3533191680908,969.882080078125,26.6840000152588,-9.67599964141846,36.3600006103516,9.90933322906494,-3.15466666221619,-0.871822655044103,-2.29595789007375,0.369959397788931,1.00535576369295,-0.462997697411111,0.616110072099659,-0.0963403301199055,-0.309063982982129,0.383074697061506,-0.0442426449111938,-76.3518195288798,43.066908738232
"131","Population-Weighted",8.53666687011719,20.2606658935547,-3.78799986839294,1021,106,58,15.0035057067871,290,202,275,214,10.046667098999,27.4079723358154,975.00390625,27.2040004730225,-9.45199966430664,36.6559982299805,10.2473335266113,-2.88866662979126,-0.795420206476868,-2.22863551209718,0.472154420014379,1.05260140104911,-0.386796067255779,0.630104602585549,-0.0869781446738738,-0.319441677365057,0.384228375766302,-0.0582313182904134,-76.2888670037647,43.0976551185386
"132","Geometric",8.6894998550415,20.521333694458,-3.74866676330566,1024,108,58,15.5976905822754,292,201,281,212,10.2523336410522,27.6820755004883,982.774475097656,27.5919990539551,-9.44400024414062,37.0359992980957,19.5860004425049,-2.7739999294281,-0.626458185577126,-2.07102162097241,1.1375812738222,0.728399312300529,-0.528680704322047,0.406808949301586,0.562789376825406,0.0303612563556986,0.0928820442722001,0.0296005816499295,-76.1869682203698,43.038553600737
"132","Population-Weighted",9.10083389282227,21.1233329772949,-3.52799987792969,1025,107,57,16.1211719512939,297,199,286,207,10.5736665725708,28.0141658782959,997.395141601562,28.3759994506836,-9.36800003051758,37.7439994812012,20.1340007781982,-2.45199990272522,-0.5308137232005,-1.9389217803591,1.3103461115247,0.696016495217463,-0.368704240701456,0.357093340589098,0.526850708085197,-0.0117427602287324,0.0652001066198757,0.00874725109460748,-76.1606288048704,43.060227499786
"133","Geometric",6.07399988174438,18.1213340759277,-6.76999998092651,1276,126,83,11.2387886047363,352,278,325,297,11.0706663131714,28.4505214691162,1010.26580810547,25.3079986572266,-13.6040000915527,38.9119987487793,7.7480001449585,-5.75066661834717,-1.33577610033823,-3.7008073859291,0.381690811007315,1.19522673611819,0.23798752789945,-0.440925392455111,-0.141663398558517,-0.06896142875888,0.725599840122033,-0.0674594906153639,-75.1559573702791,43.3869006096672
"133","Population-Weighted",7.79699993133545,19.7613334655762,-4.90399980545044,1099,113,63,15.5397634506226,308,216,298,226,11.1213331222534,28.9196319580078,996.93115234375,27.2040004730225,-11.2519998550415,38.4560012817383,9.32133293151855,-3.7906665802002,-0.960683997519357,-2.42910720125253,0.491205806219262,0.997483250273918,0.0144699780140104,0.0661411047331894,-0.202543248961622,-0.347180336225851,0.444998973560769,-0.07360581864066,-75.2407821856126,43.1348385768395
"134","Geometric",7.99633312225342,19.9773330688477,-4.67600011825562,1077,112,61,16.0314140319824,304,210,293,219,11.0659999847412,28.8177089691162,996.327392578125,27.4079990386963,-10.9919996261597,38.3999977111816,9.48266696929932,-3.5773332118988,-0.922634989459595,-2.30308802365736,0.504728606882666,0.97814819213673,-0.00843718671372437,0.152416771088451,-0.202997637228317,-0.368694793539046,0.423118063882304,-0.0655725720794512,-75.2605620367095,43.1518116042218
"134","Population-Weighted",8.12600040435791,20.1133327484131,-4.49266672134399,1077,112,61,16.2230663299561,303,209,294,217,11.003999710083,28.7701320648193,994.552978515625,27.5399990081787,-10.7080001831055,38.2480010986328,9.59333324432373,-3.3953332901001,-0.872251364919695,-2.29216908702201,0.531483892728466,0.97618920377265,-0.0303419356868262,0.187021209069295,-0.215860844846206,-0.370028777424543,0.421796899906585,-0.0614549131933324,-75.2981303145106,43.0907196273487
"135","Geometric",7.35750007629395,19.2819995880127,-5.35599994659424,1131,114,66,14.3820180892944,314,227,304,236,11.0356664657593,28.7686824798584,996.589721679688,26.6480007171631,-11.7119998931885,38.3600006103516,8.9660005569458,-4.253333568573,-1.06931136491706,-2.66706411151514,0.440128829857667,1.04330116916114,-0.0110529192267708,-0.0222208674386419,-0.191154892648921,-0.302727325939565,0.479065872003433,-0.0793883278689545,-75.1699212111018,43.1335153753292
"135","Population-Weighted",8.47949981689453,20.6126670837402,-4.3439998626709,1066,111,58,17.4454441070557,300,203,297,209,11.3396663665771,29.0969581604004,1008.14294433594,28.2679996490479,-10.7039995193481,38.9720001220703,19.5633335113525,-3.15666651725769,-0.685939742775825,-1.95509358658902,1.26734672332745,0.619756878434841,-0.137090621405584,-0.0156548608645201,0.460060395085239,-0.0344628576992476,0.0870449375869256,0.00704092969965733,-75.2285569464579,43.1032097135574
"136","Geometric",6.40850019454956,18.9046669006348,-7.18933296203613,972,105,53,19.3800964355469,292,179,270,195,11.3450002670288,27.7900257110596,1055.25256347656,26.3360004425049,-14.4879999160767,40.8240013122559,13.9713335037231,-6.03599977493286,-1.68475005233223,-1.74514009426214,0.641044039637731,0.594984288833232,-0.0248477312944199,0.051891075850972,0.205231942898826,-0.169167906707802,0.169773785694848,-0.0410237773356251,-75.4047339009515,44.3192882228103
"136","Population-Weighted",6.53450012207031,19.0893325805664,-7.15133333206177,959,104,53,19.4295902252197,288,176,262,193,11.4496660232544,27.9124011993408,1060.05554199219,26.5799999237061,-14.4399995803833,41.0200004577637,14.0859994888306,-5.96399974822998,-1.66723880520688,-1.64706220048583,0.657207798196762,0.621672625458152,0.0315682986005213,0.0720945811114389,0.233897589373961,-0.168498451571009,0.183454972409622,-0.0343392678965329,-75.4967553820149,44.3111689602418
"137","Geometric",6.95149993896484,18.3113327026367,-5.07933330535889,1078,106,65,14.0189428329468,307,216,304,218,11.4983329772949,30.8564109802246,952.458374023438,25.8680000305176,-11.3959999084473,37.2639999389648,16.0953330993652,-4.28666687011719,-0.930440029496438,-2.35820161318416,0.617328201122246,0.867779730712291,-0.461375559231217,-0.435186713109441,0.395016269264152,-0.0383889363891096,0.221044809110741,-0.0203193945472072,-75.4142847180818,42.2183729203142
"137","Population-Weighted",7.54150009155273,18.949333190918,-4.4486665725708,1038,103,64,13.4828968048096,296,211,289,213,10.9883327484131,29.9311752319336,951.211120605469,26.2119998931885,-10.5,36.7119979858398,16.7626667022705,-3.59200000762939,-0.814671889665069,-2.24527730497906,0.700658763168455,0.940869569467657,-0.572981697310006,-0.119740612555255,0.458777355600363,-0.000902674018650407,0.212234975759531,-0.00158735154607258,-75.7663370172205,42.1898279956289
"138","Geometric",7.05049991607666,18.5033340454102,-4.99933338165283,1053,105,64,13.7171030044556,299,213,292,216,11.3043327331543,30.4338073730469,955.274963378906,25.9599990844727,-11.1840000152588,37.1439971923828,16.3139991760254,-4.1560001373291,-0.932647687131667,-2.27619468292268,0.620640405206765,0.903100152367684,-0.490887986002737,-0.290967234451226,0.450137161744678,-0.022344788198867,0.219101941221016,-0.00502428051107438,-75.5921400920214,42.3406576325154
"138","Population-Weighted",7.50850009918213,18.9366664886475,-4.48533344268799,1032,102,63,13.68821144104,293,209,287,211,11.0736665725708,30.0751399993896,952.1484375,26.2840003967285,-10.53600025177,36.8199996948242,16.7486667633057,-3.64066672325134,-0.825619479797511,-2.17839681464409,0.689099448747248,0.938081046824364,-0.557757519880188,-0.131513074937785,0.462587789416559,-0.0140366232333669,0.206664425713101,-0.00830336430183355,-75.7479072141144,42.255103319007
"139","Geometric",8.83833312988281,20.4526672363281,-3.29133319854736,990,100,60,15.0839433670044,286,197,282,197,11.3000001907349,30.233304977417,963.074645996094,28.0160007476807,-9.35999965667725,37.3759994506836,18.3273334503174,-2.33733320236206,-0.486068848359426,-1.78770614170345,1.01412908215096,0.909274664868407,-0.398156605461644,0.0231634251953537,0.454715917066611,-0.0611081674357605,0.157343460411491,-0.00139156088275329,-75.8949654334729,42.1186093812649
"139","Population-Weighted",8.83833312988281,20.4526672363281,-3.29133319854736,990,100,60,15.0839433670044,286,197,282,197,11.3000001907349,30.233304977417,963.074645996094,28.0160007476807,-9.35999965667725,37.3759994506836,18.3273334503174,-2.33733320236206,-0.486068848359426,-1.78770614170345,1.01412908215096,0.909274664868407,-0.398156605461644,0.0231634251953537,0.454715917066611,-0.0611081674357605,0.157343460411491,-0.00139156088275329,-75.9013728687888,42.1164109428049
"140","Geometric",7.9598331451416,19.3713340759277,-3.98666667938232,1001,102,59,15.0559787750244,282,200,270,221,10.2950000762939,28.7505588531494,948.891845703125,26.2479991912842,-9.5600004196167,35.8079986572266,9.71066665649414,-3.1506667137146,-0.840590344513378,-2.2102738747321,0.178978977333716,1.10691349294072,-0.530962081281762,0.436946801780746,-0.0190284627781391,-0.265017842853558,0.420783637709851,-0.102280254541774,-78.5986239596803,42.8123029254409
"140","Population-Weighted",8.87083339691162,20.5833339691162,-3.27266669273376,991,98,59,14.1787023544312,275,202,265,222,9.91499996185303,27.5999336242676,968.8193359375,27.2880001068115,-8.63599967956543,35.923999786377,10.5566673278809,-2.36733341217041,-0.671700414902714,-2.1395107779913,0.463664462510334,1.21269581369478,-0.475079665106282,0.73465305119253,-0.00947176870194041,-0.242175719797459,0.42859495920897,-0.130110325328215,-78.7136055488712,42.875130345484
"141","Geometric",8.49633312225342,20.0273342132568,-3.51533341407776,990,99,58,14.547101020813,276,200,266,221,10.0539999008179,28.108922958374,956.150207519531,26.7840003967285,-8.98400020599365,35.7680015563965,10.2293329238892,-2.63533329963684,-0.738704218494174,-2.14153066543624,0.319382227728718,1.16461364576428,-0.528909714288961,0.622496971735648,-0.00347605491083391,-0.256283386762233,0.410795190897365,-0.123848819722736,-78.6757196918497,42.8367353676822
"141","Population-Weighted",8.98366641998291,20.699333190918,-3.13866662979126,993,98,58,14.3385305404663,276,201,266,221,9.81866645812988,27.4509811401367,969.03466796875,27.3519992828369,-8.41599941253662,35.7679977416992,10.6906671524048,-2.27133321762085,-0.639886415118266,-2.133432039351,0.485016734261565,1.18902888727229,-0.501348674064488,0.786318609740284,-0.0138466290979047,-0.253747521756418,0.412812132682856,-0.13616234616824,-78.7553835289721,42.9042277987113
"142","Geometric",9.09866714477539,20.9026660919189,-3.08000016212463,990,98,58,14.257396697998,276,200,264,220,9.73999977111816,27.2036647796631,974.40087890625,27.511999130249,-8.29199981689453,35.8040008544922,10.7553329467773,-2.20666670799255,-0.626442049085579,-2.12014338260073,0.525387942674838,1.1949169521293,-0.487126186948838,0.848724077392916,-0.0152811700171041,-0.257947197227151,0.414329573001764,-0.132527972270064,-78.7918262737143,42.9180506240512
"142","Population-Weighted",9.09866714477539,20.9026660919189,-3.08000016212463,990,98,58,14.257396697998,276,200,264,220,9.73999977111816,27.2036647796631,974.40087890625,27.511999130249,-8.29199981689453,35.8040008544922,10.7553329467773,-2.20666670799255,-0.626442049085579,-2.12014338260073,0.525387942674838,1.1949169521293,-0.487126186948838,0.848724077392916,-0.0152811700171041,-0.257947197227151,0.414329573001764,-0.132527972270064,-78.8069169780691,42.9228601960789
"143","Geometric",8.68516635894775,20.4546661376953,-3.22200012207031,952,95,58,13.9561815261841,271,191,248,208,9.15633296966553,26.0923671722412,965.122436523438,26.8959999084473,-8.19600009918213,35.0919990539551,10.4400005340576,-2.58733344078064,-0.776068269245431,-2.10240301607565,0.384223522194388,1.22617135949849,-0.720738068645784,1.07776752505212,0.030972923480422,-0.228574135545053,0.421640493733806,-0.061617188105892,-78.9836943405218,43.099123866776
"143","Population-Weighted",8.68516635894775,20.4546661376953,-3.22200012207031,952,95,58,13.9561815261841,271,191,248,208,9.15633296966553,26.0923671722412,965.122436523438,26.8959999084473,-8.19600009918213,35.0919990539551,10.4400005340576,-2.58733344078064,-0.776068269245431,-2.10240301607565,0.384223522194388,1.22617135949849,-0.720738068645784,1.07776752505212,0.030972923480422,-0.228574135545053,0.421640493733806,-0.061617188105892,-78.9835910437341,43.0900826814685
"144","Geometric",8.37833309173584,19.9993324279785,-3.62599992752075,854,91,43,21.4655265808105,256,150,255,154,10.8266668319702,29.6037044525146,957.882202148438,27.2399997711182,-9.33199977874756,36.5719985961914,19.0620002746582,-2.79933309555054,-0.736150357444487,-1.02902866144004,0.740701354825331,0.547280198216499,-0.818106309952419,0.413593020670734,0.498417961362957,-0.103924889561545,-0.0369660242948707,-0.017398511245372,-77.627822714088,42.9570900307514
"144","Population-Weighted",8.4593334197998,20.1493339538574,-3.63133335113525,860,89,46,19.1345443725586,253,157,252,163,10.550666809082,28.7766380310059,965.224975585938,27.3400001525879,-9.32400035858154,36.6640014648438,19.2519989013672,-2.79133343696594,-0.764930978681955,-1.15318010371485,0.830113979420273,0.686164582848907,-0.811928439579047,0.51341555049801,0.553206450587455,-0.058649547918064,-0.0133607547550197,-0.0213806060900475,-77.5713620127785,43.0002145805706
"145","Geometric",8.03383350372314,19.6166667938232,-4.04733324050903,886,95,45,21.5309066772461,263,155,261,158,10.7776670455933,29.3541412353516,959.800109863281,26.8439998626709,-9.87199974060059,36.7159996032715,18.7446670532227,-3.22133326530457,-0.840314956346098,-1.20750105657572,0.708646089397019,0.508422106911296,-0.808838477871302,0.345571007301945,0.475828217227779,-0.0850201374780797,-0.0199493297294108,0.0100777698337327,-77.4255001139374,42.8876449617632
"145","Population-Weighted",8.53366661071777,20.2193336486816,-3.55466651916504,859,89,46,19.3101558685303,251,156,250,161,10.5513334274292,28.7659034729004,965.116577148438,27.4120006561279,-9.26799964904785,36.6800003051758,19.3273334503174,-2.739333152771,-0.749807021482731,-1.12618788447749,0.841208124969395,0.688309338215829,-0.808964237059378,0.528941701281339,0.556514366022364,-0.0559451921953295,-0.00820093836835695,-0.0125285483216392,-77.514498632248,43.0071548445996
"146","Geometric",9.24383354187012,21.2199993133545,-3.10000014305115,858,89,48,17.1722755432129,250,164,246,171,10.41100025177,28.0317726135254,986.211242675781,28.511999130249,-8.62800025939941,37.1399993896484,20.2320003509521,-2.16266679763794,-0.59547737263641,-1.14847883083806,1.12103842478405,0.814050244032467,-0.647538761825488,0.692826700985636,0.615774377697669,-0.0424615345682365,0.00588780511589432,-0.0176713121247342,-77.6465201869804,43.1679759553385
"146","Population-Weighted",9.24383354187012,21.2199993133545,-3.10000014305115,858,89,48,17.1722755432129,250,164,246,171,10.41100025177,28.0317726135254,986.211242675781,28.511999130249,-8.62800025939941,37.1399993896484,20.2320003509521,-2.16266679763794,-0.59547737263641,-1.14847883083806,1.12103842478405,0.814050244032467,-0.647538761825488,0.692826700985636,0.615774377697669,-0.0424615345682365,0.00588780511589432,-0.0176713121247342,-77.6270441996865,43.1667570986916
"147","Geometric",6.55966663360596,17.6886653900146,-5.25466680526733,1164,121,66,16.4017276763916,334,226,334,239,11.1386661529541,30.7256622314453,933.780639648438,25.1159992218018,-11.1359996795654,36.2519989013672,17.6886653900146,-4.4060001373291,-0.844533684561547,-2.82541642987026,0.640925919965075,0.524430789744195,-0.624723837178933,-0.547260174309333,0.438513461076185,0.0523497277835549,0.143183213073696,0.0170237962810865,-78.8374880754234,42.2048593289748
"147","Population-Weighted",6.98616695404053,18.1820011138916,-4.89933347702026,1145,120,63,17.2729587554932,331,218,331,233,11.3656663894653,31.118350982666,937.482788085938,25.7520008087158,-10.7720003128052,36.5240020751953,18.1820011138916,-4.01000022888184,-0.728672891990563,-2.60818251417064,0.71787583564598,0.476768912615878,-0.545324923623041,-0.524203846221162,0.439921663255965,0.000718050330224318,0.103972064709349,0.00203251254971117,-78.8822060504543,42.1788204472132
"148","Geometric",7.68116664886475,18.9060001373291,-4.13800001144409,845,102,45,23.6081657409668,269,148,269,151,11.7976665496826,31.8786926269531,934.453125,26.6399993896484,-10.3680000305176,37.007999420166,18.9060001373291,-3.20866680145264,-0.776125636303116,-1.03720737130453,0.537362114245812,0.356632159451666,-0.726022053294221,-0.130508621556703,0.467823528994871,-0.120362955593996,-0.0524012496745269,0.0727475396183489,-77.1988311536114,42.291911334166
"148","Population-Weighted",7.35283327102661,18.5486660003662,-4.41733312606812,878,102,48,21.8760643005371,273,157,273,160,11.3990001678467,31.1040172576904,932.218017578125,26.1359996795654,-10.5120000839233,36.6479988098145,18.5486660003662,-3.51266670227051,-0.871093109758609,-1.30222363871433,0.507840790921835,0.430448305469244,-0.819562125155104,-0.0802334774461703,0.479501222703884,-0.0788870134697308,-0.0281716596318412,0.072944435153038,-77.0263179772678,42.2974996783191
"149","Geometric",8.85099983215332,20.3460006713867,-3.10866665840149,870,98,47,20.7110080718994,265,157,265,157,12.1766662597656,32.1963691711426,949.447814941406,28.4200000762939,-9.39999961853027,37.8199996948242,20.3460006713867,-3.10866665840149,-0.465977413700666,-0.920256118862922,0.930896811482904,0.543027794066661,-0.452064438237771,-0.119952389481176,0.577554488552977,-0.187694844695209,0.0138394742511849,0.0343729653329565,-76.7921662577542,42.0893911723209
"149","Population-Weighted",8.85099983215332,20.3460006713867,-3.10866665840149,870,98,47,20.7110080718994,265,157,265,157,12.1766662597656,32.1963691711426,949.447814941406,28.4200000762939,-9.39999961853027,37.8199996948242,20.3460006713867,-3.10866665840149,-0.465977413700666,-0.920256118862922,0.930896811482904,0.543027794066661,-0.452064438237771,-0.119952389481176,0.577554488552977,-0.187694844695209,0.0138394742511849,0.0343729653329565,-76.7991170947144,42.0930353538647
"150","Geometric",10.514666557312,21.4006671905518,-0.923333346843719,961,101,58,18.1215877532959,300,195,288,195,12.003999710083,33.3407402038574,902.838989257812,28.8320007324219,-7.17199993133545,36.0040016174316,19.3673343658447,-0.923333346843719,0.227815077480454,-1.53972124058421,1.01141758998779,0.802059940887885,-0.429641809882743,-0.18140690964366,0.455629690737393,-0.120946999347366,0.210899425539759,-0.0324690984962969,-80.1542621880513,40.4986266486071
"150","Population-Weighted",11.0638332366943,22.017333984375,-0.39533331990242,970,101,58,17.6841106414795,300,195,288,195,12.2543334960938,33.7213363647461,908.53076171875,29.568000793457,-6.77199983596802,36.3400001525879,20.041332244873,-0.39533331990242,0.393487014501804,-1.45055822866932,1.1601166671504,0.82580833993633,-0.30255284663873,-0.200991677957667,0.476726039294884,-0.14925140241476,0.197741967495228,-0.0408152726273977,-80.040724990058,40.4827456333407
"151","Geometric",11.0638332366943,22.017333984375,-0.39533331990242,970,101,58,17.6841106414795,300,195,288,195,12.2543334960938,33.7213363647461,908.53076171875,29.568000793457,-6.77199983596802,36.3400001525879,20.041332244873,-0.39533331990242,0.393487014501804,-1.45055822866932,1.1601166671504,0.82580833993633,-0.30255284663873,-0.200991677957667,0.476726039294884,-0.14925140241476,0.197741967495228,-0.0408152726273977,-80.0165712966034,40.4603088423529
"151","Population-Weighted",11.4008331298828,22.4266662597656,-0.120666705071926,965,100,58,17.9177436828613,297,192,287,192,12.4723329544067,34.0216407775879,914.355590820312,30.0879993438721,-6.57200002670288,36.6599998474121,20.4753322601318,-0.120666705071926,0.482440929343537,-1.33324286687217,1.25766927377709,0.836918717020533,-0.214767976637839,-0.221540701627984,0.479820173805094,-0.16133845466439,0.196444274680253,-0.04637102178105,-79.9744329832621,40.4431581813949
"152","Geometric",11.4008331298828,22.4266662597656,-0.120666705071926,965,100,58,17.9177436828613,297,192,287,192,12.4723329544067,34.0216407775879,914.355590820312,30.0879993438721,-6.57200002670288,36.6599998474121,20.4753322601318,-0.120666705071926,0.482440929343537,-1.33324286687217,1.25766927377709,0.836918717020533,-0.214767976637839,-0.221540701627984,0.479820173805094,-0.16133845466439,0.196444274680253,-0.04637102178105,-79.9720953125196,40.4576089366074
"152","Population-Weighted",11.4008331298828,22.4266662597656,-0.120666705071926,965,100,58,17.9177436828613,297,192,287,192,12.4723329544067,34.0216407775879,914.355590820312,30.0879993438721,-6.57200002670288,36.6599998474121,20.4753322601318,-0.120666705071926,0.482440929343537,-1.33324286687217,1.25766927377709,0.836918717020533,-0.214767976637839,-0.221540701627984,0.479820173805094,-0.16133845466439,0.196444274680253,-0.04637102178105,-79.9770053414245,40.4433557828269
"153","Geometric",10.3578329086304,20.906665802002,-0.795333385467529,1004,107,61,18.2651863098145,311,201,300,201,12.356333732605,34.7908935546875,877.155090332031,28.3320007324219,-7.18400001525879,35.515998840332,18.8700008392334,-0.795333385467529,0.332648780885928,-1.72414512221002,0.869107819749393,0.762994409695436,-0.441737818393511,-0.460256053141531,0.421252251071607,-0.131366003660193,0.237062589396046,-0.0182473809892195,-80.2403013227133,40.0070865899243
"153","Population-Weighted",10.2498331069946,20.945333480835,-1.05599999427795,987,102,60,17.9277019500732,304,198,294,198,12.1470003128052,34.1322898864746,889.516967773438,28.2800006866455,-7.30800008773804,35.5880012512207,18.8873329162598,-1.05599999427795,0.225044524187066,-1.65825923694141,0.88835906927934,0.808060072230099,-0.483035822539279,-0.341322049701486,0.44024447069463,-0.113819079920044,0.233027147352107,-0.0459451539026337,-80.1518142519603,40.1422601444327
"154","Geometric",9.4995002746582,19.8313331604004,-1.41066670417786,1138,118,73,15.1137971878052,337,239,332,239,11.570333480835,33.5683326721191,861.746398925781,26.9080009460449,-7.55999994277954,34.4680023193359,17.8419990539551,-1.41066670417786,0.215036134763552,-2.70897241313484,0.809011184378644,0.85508876510522,-0.603917050066338,-0.572267486704191,0.370217506648342,0.0184799956953172,0.352171147912322,0.0133356256180718,-79.6445554060333,39.9152925525208
"154","Population-Weighted",10.7615003585815,21.4619998931885,-0.340666681528091,1030,107,63,16.7883682250977,309,208,305,208,12.8003330230713,35.6198043823242,883.147277832031,29.0879993438721,-6.84800004959106,35.9360008239746,19.4093322753906,-0.340666681528091,0.509876921772539,-1.71009539729527,1.02611500518376,0.857929404929377,-0.26362390847841,-0.600846699880024,0.44600117903423,-0.152939697694056,0.250578678130131,-0.0490666332558751,-79.7437122414418,39.9493553893082
"155","Geometric",8.98483371734619,19.5013332366943,-2.15666675567627,1020,101,67,13.3870220184326,297,211,285,211,10.8696670532227,31.6752147674561,877.925598144531,26.4200000762939,-7.89599990844727,34.3160018920898,17.4973335266113,-2.15666675567627,-0.188040997764123,-2.2196655684067,0.629251977710314,1.04166246796284,-0.86890031920333,-0.0852002121730452,0.524846869760581,0.0185920482890941,0.302142922755482,0.0169077645093835,-78.7864858909094,39.9471776814433
"155","Population-Weighted",8.13066673278809,18.5979995727539,-3.05800008773804,1081,106,71,13.161919593811,314,225,301,225,10.1153335571289,30.0407848358154,879.371215820312,25.07200050354,-8.60000038146973,33.6720008850098,16.6273326873779,-3.05800008773804,-0.452107349648739,-2.74903175462196,0.527189870596758,0.983430616589614,-1.06023376607401,-0.0230099369763618,0.463386866232711,0.110977981771334,0.337673731319677,0.0382538255664417,-78.8322198361478,40.0068737361387
"156","Geometric",10.1180000305176,20.9173336029053,-1.22933340072632,1059,110,65,16.7769870758057,320,211,315,211,12.4326667785645,34.4128265380859,898.685546875,28.5200004577637,-7.60799980163574,36.1279983520508,18.8666667938232,-1.22933340072632,0.260383957806478,-1.96043347675463,1.01418255467062,0.792797746956679,-0.306607251321443,-0.56806673311178,0.387369918352368,-0.134028633397385,0.252697196040817,-0.0261690315939006,-79.4688797261303,40.3322292982218
"156","Population-Weighted",9.99450016021729,20.7666664123535,-1.33599996566772,1046,109,64,17.1046409606934,318,208,312,208,12.3656663894653,34.295726776123,896.146850585938,28.3640003204346,-7.69199991226196,36.0559997558594,18.6860008239746,-1.33599996566772,0.212031180412114,-1.92079654089219,0.961025342075524,0.780937049763162,-0.349497433325767,-0.536780809714729,0.385017607742243,-0.136195428119041,0.246579266054264,-0.0223051784984906,-79.562149189095,40.3452467468382
"157","Geometric",9.10900020599365,19.9333343505859,-2.39266657829285,1168,121,75,15.0296773910522,348,244,340,244,11.934666633606,33.2738571166992,903.862670898438,27.4680004119873,-8.39999961853027,35.8680000305176,17.8980007171631,-2.39266657829285,0.0456278945598478,-2.77497720818975,0.98327752046614,0.812023607860162,-0.318551774393035,-0.706777372138049,0.342021312026845,-0.0126867407262491,0.375728743411486,0.0149356500994688,-79.0142992709019,40.7184675179963
"157","Population-Weighted",9.2053337097168,19.9879989624023,-2.25266671180725,1165,121,75,15.1936731338501,348,243,339,243,11.9446668624878,33.3724479675293,900.580261230469,27.5,-8.29199981689453,35.7919998168945,17.9406661987305,-2.25266671180725,0.080058938109438,-2.75585511788388,0.979608081193106,0.810470702915004,-0.325165702548664,-0.701625102262015,0.34243259675244,-0.0115069358980812,0.376767544889821,0.019226490090501,-79.0381224906247,40.6746725993899
"158","Geometric",7.81566667556763,18.8439998626709,-3.93200016021729,1099,122,66,17.5464038848877,337,220,331,220,12.0260000228882,32.8579216003418,922.957092285156,26.6040000915527,-9.99600028991699,36.5999984741211,16.7973327636719,-3.93200016021729,-0.448026435569601,-2.45599848617031,0.712605673147892,0.578568108872352,-0.384877482022716,-0.700335524052311,0.28800725135311,-0.130214289802864,0.260517321709168,0.0436014451446831,-78.6448108817307,41.3251180286874
"158","Population-Weighted",7.98816680908203,18.9400005340576,-3.67866659164429,1099,121,66,17.3151931762695,335,221,330,221,11.8756666183472,32.7081260681152,916.485778808594,26.568000793457,-9.73999977111816,36.3079986572266,16.8999996185303,-3.67866659164429,-0.398332573232424,-2.47256797127508,0.716237611886013,0.604626372070883,-0.440061798574387,-0.640482867419049,0.297844863939775,-0.113272075236851,0.261047859781944,0.0375742077846478,-78.7312722196617,41.2656946819212
"159","Geometric",9.10249996185303,19.9220008850098,-2.31266665458679,1102,114,72,14.7829008102417,328,228,316,228,11.2309999465942,31.90625,900.410400390625,27.068000793457,-8.13199996948242,35.2000007629395,17.8980007171631,-2.31266665458679,-0.0757478645756885,-2.569067578997,0.888793381923546,0.875459533628721,-0.573794045681144,-0.329025639685609,0.407444372567008,0.0193594159107384,0.343806865780324,0.0402766367253634,-78.8448926994613,40.3376023461938
"159","Population-Weighted",9.10249996185303,19.9220008850098,-2.31266665458679,1102,114,72,14.7829008102417,328,228,316,228,11.2309999465942,31.90625,900.410400390625,27.068000793457,-8.13199996948242,35.2000007629395,17.8980007171631,-2.31266665458679,-0.0757478645756885,-2.569067578997,0.888793381923546,0.875459533628721,-0.573794045681144,-0.329025639685609,0.407444372567008,0.0193594159107384,0.343806865780324,0.0402766367253634,-78.8393796763605,40.3399748086917
"160","Geometric",9.26733303070068,20.1919994354248,-2.3493332862854,1032,111,58,18.5274448394775,317,201,315,201,12.3660001754761,33.7021675109863,912.778137207031,28.0200004577637,-8.67199993133545,36.6920013427734,18.1399993896484,-2.3493332862854,-0.0792613434805982,-1.83314056786804,0.873758647358296,0.612833034872923,-0.341704377076794,-0.532256182838119,0.333858899847257,-0.215460030358096,0.169694581272163,-0.0243988240825617,-79.89911436143,40.9290889622011
"160","Population-Weighted",9.54650020599365,20.445333480835,-1.9926666021347,1006,106,58,17.9041786193848,310,199,303,199,12.3423328399658,33.8034973144531,907.702209472656,28.2199993133545,-8.29199981689453,36.5120010375977,18.3966674804688,-1.9926666021347,-0.00736499019614209,-1.71169267576108,0.876623598684385,0.710227170306848,-0.362977280152233,-0.455547239131951,0.395108556751202,-0.191453502256885,0.18739667791396,-0.0338278434216084,-79.9610182550796,40.8289457582279
"161","Geometric",9.09433364868164,20.0499992370605,-2.54999995231628,1018,112,53,20.9463424682617,315,188,315,188,12.0766668319702,32.8849449157715,914.964172363281,27.8039989471436,-8.92000007629395,36.7239990234375,20.0499992370605,-2.54999995231628,-0.170908190998611,-1.68995205391636,0.957579626458258,0.375743735484808,-0.492059965899997,-0.417181488317631,0.423144621732169,-0.169219742311095,0.036976291905817,0.0149575113572241,-80.3030859764474,41.1941385524591
"161","Population-Weighted",9.26850032806396,20.2386665344238,-2.3473334312439,1007,111,53,20.6761302947998,312,188,312,188,12.2016668319702,33.2253189086914,913.47412109375,28.0359992980957,-8.6879997253418,36.7239990234375,18.1633338928223,-2.3473334312439,-0.129783170079917,-1.64989174452064,0.847021186476115,0.476169310725765,-0.409545081334713,-0.395616256152623,0.289037675465619,-0.257247769381385,0.107692740031923,-0.0113157728915691,-80.3425306202811,41.1062571175161
"162","Geometric",8.69766712188721,19.7173328399658,-2.96600008010864,1124,120,67,16.9633140563965,339,224,339,224,12.1326665878296,33.0626411437988,918.495178222656,27.5120010375977,-9.18400001525879,36.6959991455078,19.7173328399658,-2.96600008010864,-0.142995868749539,-2.41108745760554,1.0640142583002,0.572011639607055,-0.351102689736492,-0.723341487154137,0.432755497603952,-0.0530634904605726,0.190350553138359,0.0297944056268823,-79.3697204442866,41.0601311662065
"162","Population-Weighted",9.02816677093506,19.9080009460449,-2.50800013542175,1100,117,65,17.3843250274658,333,217,333,217,12.0776662826538,33.154899597168,908.367004394531,27.6720008850098,-8.75600051879883,36.4280014038086,17.9026660919189,-2.50800013542175,-0.0832189836524796,-2.28660000296655,0.923146025860835,0.640576699235788,-0.362841413597022,-0.603329008020849,0.289533919455136,-0.147118949782275,0.229094919096903,0.00728448185793296,-79.4460645191805,40.9624380099045
"163","Geometric",8.07183361053467,19.068000793457,-3.53066658973694,1136,121,63,18.5619792938232,345,214,345,219,11.3916664123535,31.6540699005127,916.466674804688,26.6119995117188,-9.37599945068359,35.9879989624023,19.068000793457,-2.50933313369751,-0.332756536412805,-2.527679671724,0.900985598380284,0.407878069390758,-0.590852049474123,-0.494721502889553,0.336494364669815,-0.0370482741237941,0.0582099314019678,0.0346597009081704,-79.5564045923702,41.5932237819882
"163","Population-Weighted",8.08583354949951,19.0979995727539,-3.53666663169861,1136,121,63,18.5619792938232,345,214,345,219,11.3396663665771,31.5025749206543,917.835998535156,26.6119995117188,-9.38399982452393,35.9959983825684,19.0979995727539,-2.5,-0.339606495077428,-2.53509986746127,0.912481925434759,0.406611373932849,-0.595665977638813,-0.472134669117765,0.335062922879033,-0.0325507256463118,0.0561779583503943,0.0358708771353413,-79.613312940291,41.6092560789922
"164","Geometric",8.27733325958252,19.3966674804688,-3.45000004768372,1140,115,63,18.2054767608643,333,210,333,224,10.4266662597656,29.5373001098633,928.007995605469,26.2320003509521,-9.06799983978271,35.2999992370605,19.3966674804688,-2.56399989128113,-0.421904031021134,-2.60163810224783,0.955978492811765,0.470162990589802,-0.791865139072646,-0.0678812860149806,0.399206490228341,0.0660635299302728,0.0740817660899057,-0.00708823143135038,-79.9996027485633,41.8717839351537
"164","Population-Weighted",7.93866682052612,19.0480003356934,-3.76399993896484,1159,115,65,17.6006927490234,333,216,333,232,9.93133354187012,28.5251998901367,927.453369140625,25.6319999694824,-9.18400001525879,34.8160018920898,19.0480003356934,-2.90333318710327,-0.539275582751728,-2.81791496018593,0.900250939456029,0.507529622659976,-0.916945896624591,0.0480343874073508,0.411058399337145,0.133171187651896,0.107026049349577,-0.00244863758688279,-80.0615211469614,41.9203493346578
"165","Geometric",9.02716636657715,20.3579998016357,-2.75266671180725,1121,119,61,19.002592086792,329,206,314,222,9.5910005569458,27.5857105255127,940.157836914062,26.7080001831055,-8.0600004196167,34.7680015563965,16.0826663970947,-1.97533333301544,-0.356221135107624,-2.63080930745423,0.840897078689159,0.551535959747215,-0.755185715946735,0.505266856582437,0.148807488747984,-0.0628597578147105,0.204470743027447,0.0242291618449544,-80.0415685957934,42.0906653184935
"165","Population-Weighted",9.45199966430664,20.8713340759277,-2.37266659736633,1108,119,60,19.0589122772217,326,204,310,219,9.61466693878174,27.5713081359863,945.916137695312,27.2119998931885,-7.65999984741211,34.8720016479492,16.5559997558594,-1.58999991416931,-0.251239822864241,-2.52650004288468,0.939362734223189,0.557541485259246,-0.705436279972807,0.578796348329917,0.163302477650189,-0.0771776846931156,0.194060483104794,0.026795761142504,-80.0750442575851,42.1005888458701
"166","Geometric",9.8216667175293,20.7053337097168,-1.59666669368744,968,99,62,14.9817199707031,289,195,275,195,11.5706663131714,32.3166885375977,903.736633300781,28.1879997253418,-7.61600017547607,35.8040008544922,18.5799999237061,-1.59666669368744,-0.0177945297748445,-1.69492371611855,0.885941647170997,0.9803237046693,-0.546718985064747,-0.0766154826430911,0.524322133822885,-0.0933477830705921,0.245619538607474,0.0178393053439514,-78.2801707723664,40.4880927316473
"166","Population-Weighted",9.75483322143555,20.6126670837402,-1.63066673278809,977,100,63,15.194019317627,292,196,278,196,11.5536661148071,32.3233757019043,901.382873535156,28.0639991760254,-7.67999982833862,35.7439994812012,18.4933338165283,-1.63066673278809,-0.0233924718993227,-1.75205717056779,0.874220675167362,0.966703675623661,-0.558133301193371,-0.102574048717928,0.508519569867726,-0.0812564557770376,0.25487384547854,0.025264563388338,-78.3135782050581,40.4954589326424
"167","Geometric",6.9355001449585,17.9573345184326,-4.82000017166138,1095,126,66,18.3504867553711,333,216,332,220,12.08899974823,32.6447410583496,924.678039550781,25.8360004425049,-11.1960000991821,37.0320014953613,15.9219999313354,-3.82266664505005,-0.702842631511057,-2.50696087071563,0.525229814077267,0.521053120340904,-0.380969757432251,-0.79686374628103,0.233273452307266,-0.0892093124694647,0.201822689824602,0.0899867920233412,-78.4531885044437,41.7638489213335
"167","Population-Weighted",7.02133321762085,18.0580005645752,-4.7073335647583,1096,125,65,18.3351383209229,332,215,332,219,12.1146669387817,32.6787528991699,924.665954589844,25.9759998321533,-11.0959997177124,37.0719985961914,16.0193328857422,-3.73066663742065,-0.677956339078485,-2.46591927026705,0.544329578705712,0.519604650302592,-0.372323357071974,-0.784937151712246,0.234107167508224,-0.106002625605881,0.18795428234962,0.0785262878674089,-78.4776790577079,41.8049754496776
"168","Geometric",8.02633285522461,18.8266658782959,-3.47933340072632,1060,117,67,16.2731056213379,321,214,312,214,10.8526668548584,31.0466480255127,905.890563964844,25.8719997406006,-9.08400058746338,34.9560012817383,16.8379993438721,-3.47933340072632,-0.463089031755367,-2.52194440317719,0.622469866424805,0.709092506136456,-0.784694245917615,-0.232803569213782,0.361535288900868,-0.0233868497457139,0.273449265098268,0.0793026278226544,-77.9893533976204,40.9782919638427
"168","Population-Weighted",9.20600032806396,20.1539993286133,-2.35266661643982,1013,111,65,15.8370370864868,305,205,297,205,11.326000213623,31.8253345489502,911.724914550781,27.4759998321533,-8.11200046539307,35.5880012512207,18.0739994049072,-2.35266661643982,-0.152187508129984,-2.08707634656463,0.85954532862719,0.824775775009268,-0.586862110356919,-0.167462355504445,0.429173670547542,-0.0711469652960683,0.261336986513085,0.0576657043504666,-77.9330886860225,40.8931311464208
"169","Geometric",7.62166690826416,18.6326675415039,-4.08466672897339,907,112,50,23.0204410552979,295,167,289,167,11.6766662597656,31.9139232635498,922.54443359375,26.2280006408691,-10.3599996566772,36.5880012512207,16.6066665649414,-4.08466672897339,-0.747148615167161,-1.5163958536551,0.42666624897567,0.352709991370045,-0.687297568387569,-0.23696560174879,0.283265397039265,-0.207942517139312,0.100635130056061,0.0888571036432765,-77.3773052389455,41.7891748930639
"169","Population-Weighted",7.70666646957397,18.7486667633057,-4.01399993896484,873,108,48,23.2431030273438,284,160,279,160,11.7966661453247,32.0805702209473,923.447631835938,26.423999786377,-10.3479995727539,36.7719993591309,16.7199993133545,-4.01399993896484,-0.756381610884074,-1.30769188297535,0.412195949461962,0.385953417963617,-0.678053428788983,-0.202665832163526,0.312578683546799,-0.218460054979529,0.0912525622679216,0.0803083005986628,-77.2539480559294,41.8400290274841
"170","Geometric",10.4770002365112,21.4360008239746,-0.959999918937683,1060,106,70,13.2993135452271,307,221,287,221,11.5633335113525,32.2421760559082,907.165161132812,28.9079990386963,-6.95599985122681,35.8639984130859,19.3186664581299,-0.959999918937683,0.261927212589712,-2.10892052230569,1.14598647286083,1.07813212761961,-0.349523126427602,-0.138717694442954,0.553203296370221,-0.0122512329163564,0.3486773581099,0.037378603227912,-77.1300613113604,40.4191156268055
"170","Population-Weighted",11.4983329772949,22.6666660308838,-0.0520001240074635,1049,110,70,13.7208738327026,308,225,281,225,11.8566665649414,32.5625267028809,919.658996582031,30.2759990692139,-6.13600015640259,36.4119987487793,20.4946670532227,-0.0520001240074635,0.564762007314784,-1.96935331918423,1.40560621979504,1.0828638348812,-0.105457280732136,-0.0849191905755101,0.595952539729778,-0.018734067010217,0.371182822038012,0.0627206048684985,-76.9054268655426,40.3227163223578
"171","Geometric",11.4001665115356,22.6933326721191,-0.296666622161865,1066,112,71,13.958776473999,315,228,288,228,11.8296670913696,32.2862091064453,930.42822265625,30.2439994812012,-6.39599990844727,36.6399993896484,20.5246658325195,-0.296666622161865,0.518040021220156,-2.06471768072826,1.4623137043286,1.04134736517828,-0.0645515107593353,-0.106803998456792,0.567051179714553,-0.0100323800758673,0.374836001725645,0.0598033244925278,-76.8146827483654,40.32203024476
"171","Population-Weighted",11.5861663818359,22.9479999542236,-0.162666633725166,1066,113,71,14.2146778106689,316,229,287,229,11.8956670761108,32.3462753295898,935.273193359375,30.496000289917,-6.28000020980835,36.7760009765625,20.788667678833,-0.162666633725166,0.570214462696523,-2.04117098116804,1.51878064415261,1.03133790595065,-0.00852867044010076,-0.0998552557706941,0.57555029703943,-0.00686171182185677,0.381218541771779,0.0626833767226185,-76.8271648902341,40.2847097937374
"172","Geometric",10.2241668701172,20.8999996185303,-0.923999965190887,1036,104,67,12.874641418457,299,213,279,213,10.69700050354,31.0201835632324,884.28564453125,27.7800006866455,-6.7039999961853,34.484001159668,18.8020000457764,-0.923999965190887,0.147907940151619,-2.16816437605411,0.935787385980233,1.06648089653645,-0.72889261504378,0.154995722007718,0.567357100300605,0.00345659785303828,0.292404198213075,0.0549722000339467,-77.7964962931639,39.9906191111925
"172","Population-Weighted",11.1890001296997,22.3293323516846,-0.359333366155624,1022,102,66,12.4092960357666,294,213,275,213,11.6820001602173,32.3242950439453,917.692993164062,29.6840000152588,-6.45599985122681,36.1399993896484,20.1846656799316,-0.359333366155624,0.397278438882985,-1.80782654913213,1.28957909099463,1.12980400354569,-0.279971698078869,-0.00314893620028659,0.619623017846282,-0.0686438558102905,0.290447642182114,0.00388529087845114,-77.6731520648562,39.9456699763557
"173","Geometric",11.2723331451416,22.2806663513184,-0.187333300709724,1085,109,71,11.8960561752319,307,234,286,234,11.6219997406006,32.3949165344238,908.818603515625,29.6639995574951,-6.21199989318848,35.8759994506836,20.1380004882812,-0.187333300709724,0.519234565354531,-2.17441036543595,1.32947749621884,1.15773393021678,-0.219080758705467,-0.0976160172167304,0.617573219273653,-0.00112888206249173,0.372365425746079,0.0268295302487397,-76.9266694445971,39.8849786192601
"173","Population-Weighted",11.4320001602173,22.5066661834717,-0.0706665515899658,1077,108,70,11.897162437439,307,232,286,232,11.8000001907349,32.6471900939941,913.741333007812,29.9479999542236,-6.19599962234497,36.1440010070801,20.3740005493164,-0.0706665515899658,0.55595395544917,-2.08404574971294,1.38009517020892,1.15286376118597,-0.157491111047302,-0.124279294687654,0.620411435303119,-0.0260250348581253,0.353850189593413,0.0118877137987042,-76.8585662173363,39.9016011206029
"174","Geometric",11.8291664123535,23.0486660003662,0.190666630864143,1070,108,68,13.1636638641357,314,229,293,229,11.6870002746582,32.1495361328125,925.383117675781,30.4120006561279,-5.94000005722046,36.3520011901855,20.9039993286133,0.190666630864143,0.623032915046753,-2.02861657672366,1.53090520869111,1.06009987037266,-0.125940523800888,-0.0229669283836525,0.567923274650258,-0.0413617903028443,0.316411532878047,-0.00555083083436058,-76.7076938249316,39.9739763089061
"174","Population-Weighted",11.9976663589478,23.2593326568604,0.322666674852371,1067,107,69,12.5865325927734,310,230,289,230,11.8800001144409,32.4732131958008,928.470764160156,30.7280006408691,-5.85599994659424,36.5839996337891,21.1226673126221,0.322666674852371,0.674775239754366,-1.97128151551443,1.57800869595635,1.12119509123424,-0.0492990115313995,-0.0616049874974068,0.600149723417255,-0.0382803509035106,0.33565988705123,-0.00737898098883834,-76.7192876799118,39.9678365821181
"175","Geometric",11.440333366394,22.6620006561279,-0.155999973416328,1059,111,63,15.0105466842651,317,220,308,224,10.9213333129883,30.6916961669922,924.674255371094,29.5599994659424,-6.02400016784668,35.5839996337891,20.431999206543,0.898666620254517,0.483133547900893,-2.13182558927158,1.43131363439829,0.867479691202552,-0.389464353656531,0.213409216346113,0.423059142701899,-0.0288313142346442,0.15734545201323,-0.016311292587295,-76.2305424073143,40.0424895724992
"175","Population-Weighted",11.6750001907349,22.9346656799316,0.0359999351203442,1048,112,62,15.5022077560425,316,217,307,221,10.985333442688,30.7436847686768,927.363525390625,29.8920001983643,-5.84000015258789,35.7320022583008,20.7186660766602,1.11733317375183,0.542856611754925,-2.04926635103592,1.48609004343329,0.837545335581716,-0.349253231425926,0.239319667668731,0.418613229899626,-0.0461179825664276,0.142230075756842,-0.00651074346531897,-76.2842863050907,40.0714286647453
"176","Geometric",11.7703332901001,22.9633331298828,0.18666672706604,1040,111,62,15.429615020752,313,215,305,220,10.985333442688,30.8715515136719,922.378295898438,29.9120006561279,-5.67199993133545,35.5839996337891,20.763334274292,1.26800000667572,0.577443091431628,-2.01185939484948,1.47211936709066,0.856772201999362,-0.374619632732443,0.250436198920925,0.428158443842905,-0.0438197818124815,0.142199066574945,-0.00868938759571797,-76.3073594888018,40.0364290724622
"176","Population-Weighted",11.7703332901001,22.9633331298828,0.18666672706604,1040,111,62,15.429615020752,313,215,305,220,10.985333442688,30.8715515136719,922.378295898438,29.9120006561279,-5.67199993133545,35.5839996337891,20.763334274292,1.26800000667572,0.577443091431628,-2.01185939484948,1.47211936709066,0.856772201999362,-0.374619632732443,0.250436198920925,0.428158443842905,-0.0438197818124815,0.142199066574945,-0.00868938759571797,-76.3169459000601,40.0412403213868
"177","Geometric",8.18366622924805,19.2159996032715,-3.46266651153564,999,115,59,19.5567569732666,314,191,303,191,11.2799997329712,31.2015933990479,920.088012695312,26.5799999237061,-9.57199954986572,36.1520004272461,17.1760005950928,-3.46266651153564,-0.519288908748437,-2.01954259386029,0.666186416024462,0.522175583337845,-0.644249427284974,-0.19535582629712,0.313698132408511,-0.128292603486593,0.176516261771548,0.0917558368186091,-77.1825701156038,41.3363597495437
"177","Population-Weighted",9.53666687011719,20.8540000915527,-2.26733326911926,1008,110,62,17.3920974731445,307,197,296,197,11.7266664505005,31.7245597839355,934.913696289062,28.488000869751,-8.47599983215332,36.9640007019043,18.7646675109863,-2.26733326911926,-0.135105954157133,-1.83513003318949,1.06274884771645,0.734108527639319,-0.339785943014578,-0.174135182441331,0.40383990476121,-0.127702944098958,0.219070037538641,0.056833234249582,-77.0703793502887,41.259328519008
"178","Geometric",9.78299999237061,20.941333770752,-1.92200005054474,1060,114,65,16.4471797943115,316,210,307,210,11.4340000152588,31.5264148712158,925.529602050781,28.3439998626709,-7.92399978637695,36.2679977416992,18.7940006256104,-1.92200005054474,-0.00328169631420741,-2.13248199674494,1.10381376147843,0.759226310950184,-0.398977805252767,-0.152810657427386,0.390723956219229,-0.0938180489927628,0.248075389577932,0.0507288758636475,-76.7769547635256,40.928776336448
"178","Population-Weighted",9.78299999237061,20.941333770752,-1.92200005054474,1060,114,65,16.4471797943115,316,210,307,210,11.4340000152588,31.5264148712158,925.529602050781,28.3439998626709,-7.92399978637695,36.2679977416992,18.7940006256104,-1.92200005054474,-0.00328169631420741,-2.13248199674494,1.10381376147843,0.759226310950184,-0.398977805252767,-0.152810657427386,0.390723956219229,-0.0938180489927628,0.248075389577932,0.0507288758636475,-76.7573878358943,40.9187679510405
"179","Geometric",9.42083358764648,20.4206657409668,-2.12600016593933,1142,118,70,16.2057914733887,338,226,323,230,11.0456666946411,31.1145534515381,916.85107421875,27.568000793457,-7.93200016021729,35.5,18.2006664276123,-1.24400007724762,0.00240727455317252,-2.61451361800135,1.02127506342284,0.751895569324422,-0.474123023093639,-0.189601290351882,0.329206021437553,0.0149199454159849,0.258191165248301,0.0456409713003062,-76.29825208914,40.6801090099113
"179","Population-Weighted",9.59633350372314,20.5539989471436,-1.871333360672,1138,117,70,15.905200958252,337,227,321,231,11.0446662902832,31.1996231079102,911.623107910156,27.7239990234375,-7.67600011825562,35.3999977111816,18.3173332214355,-0.996666669845581,0.067627722404944,-2.59396841835927,1.03413604369958,0.784507248865393,-0.47531736737168,-0.16997908033617,0.344517547179471,0.0163262353438677,0.262282896753109,0.043735350762801,-76.3017721448008,40.6658680907394
"180","Geometric",10.3403329849243,21.5900001525879,-1.40533328056335,1138,114,68,13.3618068695068,323,238,314,238,12.2159996032715,33.0376434326172,932.848693847656,29.1720008850098,-7.80399990081787,36.976001739502,19.3453330993652,-1.40533328056335,0.252147638228134,-2.28608313257153,1.28770375064097,0.94268215899192,-0.0496953295950587,-0.457010574947565,0.481861378140524,-0.096732579921346,0.308531183227461,-0.0414016875691306,-75.4508396763231,40.6704912010987
"180","Population-Weighted",10.7434997558594,22.0993328094482,-1.06666660308838,1135,113,69,13.154091835022,322,240,314,240,12.2016668319702,32.8425559997559,939.534057617188,29.6959991455078,-7.45599985122681,37.1520004272461,19.8659992218018,-1.06666660308838,0.350782482527755,-2.26002836044637,1.42543400342104,0.983289450921587,0.0107501868264571,-0.401960594660801,0.490748996789428,-0.0769519131106857,0.32238884065254,-0.0471523203829374,-75.417859950649,40.6421801507926
"181","Geometric",10.743332862854,22.0300006866455,-0.982666730880737,1132,114,68,13.3384742736816,323,238,314,238,12.0726671218872,32.7208023071289,934.01025390625,29.5879993438721,-7.30800008773804,36.8959999084473,19.7759990692139,-0.982666730880737,0.360225794484061,-2.2669020487929,1.38984417198093,0.952403740099524,-0.0462584689865754,-0.354836852484179,0.481266057317737,-0.0917670345395863,0.303616733013545,-0.0365555594150551,-75.5150412847729,40.5988081888958
"181","Population-Weighted",10.9844999313354,22.3173332214355,-0.763333320617676,1133,114,69,13.2149028778076,323,239,314,239,12.0976667404175,32.6893272399902,936.299377441406,29.923999786377,-7.08400011062622,37.007999420166,20.0613327026367,-0.763333320617676,0.42990347942943,-2.25695703151308,1.46735111007074,0.976383906106573,-0.00165619076398855,-0.338110208139197,0.485460699353336,-0.0831000643433605,0.315954075206256,-0.0312228740614347,-75.4945495522313,40.6027575087664
"182","Geometric",8.30716705322266,19.2406673431396,-3.26066660881042,1220,124,76,15.1769332885742,356,245,346,248,11.353666305542,31.6681537628174,918.433837890625,26.5160007476807,-9.33599948883057,35.8520011901855,16.9366664886475,-2.5513334274292,-0.24465426439009,-3.06966099759104,0.882129562997437,0.746299636601521,-0.404432671396189,-0.58529009439956,0.262982995165394,0.0372519958684176,0.329683986923969,0.0359384012918997,-75.8690981554765,40.9014600921426
"182","Population-Weighted",8.40999984741211,19.3899993896484,-3.20133328437805,1214,123,76,14.9658632278442,353,244,343,247,11.3706665039062,31.6520042419434,921.640808105469,26.6760005950928,-9.2480001449585,35.923999786377,17.093334197998,-2.47133326530457,-0.227614475911676,-3.02410935719014,0.912925970952152,0.771208424388508,-0.385841680864885,-0.561746971138605,0.27891864859814,0.0390256575839385,0.331092028891616,0.0335549105624408,-75.8772956953023,40.89549009867
"183","Geometric",8.67483329772949,19.6306667327881,-2.87466645240784,1169,117,75,12.0883684158325,331,249,318,250,12.0583333969116,32.8600769042969,915.35400390625,27.3479995727539,-9.34799957275391,36.6959991455078,17.3553333282471,-2.02866649627686,-0.146308177400409,-2.7243348671679,0.894140870480728,1.02482748062927,-0.182389069025224,-0.686886555153035,0.445921439089023,0.0216075838837286,0.355622635055249,0.0268408642112703,-75.1726846105181,41.1201107743739
"183","Population-Weighted",9.04316711425781,20.0646667480469,-2.54400014877319,1182,117,75,12.0412521362305,333,251,321,252,12.1883335113525,33.0486259460449,918.086669921875,27.8959999084473,-8.98400020599365,36.8800010681152,17.7959995269775,-1.63733339309692,-0.0208608137212031,-2.6965980161356,1.00662785910976,1.03129716311638,-0.0982382781627736,-0.696074551369012,0.44426694554207,0.00758644030981123,0.350445238605987,0.0145626423476107,-75.1939337106176,41.0778979649078
"184","Geometric",7.59033346176147,18.7466659545898,-4.23400020599365,1078,108,70,13.5310144424438,310,222,299,225,11.7019996643066,31.7127380371094,939.111389160156,26.2119998931885,-10.6879997253418,36.9000015258789,16.4079990386963,-3.55133318901062,-0.672321811665004,-2.40396024592834,0.656824247106759,0.967726511328445,-0.398104807393516,-0.499573580388725,0.43787643549106,0.0163694517810837,0.307786568019546,0.0101975243977647,-75.3829734301273,41.5338408993471
"184","Population-Weighted",6.84416675567627,17.8660011291504,-4.996666431427,1157,115,76,13.0907773971558,331,239,318,242,11.1496667861938,30.7322673797607,938.505859375,24.9680004119873,-11.3120002746582,36.2799987792969,15.6206665039062,-4.37800025939941,-0.861269455450429,-2.98178500712229,0.569111717951087,0.918754489136212,-0.53407733005919,-0.546139371674855,0.381680542751121,0.107929039600811,0.366438639596661,0.0314881937543406,-75.4782326730336,41.4605857537645
"185","Geometric",8.95883369445801,20.4013328552246,-3.07266664505005,1009,105,62,16.7303905487061,304,199,296,199,11.7303333282471,31.435131072998,956.041137695312,27.9680004119873,-9.34799957275391,37.3160018920898,18.1493339538574,-3.07266664505005,-0.385468631587888,-1.86429966075875,1.00332183874304,0.784936743854274,-0.335371290449992,-0.217591578476329,0.39654817455386,-0.108981831373236,0.2302033032375,-0.00439221058140154,-75.6590698685197,41.4066952683261
"185","Population-Weighted",8.95883369445801,20.4013328552246,-3.07266664505005,1009,105,62,16.7303905487061,304,199,296,199,11.7303333282471,31.435131072998,956.041137695312,27.9680004119873,-9.34799957275391,37.3160018920898,18.1493339538574,-3.07266664505005,-0.385468631587888,-1.86429966075875,1.00332183874304,0.784936743854274,-0.335371290449992,-0.217591578476329,0.39654817455386,-0.108981831373236,0.2302033032375,-0.00439221058140154,-75.6595030362804,41.4126030347147
"186","Geometric",7.85183334350586,18.8759994506836,-3.78933334350586,1060,116,65,17.7785167694092,320,206,313,206,11.0270004272461,30.7329998016357,923.9912109375,26.0520000457764,-9.82800006866455,35.8800010681152,16.6526660919189,-3.01399993896484,-0.576442246090717,-2.38965478121987,0.65438178811355,0.64205033115259,-0.663471605901339,-0.240255542419322,0.279757185741718,-0.0250246138121008,0.204300588116181,0.0824567929961003,-76.0922345600224,41.354639163528
"186","Population-Weighted",8.4171667098999,19.5653324127197,-3.30666661262512,1044,113,63,18.0522232055664,316,201,310,202,11.349666595459,31.2009754180908,931.504333496094,26.931999206543,-9.44400024414062,36.3759994506836,17.2819995880127,-2.50133323669434,-0.428507602398303,-2.16195970612069,0.792679587912924,0.654382611339152,-0.527890082255106,-0.239186852913312,0.289414882170192,-0.0675300157809273,0.180663949256022,0.0522540949390952,-75.9638449127069,41.2639618156993
"187","Geometric",7.99216651916504,19.1413326263428,-3.80266666412354,1155,122,72,16.7140045166016,343,227,336,228,11.3483333587646,31.104959487915,937.999206542969,26.4039993286133,-10.0799999237061,36.484001159668,16.8853340148926,-3.07866668701172,-0.473100505750749,-2.7734867348794,0.856458799407586,0.66155402269458,-0.423912818872631,-0.489749968856055,0.24022471587977,0.00876698333560783,0.273230282374411,0.0610107521877057,-75.8689038638474,41.207126572077
"187","Population-Weighted",9.91600036621094,21.3413333892822,-1.9799998998642,997,106,59,17.8102893829346,303,194,296,194,11.9726667404175,32.0090522766113,947.471008300781,29.0520000457764,-8.35200023651123,37.4039993286133,19.0966663360596,-1.0293333530426,-0.0427127731739603,-1.64490173256153,1.14985278358684,0.749462347536127,-0.226449026164536,-0.164177236066992,0.367749787044026,-0.129329675940114,0.136473066656933,0.00721157837367774,-75.8983358514198,41.2328784840456
"188","Geometric",7.94150018692017,19.2473335266113,-3.92799997329712,974,102,60,16.1777782440186,287,191,281,191,11.2810001373291,30.7417697906494,939.852905273438,26.6800003051758,-10.0159997940063,36.6959991455078,17.0553340911865,-3.92799997329712,-0.710967896240986,-1.85158496200022,0.681436452946993,0.821990390296839,-0.606047914090396,-0.110300275108634,0.440534677125397,-0.0913645936155906,0.218232999125256,0.0274759142075145,-76.1322326954333,41.8194154179848
"188","Population-Weighted",7.74883317947388,19.0306663513184,-4.10199975967407,990,102,61,15.2643899917603,289,197,283,197,10.9869995117188,30.2073020935059,938.885375976562,26.3439998626709,-10.0279998779297,36.3720016479492,16.8613338470459,-3.19533324241638,-0.743946871236087,-2.00717371029505,0.643187339246335,0.871435219940704,-0.668136996778155,-0.0470724086825999,0.429645205120568,-0.0303067536838139,0.177091972985679,0.0297004085843266,-76.1159288377641,41.8812380488908
"189","Geometric",10.8959999084473,21.9193344116211,-0.460666686296463,1165,115,73,12.4371747970581,330,251,322,251,11.5766668319702,32.2649574279785,906.590209960938,29.2639999389648,-6.61600017547607,35.8800010681152,19.6326675415039,-0.460666686296463,0.493984993968414,-2.59110718162022,1.37092227808138,1.04092630542975,-0.207339647695405,-0.288717597398456,0.468531382140063,-0.000570648516085237,0.366411525075335,-0.0179262362145803,-75.1599683603548,40.3661160662608
"189","Population-Weighted",11.2333335876465,22.2666664123535,-0.107333339750767,1152,114,72,12.8387117385864,327,248,320,248,11.5393333435059,32.1716651916504,905.973510742188,29.5960006713867,-6.27199983596802,35.8680000305176,19.992000579834,-0.107333339750767,0.577123114493211,-2.50190660117174,1.43385977399568,1.03698205645634,-0.205641456667314,-0.217307114674921,0.468983184552556,-0.00272526423540578,0.355009526516985,-0.0186711887612873,-75.144049070649,40.2976388939399
"190","Geometric",11.9006662368774,22.8740005493164,0.659333229064941,1161,114,74,12.5227127075195,326,255,319,255,10.826000213623,30.920825958252,900.275939941406,29.7320003509521,-5.28000020980835,35.0120010375977,22.195333480835,0.659333229064941,0.76572275607854,-2.64233305327246,1.6646857923811,1.04651960689043,-0.384001089652174,0.0454341623103234,0.605876605046949,0.155610551833952,0.337952064159404,0.00617396663526534,-75.1715825984284,40.0556160030106
"190","Population-Weighted",11.9006662368774,22.8740005493164,0.659333229064941,1161,114,74,12.5227127075195,326,255,319,255,10.826000213623,30.920825958252,900.275939941406,29.7320003509521,-5.28000020980835,35.0120010375977,22.195333480835,0.659333229064941,0.76572275607854,-2.64233305327246,1.6646857923811,1.04651960689043,-0.384001089652174,0.0454341623103234,0.605876605046949,0.155610551833952,0.337952064159404,0.00617396663526534,-75.1727125572706,40.0428841254636
"191","Geometric",12.6173334121704,23.7533340454102,1.18066668510437,1144,114,72,12.9830112457275,325,251,317,251,11.0933332443237,31.2664413452148,914.704223632812,30.6760005950928,-4.80399990081787,35.4799995422363,23.017333984375,1.18066668510437,0.940059668788259,-2.44114270725534,1.85021724014065,1.02177513137799,-0.232836110704427,0.0788442436000011,0.612819970697226,0.11100030814613,0.312846416542641,-0.0123454636993486,-75.1392527624308,40.0017512948778
"191","Population-Weighted",12.6173334121704,23.7533340454102,1.18066668510437,1144,114,72,12.9830112457275,325,251,317,251,11.0933332443237,31.2664413452148,914.704223632812,30.6760005950928,-4.80399990081787,35.4799995422363,23.017333984375,1.18066668510437,0.940059668788259,-2.44114270725534,1.85021724014065,1.02177513137799,-0.232836110704427,0.0788442436000011,0.612819970697226,0.11100030814613,0.312846416542641,-0.0123454636993486,-75.142711739303,40.004563061566
"193","Geometric",11.2526664733887,22.1886672973633,-0.012000004760921,1176,117,73,12.0675268173218,334,259,322,259,10.7773332595825,30.9337921142578,898.191650390625,29.0520000457764,-5.78800010681152,34.8400001525879,19.8386669158936,-0.012000004760921,0.586251775287354,-2.80579044560307,1.40672121202023,1.04485590910516,-0.389129369596726,0.00526223387598256,0.480369972976423,0.0561326062534834,0.373527490996089,-0.00680912664475885,-75.7694481213937,39.9254392819005
"193","Population-Weighted",11.4078330993652,22.3373336791992,0.146666720509529,1182,118,74,11.9417037963867,333,262,321,262,10.8103332519531,31.0356388092041,897.883361816406,29.2199993133545,-5.61199998855591,34.8320007324219,20.0393333435059,0.146666720509529,0.646199730689779,-2.82504760162008,1.44273369022104,1.06753149595205,-0.357670859787687,2.68986795827798e-05,0.498171187566036,0.0735993286978858,0.393428043426923,0.000201857333848296,-75.7000713207256,39.9519928013387
"194","Geometric",11.3836669921875,22.5319995880127,-0.0733333826065063,1120,110,72,12.315526008606,313,246,308,246,11.6766662597656,32.2773818969727,916.119506835938,29.8680000305176,-6.30800008773804,36.1759986877441,20.1940002441406,-0.0733333826065063,0.566795407061915,-2.33656590778473,1.4692940158727,1.13788939578357,-0.146927042658779,-0.18710696180802,0.522729087272093,0.0211793267116635,0.3814529445611,-0.0341360830726395,-75.468581327702,40.1854244311277
"194","Population-Weighted",11.2388334274292,22.2853336334229,-0.116666711866856,1122,111,73,12.2951850891113,315,247,308,247,11.4970006942749,32.0536422729492,907.888244628906,29.5480003356934,-6.32000017166138,35.8680000305176,21.7040004730225,-0.116666711866856,0.561930584650564,-2.39966432455531,1.51804606254665,1.08349423471952,-0.265897533621658,-0.193282653240534,0.650534231528333,0.114678617208327,0.338833768660109,0.00456288091163926,-75.4151478640292,40.1830143032604
"195","Geometric",10.8331670761108,21.949333190918,-0.768666684627533,1161,115,72,12.8155937194824,335,249,321,250,11.1663331985474,31.208309173584,922.093383789062,28.9720001220703,-6.80800008773804,35.7799987792969,19.6879997253418,0.208666741847992,0.406200989926987,-2.64865274346087,1.38429272245085,0.997919296714925,-0.259198474998313,-0.114877322690018,0.43993342979517,0.0577555022943517,0.293013957555527,-0.0150610982002352,-75.9023695608153,40.4158595205068
"195","Population-Weighted",10.3144998550415,21.2840003967285,-1.15400004386902,1186,118,74,12.575083732605,341,254,326,255,10.940333366394,30.9608707427979,910.498840332031,28.2520008087158,-7.08400011062622,35.3360023498535,18.9966659545898,-0.227999985218048,0.299411619135348,-2.87256572863237,1.24810353240675,0.983262146094745,-0.365433840125892,-0.151052548031602,0.419080754181915,0.0792788957494042,0.317502460994794,0.0117776634262835,-75.8677817685068,40.3772868923632
"196","Geometric",11.5755004882812,22.8686676025391,-0.179333403706551,1113,110,68,13.4241752624512,325,239,311,239,11.4743337631226,31.5749397277832,934.076721191406,30.0400009155273,-6.30000019073486,36.3400001525879,20.6346664428711,0.898000001907349,0.564529240818139,-2.26816744861984,1.55074963462191,1.00944451578537,-0.132396462724397,-0.0363556627945932,0.469330273614483,0.0128063986724967,0.247249131487706,-0.0431146451142922,-75.9472110681403,40.3385415068585
"196","Population-Weighted",11.5755004882812,22.8686676025391,-0.179333403706551,1113,110,68,13.4241752624512,325,239,311,239,11.4743337631226,31.5749397277832,934.076721191406,30.0400009155273,-6.30000019073486,36.3400001525879,20.6346664428711,0.898000001907349,0.564529240818139,-2.26816744861984,1.55074963462191,1.00944451578537,-0.132396462724397,-0.0363556627945932,0.469330273614483,0.0128063986724967,0.247249131487706,-0.0431146451142922,-75.9380457305403,40.3387554845627
"197","Geometric",12.4770002365112,23.3266658782959,1.37199997901917,1144,113,71,12.5377464294434,322,251,316,251,10.9820003509521,31.6411190032959,889.689086914062,30.1840000152588,-4.52400016784668,34.7080001831055,21.0433330535889,1.37199997901917,0.95002672495701,-2.49327233122071,1.58988441698453,1.09313310973612,-0.344753732510191,0.0962788252195644,0.506163748765038,0.0379181067126043,0.347679787091582,-0.0321822207066986,-75.6723392691651,39.5472024090303
"197","Population-Weighted",12.5773334503174,23.6113338470459,1.29666662216187,1156,115,72,12.2297811508179,325,255,317,255,10.9359998703003,31.2243022918701,903.783874511719,30.4160003662109,-4.60799980163574,35.0240020751953,21.32200050354,1.29666662216187,0.945557221598364,-2.55305789863574,1.69517780674937,1.09303560910938,-0.266063989629548,0.131602554469683,0.514981339550722,0.0498869034618238,0.358005379313668,-0.025748851941036,-75.6638305766258,39.6500057443147
"198","Geometric",12.3126668930054,23.279333114624,1.07466661930084,1195,118,75,11.651930809021,333,265,321,265,10.4200000762939,30.1644268035889,898.975219726562,29.8800010681152,-4.66400003433228,34.544002532959,21.0260009765625,1.07466661930084,0.87323919610091,-2.86470444473628,1.66488453541168,1.10404918826656,-0.369351318566505,0.227899271011758,0.513639957124043,0.115160571316477,0.39483995183181,0.00656453739395923,-75.58106859221,39.7696125615245
"198","Population-Weighted",12.3126668930054,23.279333114624,1.07466661930084,1195,118,75,11.651930809021,333,265,321,265,10.4200000762939,30.1644268035889,898.975219726562,29.8800010681152,-4.66400003433228,34.544002532959,21.0260009765625,1.07466661930084,0.87323919610091,-2.86470444473628,1.66488453541168,1.10404918826656,-0.369351318566505,0.227899271011758,0.513639957124043,0.115160571316477,0.39483995183181,0.00656453739395923,-75.5719405159535,39.7625122826882
"199","Geometric",12.9548330307007,23.3546676635742,2.29999995231628,1142,109,78,10.9496355056763,315,260,303,265,11.0796661376953,32.7878379821777,853.093933105469,30.1160011291504,-3.67600011825562,33.7919998168945,22.8133335113525,8.84000015258789,1.4057383893315,-2.54378670961099,1.50765886653728,1.39801521373197,-0.349386900567261,0.0422782711661617,0.59146080137329,0.48509772803691,0.0605999506988786,0.0447956801795931,-75.4672389482299,38.8341387045691
"199","Population-Weighted",13.0031671524048,23.4160003662109,2.33200001716614,1138,109,78,10.5558195114136,311,262,299,266,11.0216665267944,32.678092956543,854.46240234375,30.1240005493164,-3.60399985313416,33.7280006408691,22.8700008392334,8.88000011444092,1.40973034590829,-2.54253798671865,1.51183423452105,1.43135429485572,-0.354302218789359,0.0795408211052472,0.616458089368998,0.497514992397132,0.0700614188054199,0.0484296927521688,-75.4537557545292,38.8457874598678
"200","Geometric",13.8358335494995,24.5979995727539,2.76733326911926,1050,104,69,11.8166179656982,293,230,285,230,11.5576667785645,32.8604202270508,884.486755371094,31.5559997558594,-3.6159999370575,35.1720008850098,22.4720001220703,2.76733326911926,1.26823244349192,-1.84679334509697,1.73896499281235,1.26720351169335,-0.21990205422115,0.177547026644531,0.642558000936605,0.00687214121808654,0.325733983544077,-0.0235962579459168,-77.0311623376543,38.9064390743239
"200","Population-Weighted",13.8358335494995,24.5979995727539,2.76733326911926,1050,104,69,11.8166179656982,293,230,285,230,11.5576667785645,32.8604202270508,884.486755371094,31.5559997558594,-3.6159999370575,35.1720008850098,22.4720001220703,2.76733326911926,1.26823244349192,-1.84679334509697,1.73896499281235,1.26720351169335,-0.21990205422115,0.177547026644531,0.642558000936605,0.00687214121808654,0.325733983544077,-0.0235962579459168,-77.0197537536514,38.9124175166086
"201","Geometric",12.0108337402344,22.3886661529541,1.2133332490921,1067,107,70,11.7359085083008,300,224,288,224,11.5883331298828,33.4729461669922,856.386047363281,29.3719997406006,-5.2480001449585,34.6199989318848,20.3239994049072,1.2133332490921,0.82115386394111,-2.06465734543578,1.21318626042723,1.18295004203208,-0.461013027768779,-0.10272005186988,0.60468426221754,-0.0230131367791292,0.314127496597636,0.0252106406699772,-77.6782966120206,38.9061998607318
"201","Population-Weighted",12.804666519165,23.4839992523193,1.76466643810272,1010,100,67,11.1034507751465,282,217,275,217,12.3346662521362,34.5586318969727,878.149047851562,30.8999996185303,-4.79200029373169,35.6920013427734,21.3773326873779,1.76466643810272,1.0057987022766,-1.587668436028,1.43314677534531,1.29844554227594,-0.187485878158421,-0.152560549649727,0.676181800537393,-0.0875717338505951,0.298534527930413,-0.0312409582950295,-77.505136057901,38.9119705056106
"203","Geometric",13.9439582824707,24.6574993133545,2.94916653633118,1037,102,69,11.4753751754761,289,228,281,228,11.4054164886475,32.6522102355957,880.493286132812,31.5349998474121,-3.39499998092651,34.9300003051758,24.0008335113525,2.94916653633118,1.30649400241674,-1.79964079780183,1.82587085592707,1.26079955763498,-0.318241048076943,0.22747178637359,0.768569945979107,0.079936551183282,0.279003353190795,-0.00850790949752325,-77.0104372293262,38.8584292660301
"203","Population-Weighted",13.9439582824707,24.6574993133545,2.94916653633118,1037,102,69,11.4753751754761,289,228,281,228,11.4054164886475,32.6522102355957,880.493286132812,31.5349998474121,-3.39499998092651,34.9300003051758,24.0008335113525,2.94916653633118,1.30649400241674,-1.79964079780183,1.82587085592707,1.26079955763498,-0.318241048076943,0.22747178637359,0.768569945979107,0.079936551183282,0.279003353190795,-0.00850790949752325,-77.0110351113277,38.8649077900744
"205","Geometric",13.8358335494995,24.5979995727539,2.76733326911926,1050,104,69,11.8166179656982,293,230,285,230,11.5576667785645,32.8604202270508,884.486755371094,31.5559997558594,-3.6159999370575,35.1720008850098,22.4720001220703,2.76733326911926,1.26823244349192,-1.84679334509697,1.73896499281235,1.26720351169335,-0.21990205422115,0.177547026644531,0.642558000936605,0.00687214121808654,0.325733983544077,-0.0235962579459168,-77.0192680700334,38.8916837615144
"205","Population-Weighted",13.8358335494995,24.5979995727539,2.76733326911926,1050,104,69,11.8166179656982,293,230,285,230,11.5576667785645,32.8604202270508,884.486755371094,31.5559997558594,-3.6159999370575,35.1720008850098,22.4720001220703,2.76733326911926,1.26823244349192,-1.84679334509697,1.73896499281235,1.26720351169335,-0.21990205422115,0.177547026644531,0.642558000936605,0.00687214121808654,0.325733983544077,-0.0235962579459168,-77.0098304723535,38.8894144806054
"206","Geometric",13.4831666946411,23.8946666717529,2.78399991989136,1091,105,77,10.0191488265991,302,245,302,245,11.6490001678467,33.8830718994141,853.956970214844,30.7439994812012,-3.63599991798401,34.3800010681152,23.8946666717529,2.78399991989136,1.34879838809754,-2.18669541032238,1.74126488570611,1.33124686556253,-0.380911836256037,-0.140583869350858,0.77450106050133,0.169557337366769,0.343265826581313,-0.0162604329982859,-76.7780367413479,38.4530453456882
"206","Population-Weighted",13.4023332595825,23.8253326416016,2.69000005722046,1083,105,76,9.83668804168701,300,243,300,243,11.6193332672119,33.8046455383301,854.626708984375,30.6680011749268,-3.7039999961853,34.3720016479492,23.8253326416016,2.69000005722046,1.31365658378733,-2.15825764309952,1.71683317894049,1.32512446845441,-0.399170637677456,-0.119726971540208,0.781931705755632,0.152972339957423,0.326821197343109,-0.0139981490666331,-76.8056467547733,38.4936776262546
"207","Geometric",13.122166633606,23.7700004577637,2.13733339309692,1104,112,72,12.0785675048828,311,240,300,240,11.675666809082,33.2602157592773,875.459777832031,30.8519992828369,-4.2519998550415,35.1040000915527,21.6106662750244,2.13733339309692,1.16334795097094,-2.16650989741856,1.60044898981546,1.17835270260249,-0.206605259286869,-0.0490948082162502,0.58496374939408,0.00279392731495531,0.354498876684832,0.0106998094856848,-76.7887892724534,38.8839470951311
"207","Population-Weighted",13.385666847229,24.1553325653076,2.28133344650269,1111,114,72,12.4819784164429,315,239,301,239,11.706000328064,33.071533203125,885.811950683594,31.2399997711182,-4.15599966049194,35.3959999084473,22.0153331756592,2.28133344650269,1.21589609251462,-2.14764173452651,1.70965538658948,1.13724641992492,-0.127501241284899,-0.0148625411992919,0.578415863213836,-0.00721982011257548,0.346172019831851,0.0236905360165402,-76.8649806786281,38.934297180343
"208","Geometric",12.7934999465942,23.5486660003662,1.64800012111664,1043,106,69,12.0712842941284,297,222,286,222,11.9890003204346,33.6580581665039,886.330322265625,30.9160003662109,-4.7039999961853,35.6199989318848,21.445333480835,1.64800012111664,1.00111620492851,-1.81601105495433,1.52066388182706,1.19659736560863,-0.190519472372015,-0.0740591967677714,0.614705917144445,-0.0618439398526049,0.311979115381704,0.00746004747165768,-77.235574214623,39.1491060497167
"208","Population-Weighted",12.958833694458,23.7733345031738,1.7553334236145,1061,108,70,11.7242040634155,301,227,288,227,11.9370002746582,33.4519653320312,891.300964355469,31.07200050354,-4.61199998855591,35.6840019226074,21.6833343505859,1.7553334236145,1.04590758847966,-1.89767488139309,1.59387356859307,1.20026286256139,-0.145632081829758,-0.0536486718657975,0.624121355215413,-0.0499802963967251,0.32144574483395,0.01145544734401,-77.1695466750587,39.1076149042498
"209","Geometric",12.8909997940063,23.5879993438721,1.83666658401489,1113,114,73,11.738842010498,313,240,296,240,11.6820001602173,33.1799583435059,880.0546875,30.7560005187988,-4.4520001411438,35.2080001831055,21.4713325500488,1.83666658401489,1.09947352361207,-2.20961791389303,1.57072147012923,1.17647810456364,-0.179809621437738,-0.0612761684104253,0.608878625463251,-0.00154227043765688,0.366621476544285,0.0410020592728085,-77.0128356825707,39.061699481368
"209","Population-Weighted",12.8909997940063,23.5879993438721,1.83666658401489,1113,114,73,11.738842010498,313,240,296,240,11.6820001602173,33.1799583435059,880.0546875,30.7560005187988,-4.4520001411438,35.2080001831055,21.4713325500488,1.83666658401489,1.09947352361207,-2.20961791389303,1.57072147012923,1.17647810456364,-0.179809621437738,-0.0612761684104253,0.608878625463251,-0.00154227043765688,0.366621476544285,0.0410020592728085,-77.0193329934142,39.0434780499563
"210","Geometric",12.9166669845581,23.8700008392334,1.69466662406921,1145,112,76,10.8459930419922,318,254,311,254,10.264666557312,29.8773612976074,898.79541015625,30.3159999847412,-4.03999996185303,34.3559989929199,21.6879997253418,1.69466662406921,0.978969111266827,-2.65760818485491,1.77227743666244,1.2207837559527,-0.440141058750603,0.390292100555807,0.547840118201741,0.140471651215779,0.388166730643315,0.00987518833875397,-76.5324112361124,39.390518505917
"210","Population-Weighted",13.6619997024536,24.7613334655762,2.26400017738342,1121,109,76,10.4014921188354,306,254,298,254,10.57200050354,30.2853221893311,912.044860839844,31.3120002746582,-3.59599995613098,34.9080009460449,24.0013332366943,2.26400017738342,1.16889731161577,-2.41153347737967,2.03939387810811,1.28191306663995,-0.29975828922316,0.402937109671386,0.73182762895555,0.212282743992524,0.373958520288308,0.00687193767359341,-76.6175132324794,39.2972197578683
"211","Geometric",11.8343334197998,22.6533336639404,0.60999995470047,1113,113,72,11.1606817245483,312,243,296,243,11.0826663970947,31.6683807373047,891.605041503906,29.6840000152588,-5.3120002746582,34.9960021972656,20.4820003509521,0.60999995470047,0.717434564148097,-2.40541186823616,1.41327689409851,1.16307456664813,-0.350239426989886,0.0664235217775715,0.59661922252683,0.0253174369681521,0.361161099422069,0.036333612320115,-76.7189095421424,39.5058996983644
"211","Population-Weighted",12.845666885376,23.7613334655762,1.60133326053619,1148,116,76,10.6901607513428,317,254,302,254,10.735333442688,30.8380260467529,897.742370605469,30.511999130249,-4.30000019073486,34.8120002746582,21.6413326263428,1.60133326053619,1.00080457758,-2.57742866813289,1.71619734759029,1.21656466022508,-0.291791557380322,0.241676591692328,0.604036850003553,0.10234523414759,0.402621205347039,0.049379191508657,-76.6837404738449,39.3411804978072
"212","Geometric",13.6505002975464,24.7433338165283,2.28066658973694,1117,108,75,10.6139678955078,306,252,300,252,10.4790000915527,30.1328506469727,911.036071777344,31.2240009307861,-3.55200004577637,34.7760009765625,24.005334854126,2.28066658973694,1.15755935398188,-2.39924314847023,2.03366890629126,1.26113630975099,-0.347791994240298,0.435988840636414,0.716941786012628,0.206823564290934,0.353952718650187,-0.00475989907206358,-76.5812569280176,39.3125589584857
"212","Population-Weighted",13.6619997024536,24.7613334655762,2.26400017738342,1121,109,76,10.4014921188354,306,254,298,254,10.57200050354,30.2853221893311,912.044860839844,31.3120002746582,-3.59599995613098,34.9080009460449,24.0013332366943,2.26400017738342,1.16889731161577,-2.41153347737967,2.03939387810811,1.28191306663995,-0.29975828922316,0.402937109671386,0.73182762895555,0.212282743992524,0.373958520288308,0.00687193767359341,-76.6095581686674,39.3193007846335
"214","Geometric",13.3921871185303,24.0402774810791,2.47152781486511,1109,108,73,12.2517671585083,310,246,307,246,10.8204860687256,31.5466079711914,874.486267089844,30.7458324432373,-3.55416655540466,34.2999992370605,21.8319435119629,2.47152781486511,1.19046191763532,-2.3466741572786,1.70345031639946,1.21972592545939,-0.411529207645697,0.249997805727924,0.54128302537805,0.0993476649388279,0.373314918257013,-0.018816807329463,-76.5056639527281,38.9905749470973
"214","Population-Weighted",13.3921871185303,24.0402774810791,2.47152781486511,1109,108,73,12.2517671585083,310,246,307,246,10.8204860687256,31.5466079711914,874.486267089844,30.7458324432373,-3.55416655540466,34.2999992370605,21.8319435119629,2.47152781486511,1.19046191763532,-2.3466741572786,1.70345031639946,1.21972592545939,-0.411529207645697,0.249997805727924,0.54128302537805,0.0993476649388279,0.373314918257013,-0.018816807329463,-76.5104812226954,38.9903377665522
"215","Geometric",8.68783378601074,18.9640007019043,-2.16533327102661,1069,110,70,14.1564464569092,315,223,302,223,11.0430002212524,32.4107780456543,858.891540527344,25.8040008544922,-8.26799964904785,34.0719985961914,17.003999710083,-2.16533327102661,-0.150460736984152,-2.52233899833774,0.523723429955119,0.94497651214369,-0.860234782937887,-0.323788645190013,0.465582214024563,0.0418685544022445,0.328704342376468,0.0475376818408763,-79.0718875717636,39.5623145042106
"215","Population-Weighted",9.47683334350586,19.9013328552246,-1.5220000743866,995,102,64,14.5101308822632,292,205,279,205,11.679666519165,33.5121841430664,869.346618652344,27.0960006713867,-7.75600004196167,34.8520011901855,17.9213333129883,-1.5220000743866,0.0157113252990183,-1.9037770813142,0.630810287898596,1.00403884248576,-0.683942393327517,-0.286415466264579,0.549216759871103,-0.0490706533408062,0.279421171206032,0.0119849696181484,-78.9725256278784,39.5760721295953
"216","Geometric",13.123833656311,23.6766662597656,2.24866676330566,1128,109,77,11.0856199264526,311,255,307,261,11.1336669921875,32.5355567932129,867.729309082031,30.431999206543,-3.78799986839294,34.2199974060059,23.0539989471436,8.90333271026611,1.39011247691065,-2.45457365062261,1.61248696992026,1.37474072098515,-0.294538261921125,0.0699848734447102,0.556010961515485,0.460052692669278,0.0236440387629611,0.0307438876012606,-76.0073993860912,38.8620518330347
"216","Population-Weighted",13.063666343689,23.6319999694824,2.17133331298828,1123,108,76,11.202317237854,310,253,307,258,11.1799993515015,32.5795555114746,868.962890625,30.4599990844727,-3.85599994659424,34.3159980773926,23.0240001678467,8.84333324432373,1.36627418984143,-2.40635881943669,1.60576786048464,1.36474848282657,-0.293416540262294,0.0615401008441187,0.548951533561408,0.443025042935992,0.00845950475465168,0.0256068711698673,-75.9861603691233,38.9072675930273
"217","Geometric",10.7998332977295,21.3333339691162,-0.197999998927116,1088,110,72,12.1508178710938,308,226,291,226,10.5623331069946,31.0656852722168,872.621520996094,27.92799949646,-6.07200002670288,34,19.2439994812012,-0.197999998927116,0.383917687303127,-2.44746348399064,1.05926002763971,1.09970453139549,-0.7207445398157,0.133468495960204,0.554599591890548,0.0592340301490938,0.337321281077901,0.0743139149387804,-77.4994944844966,39.5205309668093
"217","Population-Weighted",11.2344999313354,21.8846664428711,0.153999969363213,1051,105,70,11.8050928115845,298,220,286,220,11.0383329391479,31.9063873291016,880.671447753906,28.7479991912842,-5.84800004959106,34.5960006713867,19.771333694458,0.153999969363213,0.491708584600879,-2.15080425002536,1.16486858835499,1.16189896248597,-0.584631602043524,0.0712043702491607,0.579773138683084,0.00973488274703083,0.314866984474976,0.030568805464134,-77.4608631376794,39.4903453028391
"218","Geometric",13.4064998626709,23.4333324432373,3.21733331680298,1106,114,79,13.5678606033325,320,246,309,259,11.2930002212524,33.9741287231445,820.591613769531,30.2999992370605,-2.94000005722046,33.2399978637695,22.994665145874,9.3866662979126,1.65184032882117,-2.4286626687997,1.44289836221973,1.26316601056432,-0.416027541731872,-0.0469772943179044,0.533250231440509,0.462300400280881,0.0682098091092778,0.0925239755945305,-75.5856943778754,38.2610184940194
"218","Population-Weighted",13.4663333892822,23.5706672668457,3.18733334541321,1124,115,79,13.2269334793091,323,250,314,264,11.1046667098999,33.4477920532227,827.485290527344,30.2719993591309,-2.92799997329712,33.2000007629395,23.1133327484131,9.4379997253418,1.64534118114071,-2.52829175315954,1.5029221936086,1.25273158306142,-0.421416351662421,0.0132263031253793,0.523158751874052,0.472765038190135,0.0542108003502901,0.0770188069126371,-75.528262538392,38.3290472165311
"219","Geometric",12.2927083969116,23.0479164123535,1.29861116409302,1133,109,71,12.1356534957886,322,249,318,249,10.7736110687256,31.2240886688232,881.985656738281,29.9958324432373,-4.50833320617676,34.5041656494141,20.7020835876465,1.29861116409302,0.887542253767551,-2.51160518855571,1.5412604293961,1.12900634587645,-0.444241414601318,0.145583328735966,0.480124153790056,0.0387517846594112,0.337603935182793,-0.0402368559519386,-75.9404645267771,39.5712494871588
"219","Population-Weighted",12.2670135498047,23.1305561065674,1.12291669845581,1129,109,70,12.1781969070435,320,248,317,248,10.9541664123535,31.4022922515869,891.659912109375,30.1375007629395,-4.74583339691162,34.8833351135254,20.8041667938232,1.12291669845581,0.855626760200636,-2.4424365820881,1.56980287112071,1.11656325952891,-0.371641975964876,0.104892389564609,0.489073797102144,0.0186538813526695,0.327610578449118,-0.053037689059722,-75.935551773928,39.6021479090756
"220","Geometric",13.2661666870117,23.8559989929199,2.32866668701172,1029,100,69,10.2058877944946,283,225,278,225,11.7103328704834,33.5424308776855,870.478515625,30.8839988708496,-4.02799987792969,34.9119987487793,21.8013324737549,2.32866668701172,1.1299244001329,-1.7845375671608,1.52941998884206,1.35905498170558,-0.323917768692911,0.0618719090050129,0.688613065047017,-0.0182279482573608,0.315541785951866,-0.0343784165550121,-77.2666146317028,38.7936640327206
"220","Population-Weighted",13.2661666870117,23.8559989929199,2.32866668701172,1029,100,69,10.2058877944946,283,225,278,225,11.7103328704834,33.5424308776855,870.478515625,30.8839988708496,-4.02799987792969,34.9119987487793,21.8013324737549,2.32866668701172,1.1299244001329,-1.7845375671608,1.52941998884206,1.35905498170558,-0.323917768692911,0.0618719090050129,0.688613065047017,-0.0182279482573608,0.315541785951866,-0.0343784165550121,-77.2612453740744,38.8131871384129
"221","Geometric",13.2136669158936,23.6619987487793,2.44066667556763,1011,97,68,9.87930011749268,275,222,273,222,11.7873334884644,33.9849319458008,857.624572753906,30.7360000610352,-3.94799995422363,34.6839981079102,21.5773334503174,2.44066667556763,1.13766082898324,-1.69269315649417,1.43486529251188,1.40838227479272,-0.382533649197427,0.0368990931389285,0.707433420684391,-0.028063536392014,0.310841358055515,-0.0466660846639306,-77.315026531909,38.7199951877283
"221","Population-Weighted",13.2291669845581,23.7880001068115,2.33933329582214,1027,99,69,10.0862274169922,281,225,278,225,11.6850004196167,33.5621566772461,867.274841308594,30.7840003967285,-4.03200006484985,34.8160018920898,21.7186660766602,2.33933329582214,1.12198376997869,-1.7848481419375,1.50707222855247,1.37567259687205,-0.352679960725588,0.0611126598864207,0.687982155453555,-0.012455878196279,0.316463728654573,-0.0418292169956576,-77.2720782037256,38.7585291419633
"222","Geometric",13.4946670532227,24.1626663208008,2.51866674423218,1053,104,70,11.0725755691528,293,230,285,230,11.5833339691162,33.0801162719727,876.100646972656,31.1639995574951,-3.85199999809265,35.015998840332,22.0746669769287,2.51866674423218,1.19928924863478,-1.9010770758983,1.63807169093344,1.29430491893089,-0.269437579304869,0.108033181851035,0.651587959141063,0.000851299875855679,0.327836721599753,-0.0139776555512821,-77.1009702089442,38.8785219278487
"222","Population-Weighted",13.7469997406006,24.4939994812012,2.68266677856445,1041,102,69,11.0394887924194,288,228,282,228,11.6133327484131,33.0525207519531,883.2568359375,31.4039993286133,-3.73200011253357,35.1359977722168,22.4213333129883,2.68266677856445,1.23450557864386,-1.80487524530331,1.70408273891672,1.31233281150092,-0.244565488851143,0.153239632179274,0.668173278157402,0.0013468343725887,0.317904730965562,-0.0357621524015777,-77.1009707458284,38.8737200937851
"223","Geometric",13.6545000076294,24.2986660003662,2.69066667556763,1032,99,69,10.5688047409058,286,227,281,227,11.5483331680298,33.112548828125,874.645385742188,31.1720008850098,-3.7039999961853,34.8759994506836,23.6146659851074,2.69066667556763,1.2331200710653,-1.78133269809571,1.73055296062846,1.31053336660496,-0.355131130489534,0.13055252077461,0.77873625409831,0.0635555919364273,0.272455683027002,-0.0369446151868519,-77.1011386515318,38.7766164179944
"223","Population-Weighted",13.7775001525879,24.4966659545898,2.72933340072632,1033,100,69,10.7103996276855,286,227,281,227,11.5963335037231,33.0756797790527,881.566528320312,31.3680000305176,-3.69199991226196,35.060001373291,23.7826671600342,2.72933340072632,1.25268989400756,-1.76256840462036,1.78382859664072,1.29992365200678,-0.305243614519808,0.138195125234322,0.777209640697435,0.0599442038082202,0.273289780246734,-0.0348635623147606,-77.1016345115774,38.7934864165479
"224","Geometric",14.0551471710205,24.2705879211426,3.49607849121094,1048,105,73,11.4367980957031,297,238,297,238,12.2632350921631,35.4368515014648,841.065368652344,31.4176464080811,-3.18823528289795,34.6058807373047,24.2705879211426,3.49607849121094,1.56713269033163,-1.86243172339587,1.73056111181659,1.28305252625215,-0.271463961243127,-0.262837826538557,0.780701715860737,0.102202464345078,0.312953370236183,-0.0244692858048096,-77.0026411925312,38.1026844689694
"224","Population-Weighted",13.6771669387817,23.9566669464111,3.02466654777527,1054,102,72,9.39177227020264,291,238,289,238,12.5803337097168,35.7924575805664,845.588012695312,31.2679996490479,-3.88000011444092,35.1479988098145,23.2899990081787,3.02466654777527,1.42256976677714,-1.80264338083671,1.61791136977547,1.38956444035777,-0.172447799193548,-0.360176909821846,0.799824417871796,0.0233352839411132,0.313443431120495,-0.0493788845944108,-77.3471872101735,38.2333549343347
"225","Geometric",13.7200002670288,23.8453330993652,3.16533350944519,1071,104,75,10.1456708908081,299,244,299,244,12.3613328933716,35.7016334533691,834.826477050781,30.9479999542236,-3.67600011825562,34.6240005493164,23.8453330993652,3.16533350944519,1.4842531976808,-1.98508422177473,1.6493055813775,1.3478901160853,-0.276644003781358,-0.384456252855989,0.800963918867596,0.115309871561118,0.334022146230793,-0.0397682748251587,-77.2345528373282,38.080470334638
"225","Population-Weighted",13.675666809082,24.0006675720215,2.99533319473267,1059,103,72,9.47274303436279,292,238,289,238,12.6706666946411,35.8739128112793,848.546508789062,31.3600006103516,-3.96000003814697,35.3199996948242,23.3273334503174,2.99533319473267,1.42399387439511,-1.7943416432063,1.63322847109504,1.37699481039795,-0.128466130347451,-0.385280535127016,0.800496560844608,0.0136891368792495,0.312805811636099,-0.042924154456333,-77.3791343775876,38.2244573445352
"226","Geometric",12.0089998245239,22.6760005950928,0.940666735172272,971,97,63,14.495246887207,287,194,279,194,13.2233333587646,36.1017074584961,878.887084960938,30.5559997558594,-6.07200002670288,36.6279983520508,20.5986671447754,0.940666735172272,0.784549079393765,-1.23101078664593,1.22847584045205,1.09892729794293,-0.105104426968606,-0.495376414747724,0.571952970231415,-0.19079109681369,0.237273756087248,-0.0341515901387493,-78.2459304960527,39.0340672627875
"226","Population-Weighted",11.8754997253418,22.5873336791992,0.761333405971527,971,97,63,14.8735074996948,289,193,280,193,13.1456670761108,35.9014282226562,882.600158691406,30.4079990386963,-6.20799970626831,36.6159973144531,20.5146675109863,0.761333405971527,0.732550317770277,-1.2517515330377,1.21755646276133,1.07233140001964,-0.126117846488001,-0.479311276844176,0.558572990362653,-0.182397465702714,0.237172598927609,-0.0344270000621612,-78.2163457074019,39.080208832841
"227","Geometric",12.8645000457764,23.2840003967285,2.06599998474121,1082,106,74,12.4787693023682,308,225,305,225,12.9836664199829,36.2672271728516,857.141906738281,30.8159999847412,-4.98400020599365,35.7999992370605,21.267333984375,2.06599998474121,1.19069092339652,-1.84635436331273,1.45612054902554,1.21382298548696,-0.0731832437535769,-0.595780412444888,0.552969690049195,-0.0665081663586247,0.349491681892384,-0.0233831306047098,-78.0632757153831,38.4976541817043
"227","Population-Weighted",13.0295000076294,23.6233329772949,2.02600002288818,1081,104,75,11.9304103851318,306,227,303,227,13.0769996643066,36.1322937011719,872.728393554688,31.1280002593994,-5.06400012969971,36.1920013427734,21.6240005493164,2.02600002288818,1.1904922349,-1.8130650222622,1.56500087194762,1.26625572411862,0.016263727125163,-0.589757163588351,0.578230561561707,-0.0479628100588661,0.366194967263556,-0.0429808484924939,-77.9950460889668,38.4776118364612
"228","Geometric",11.675666809082,22.1040000915527,0.911333441734314,923,93,58,16.3943958282471,271,182,270,182,13.3653335571289,37.0518226623535,857.4560546875,29.9720001220703,-6.09999990463257,36.0719985961914,20.1219997406006,0.911333441734314,0.733573864531799,-0.970248854393088,0.974246243536166,1.04742820000983,-0.268606865018686,-0.538323740203915,0.573096653659676,-0.205848022478256,0.207577803158847,-0.0587016928434245,-78.8015968537573,38.564681561161
"228","Population-Weighted",11.7778329849243,22.191333770752,1.01866662502289,944,95,60,16.0420837402344,277,187,274,187,13.2503337860107,36.8597221374512,856.490051269531,30,-5.94799995422363,35.947998046875,21.4860000610352,1.01866662502289,0.796197797241116,-1.08225755593692,1.09893459548686,1.01619641197254,-0.297815791001325,-0.549721063207673,0.6650111510551,-0.133771004007167,0.18640109797591,-0.035768952439479,-78.7689992750785,38.5194786051283
"229","Geometric",13.1529998779297,23.1833343505859,2.76666665077209,1162,120,78,14.5263414382935,334,241,321,241,12.5673332214355,36.3049812316895,824.730712890625,30.5120010375977,-4.10400009155273,34.6160011291504,21.2560005187988,2.76666665077209,1.45584907839866,-2.30883565558707,1.41919947001845,1.05395523193299,-0.166097808998295,-0.594255107435839,0.491242620072789,0.00212021467344005,0.408946906747382,0.0575326933871423,-78.5660951540964,38.0208372999999
"229","Population-Weighted",13.2659997940063,23.4626655578613,2.74399995803833,1136,118,76,14.690601348877,328,235,317,235,12.8853330612183,36.6852684020996,836.893920898438,30.9160003662109,-4.20799970626831,35.1240005493164,21.5139999389648,2.74399995803833,1.45665544151657,-2.10523940611818,1.47278881858069,1.05253143768143,-0.0675321332415222,-0.631461976833542,0.50220806451935,-0.0383696963200891,0.385422264149015,0.0394372177793562,-78.541985921785,38.0722256454323
"230","Geometric",14.6061668395996,24.8680000305176,3.95733332633972,1091,105,77,9.87854766845703,300,252,296,252,12.6810007095337,36.2231521606445,845.67919921875,31.9599990844727,-3.0479998588562,35.007999420166,24.1213340759277,3.95733332633972,1.74562048012225,-1.94940480174262,1.83089617913232,1.43566501171038,-0.0430842914255646,-0.391630845440307,0.79662420020324,0.112573095162929,0.402539259809628,-0.0594207434170084,-77.5291453840079,37.6332555998995
"230","Population-Weighted",14.7151660919189,24.9273319244385,4.13533306121826,1094,106,78,10.3017883300781,305,252,298,252,12.6683330535889,36.3572883605957,840.41162109375,32.0439987182617,-2.79999995231628,34.8439979553223,24.195333480835,4.13533306121826,1.81094581734514,-1.97752202363125,1.83956637219525,1.41738258271306,-0.051173376559881,-0.397869800277535,0.782949352370482,0.120189874157066,0.413784492389802,-0.0457211050232772,-77.4480512461924,37.6242839986609
"231","Geometric",14.3550004959106,24.4886665344238,3.89066672325134,1104,108,79,10.7135162353516,311,254,303,254,12.5260000228882,36.244213104248,831.687561035156,31.57200050354,-2.98799991607666,34.560001373291,23.7853336334229,3.89066672325134,1.74440248117916,-2.10783233580722,1.74923607902432,1.37737336233117,-0.128438489104224,-0.42804866284479,0.753640532922599,0.138356374830586,0.423300045060951,-0.0280624409190326,-77.3240904276438,37.5982385275129
"231","Population-Weighted",14.6921663284302,24.9013328552246,4.13466644287109,1110,108,80,10.8256502151489,314,255,302,256,12.6129999160767,36.248420715332,839.404724121094,32.007999420166,-2.78799986839294,34.7959976196289,24.1879997253418,10.0313329696655,1.98407040606554,-2.08117138985833,1.77032070328931,1.48789267102945,0.0451723048850451,-0.366803537894988,0.624989381732426,0.374807087108122,0.112120051809266,0.0230681422651755,-77.3724594785742,37.5391550908474
"232","Geometric",14.9508333206177,25.228666305542,4.31733369827271,1094,106,78,10.7292318344116,308,252,297,252,12.83899974823,36.5866851806641,846.0166015625,32.4160003662109,-2.67600011825562,35.0919990539551,24.5,4.31733369827271,1.8809814886522,-1.92005130301654,1.90706497090817,1.40589603096635,0.0354984287374186,-0.418279353613902,0.78800549454757,0.116743901930206,0.420763058933806,-0.0470638605825221,-77.453538083146,37.5099368755159
"232","Population-Weighted",14.7589998245239,24.9546661376953,4.19000005722046,1099,106,78,10.2928457260132,306,253,298,253,12.6440000534058,36.3500480651855,839.978332519531,32.0719985961914,-2.71200013160706,34.7840003967285,24.2346668243408,4.19000005722046,1.82944773497802,-1.9917296597992,1.84497393128306,1.41794043457497,-0.0523632881639227,-0.388140371291316,0.786541960428672,0.122462020009952,0.415663090496452,-0.0481990860132012,-77.4966454799242,37.541976546146
"233","Population-Weighted",15.921558380127,25.5572471618652,6.00507259368896,1188,132,76,16.9169101715088,365,248,357,275,10.2018117904663,32.4808502197266,794.740112304688,31.4130439758301,0.00434782635420561,31.4086952209473,25.0949287414551,12.029709815979,2.4460458590725,-2.8305018742294,1.91252329220417,0.83489110146238,-0.579953478509095,0.40122050560002,0.333881171909731,0.402244635427483,-0.081400027682974,0.0829684501867612,-76.268781720685,36.8666409292126
"234","Population-Weighted",15.7842016220093,25.3624992370605,6.00138902664185,1167,129,76,16.4868640899658,356,244,349,270,9.88437461853027,31.9537963867188,787.331481933594,31.1208343505859,0.1875,30.9333343505859,24.9222221374512,11.9958333969116,2.39044586041667,-2.80607978353673,1.84101069714666,0.892391128565623,-0.721543389944671,0.527651008689589,0.357364674683385,0.427666354455932,-0.0758327552017761,0.101429494141176,-76.2011270747186,36.8788757386061
"235","Geometric",15.7901039123535,25.408332824707,5.91388893127441,1180,130,76,16.5549468994141,361,247,352,274,10.0642356872559,32.2012634277344,792.259643554688,31.25,-0.00416666688397527,31.2541675567627,24.9562492370605,11.9055557250977,2.39544566140765,-2.82474600439145,1.86902288707441,0.872278432522132,-0.635242247458949,0.45534755795841,0.355329459664845,0.415370544639438,-0.0735903918194319,0.0878308820577181,-76.2559876647051,36.8928604878391
"235","Population-Weighted",15.7901039123535,25.408332824707,5.91388893127441,1180,130,76,16.5549468994141,361,247,352,274,10.0642356872559,32.2012634277344,792.259643554688,31.25,-0.00416666688397527,31.2541675567627,24.9562492370605,11.9055557250977,2.39544566140765,-2.82474600439145,1.86902288707441,0.872278432522132,-0.635242247458949,0.45534755795841,0.355329459664845,0.415370544639438,-0.0735903918194319,0.0878308820577181,-76.2520451542018,36.8859620840394
"236","Geometric",15.5010004043579,25.2853336334229,5.46333312988281,1185,126,77,16.2614307403564,362,250,346,275,10.3400001525879,32.5443801879883,804.049987792969,31.2280006408691,-0.544000029563904,31.7720012664795,24.7293338775635,11.3480005264282,2.29077459088427,-2.78666829649764,1.85107516755349,0.930896000721896,-0.531861955888337,0.35364596885728,0.387093883113091,0.42736387363819,-0.0252295809113527,0.0617016522648138,-76.4556704034405,37.1235507115442
"236","Population-Weighted",15.5010004043579,25.2853336334229,5.46333312988281,1185,126,77,16.2614307403564,362,250,346,275,10.3400001525879,32.5443801879883,804.049987792969,31.2280006408691,-0.544000029563904,31.7720012664795,24.7293338775635,11.3480005264282,2.29077459088427,-2.78666829649764,1.85107516755349,0.930896000721896,-0.531861955888337,0.35364596885728,0.387093883113091,0.42736387363819,-0.0252295809113527,0.0617016522648138,-76.4445971898662,37.0899995903226
"237","Geometric",15.6580724716187,25.2552070617676,5.81666660308838,1203,133,77,16.772289276123,369,253,360,280,10.2994794845581,32.8008880615234,789.672912597656,31.2437496185303,-0.15625,31.3999996185303,24.7937507629395,11.734375,2.41828898275343,-2.91578316502015,1.85571493215797,0.838850805929249,-0.566529936245983,0.30561046410828,0.333794469508943,0.402557580071247,-0.0550614258249092,0.0814147668264989,-76.3548997638953,36.8446229304921
"237","Population-Weighted",15.6580724716187,25.2552070617676,5.81666660308838,1203,133,77,16.772289276123,369,253,360,280,10.2994794845581,32.8008880615234,789.672912597656,31.2437496185303,-0.15625,31.3999996185303,24.7937507629395,11.734375,2.41828898275343,-2.91578316502015,1.85571493215797,0.838850805929249,-0.566529936245983,0.30561046410828,0.333794469508943,0.402557580071247,-0.0550614258249092,0.0814147668264989,-76.3601891212537,36.8348848689973
"238","Geometric",14.6540002822876,24.5206661224365,4.49733304977417,1135,117,80,13.3642206192017,329,246,328,264,13.0273332595825,37.826171875,809.191040039062,31.9039993286133,-2.53600001335144,34.439998626709,23.9039993286133,10.1313333511353,2.15575098793474,-2.15571773312333,1.65857746841098,1.25119372678414,0.0401177684451379,-0.643290614885174,0.512832563892306,0.292708724353696,0.0734456156663023,0.00749802247716059,-77.3998798393172,36.9479375725652
"238","Population-Weighted",14.7233333587646,24.779333114624,4.3120002746582,1130,111,82,11.6221790313721,324,254,309,261,12.9759998321533,37.2959289550781,826.681945800781,32.1160011291504,-2.67599987983704,34.7919998168945,24.1140003204346,10.1286668777466,2.09371230580813,-2.11877462151887,1.73036512992334,1.434112553851,0.115305507282734,-0.551089298821385,0.605182994112373,0.356946153033644,0.133033131243828,0.0272770536399409,-77.4420088653415,37.1708207565315
"239","Geometric",13.783166885376,23.7639999389648,3.50333333015442,1106,104,82,8.17221832275391,295,259,291,259,13.3976669311523,38.3228454589844,817.47900390625,31.2600002288818,-3.70000004768372,34.9599990844727,23.1106662750244,5.20866680145264,1.72320973759268,-2.01363563233233,1.51603533157305,1.62294288505974,0.0199786255525357,-0.803355715714343,0.823765905343079,0.197917524616486,0.393131601423512,-0.0335488778401285,-78.3847027821424,37.0290527561282
"239","Population-Weighted",13.7008333206177,23.6413345336914,3.46599984169006,1111,104,82,8.43187236785889,297,259,292,259,13.3763332366943,38.4024276733398,813.894470214844,31.1319999694824,-3.70000004768372,34.8320007324219,23,3.46599984169006,1.67211454098897,-2.03780967706603,1.50624040797139,1.57845945490238,-0.02973457877712,-0.82974220681503,0.856763570578011,0.13502301993375,0.489678292248998,-0.050013819176813,-78.3740670918292,37.0470036473216
"240","Geometric",10.9456663131714,20.2999992370605,1.16333329677582,1114,107,76,10.9988822937012,303,234,291,234,11.8959999084473,36.6346397399902,773.869506835938,27.2439994812012,-5.22800016403198,32.4720001220703,18.4386672973633,1.16333329677582,0.865552619800263,-2.38445297372532,0.574371856720855,1.29265129397016,-0.805349293854057,-0.589464410483644,0.636925209629977,0.0473036684885685,0.417012181760722,0.0130118420884718,-80.0869548459651,37.1504667873617
"240","Population-Weighted",10.9456663131714,20.2999992370605,1.16333329677582,1114,107,76,10.9988822937012,303,234,291,234,11.8959999084473,36.6346397399902,773.869506835938,27.2439994812012,-5.22800016403198,32.4720001220703,18.4386672973633,1.16333329677582,0.865552619800263,-2.38445297372532,0.574371856720855,1.29265129397016,-0.805349293854057,-0.589464410483644,0.636925209629977,0.0473036684885685,0.417012181760722,0.0130118420884718,-80.1111308587119,37.1492563702804
"241","Geometric",11.4156665802002,20.8686656951904,1.57599997520447,1123,107,77,11.2926664352417,306,235,295,235,12.1773328781128,37.1350746154785,780.093688964844,27.92799949646,-4.86399984359741,32.7919998168945,18.9713325500488,1.57599997520447,1.02338010960521,-2.32439955718288,0.717847547057948,1.2985863360402,-0.676496310955098,-0.648719713691307,0.624861051798509,0.038241088327147,0.42911570022697,-0.00232394917200985,-80.1123872531063,37.0792804667703
"241","Population-Weighted",11.0741662979126,20.4633331298828,1.27066671848297,1121,107,76,11.2493209838867,305,234,294,234,12.0050001144409,36.8613357543945,776.026184082031,27.4440002441406,-5.12400007247925,32.568000793457,18.5826663970947,1.27066671848297,0.914785506340293,-2.36638917352249,0.617011281691893,1.27926461075826,-0.765228445588795,-0.621623911270098,0.623611195540044,0.0370251377563319,0.415268740362669,0.000881046810950595,-80.0899409342434,37.0878411558388
"242","Geometric",11.7504997253418,21.2146663665771,1.80399990081787,1142,119,77,12.2544374465942,329,250,316,264,12.2876663208008,37.3394508361816,783.915710449219,28.2399997711182,-4.66800022125244,32.9080009460449,19.3186664581299,7.33933353424072,1.33853721524591,-2.57604634319685,0.745982272929382,1.22742051690165,-0.435661836892212,-0.694052062582503,0.459216141440286,0.247283859958904,0.116338562194119,0.0192249571573758,-82.4791583928525,36.8416331385722
"242","Population-Weighted",11.9849996566772,21.5766677856445,1.93466663360596,1125,118,75,12.341968536377,324,245,312,262,12.6713333129883,37.9244995117188,794.68994140625,28.6520004272461,-4.76000022888184,33.4120025634766,19.6873340606689,7.51200008392334,1.38453689815988,-2.38552422587441,0.802061564277835,1.22054519816692,-0.308888294241471,-0.751788003778021,0.485869224730004,0.209854492149148,0.0872916431627775,-0.00929544038155469,-82.4112889971852,36.7892890715695
"243","Geometric",10.974666595459,20.4860000610352,1.0440000295639,1022,105,70,13.0911159515381,299,217,283,219,13.0900001525879,38.9536972045898,786.922546386719,27.9479999542236,-5.6560001373291,33.6040000915527,18.5599994659424,2.67333340644836,0.936451172710204,-1.82347295672543,0.499113080206784,1.21425259424008,-0.524063316145296,-0.872973464226087,0.597492291056792,-0.016843803391661,0.272943995047811,-0.0085208553880338,-81.1298408476726,36.8561192240437
"243","Population-Weighted",10.974666595459,20.4860000610352,1.0440000295639,1022,105,70,13.0911159515381,299,217,283,219,13.0900001525879,38.9536972045898,786.922546386719,27.9479999542236,-5.6560001373291,33.6040000915527,18.5599994659424,2.67333340644836,0.936451172710204,-1.82347295672543,0.499113080206784,1.21425259424008,-0.524063316145296,-0.872973464226087,0.597492291056792,-0.016843803391661,0.272943995047811,-0.0085208553880338,-81.1365102875852,36.8589594760922
"244","Geometric",11.1005001068115,20.8673324584961,0.924000084400177,1049,105,72,11.3558320999146,295,223,282,223,13.059666633606,37.8760643005371,806.935302734375,28.5359992980957,-5.94399976730347,34.4799995422363,18.9726676940918,0.924000084400177,0.842192797868278,-1.88248989993735,0.721647407802468,1.27892033814744,-0.396151032957938,-0.82368937678532,0.664911649261678,-0.0739958483326685,0.37335233213964,0.00748271148109054,-79.5287720766973,38.0400064932017
"244","Population-Weighted",11.1540002822876,21.015998840332,0.863333404064178,1064,106,73,12.0052423477173,298,224,286,224,12.8446664810181,37.2093467712402,815.599609375,28.503999710083,-6.01599979400635,34.5200004577637,19.0826663970947,0.863333404064178,0.814884121643179,-1.96351784058197,0.790694065826452,1.24486221497627,-0.404837508450673,-0.750482145446694,0.63309329779884,-0.0398967451876768,0.384788390004015,0.0123218909759142,-79.3083969658344,38.0238033021683
"245","Geometric",13.5148334503174,23.515998840332,3.19733333587646,1095,109,82,9.80660915374756,300,249,293,249,12.7329998016357,37.092170715332,820.545532226562,30.7040004730225,-3.62399983406067,34.3279991149902,21.5120010375977,4.88199996948242,1.58669675807755,-2.13418786525678,1.37923124878716,1.51925882255173,-0.144644791608187,-0.563721938320579,0.655270142583964,0.157861652053211,0.41314189216306,0.0177057223114018,-79.1116870440469,37.1449381029797
"245","Population-Weighted",13.5741662979126,23.5133323669434,3.32200002670288,1089,108,82,9.83812141418457,298,247,291,247,12.7030000686646,37.2216339111328,815.267395019531,30.7000007629395,-3.42799997329712,34.128002166748,21.5240001678467,4.9946665763855,1.61722321524358,-2.1046870013058,1.35820265162132,1.53216410958295,-0.181869119608773,-0.547677451723332,0.6611360103667,0.15940751153462,0.415298446387684,0.0173506650315673,-79.1819301175523,37.1364280536126
"246","Geometric",10.8411664962769,20.2333335876465,0.924000024795532,1153,119,83,12.3484792709351,336,255,322,258,11.8976669311523,36.6940116882324,781.615844726562,27.0440006256104,-5.38000011444092,32.423999786377,18.3613338470459,6.69933366775513,1.07882232861931,-2.86102658889387,0.596729136329769,1.26297309389002,-0.628426030994477,-0.744102870147033,0.385562409551024,0.357298328579756,0.179272325836552,0.0797154330102349,-81.7971589639375,37.1933741658036
"246","Population-Weighted",10.7523336410522,20.0906658172607,0.867333352565765,1148,118,82,12.4477071762085,334,253,320,257,11.7113332748413,36.3886795043945,777.682189941406,26.8120002746582,-5.37200021743774,32.1840019226074,18.2399997711182,6.6486668586731,1.03868241067255,-2.86370792830377,0.54828467193909,1.25401859528685,-0.70444853088424,-0.677171604994038,0.389413891255772,0.362581718073306,0.167151728040734,0.0767203205588502,-81.7445792843249,37.2109683394164
"247","Geometric",10.7661666870117,20.3299999237061,0.714000046253204,1010,109,71,14.5092697143555,298,220,286,220,11.9283332824707,36.420166015625,793.349975585938,27.1119995117188,-5.6399998664856,32.7519989013672,18.457332611084,2.43266677856445,0.764123400332416,-2.09222432474384,0.508387912726175,1.13558393511731,-0.804536364460803,-0.496636332274437,0.540090207123333,0.114277077053477,0.289807773854112,0.0470583266011114,-81.1679834157236,37.4020427718538
"247","Population-Weighted",10.5430002212524,20.0240001678467,0.546666741371155,1013,108,72,14.2290725708008,298,221,284,222,11.5873336791992,35.8341598510742,788.403076171875,26.6119995117188,-5.72399997711182,32.3359985351562,18.181999206543,6.27133321762085,0.787963326707765,-2.19557714310805,0.379940976964334,1.22518023700997,-0.865251281626626,-0.381850982880477,0.454620130292616,0.31054629266569,0.0807256301573186,0.0884550609936267,-81.1869272117026,37.3734015389476
"248","Geometric",11.8288335800171,21.6133327484131,1.51133334636688,1140,118,81,12.090841293335,328,253,318,253,12.7210006713867,37.4323196411133,813.21337890625,28.8400001525879,-5.14400005340576,33.984001159668,19.6639995574951,1.51133334636688,1.14485933239028,-2.50890449562618,1.02843647321128,1.205347244713,-0.314995916528773,-0.874961057228175,0.552540268925913,0.0549516408716107,0.479312697341744,0.0101352269535874,-81.6453124166885,37.4702885000755
"248","Population-Weighted",11.6380004882812,21.3800010681152,1.34399998188019,1147,120,82,12.6457538604736,333,255,321,255,12.4486665725708,36.9133758544922,810.791015625,28.4799995422363,-5.24399995803833,33.7239990234375,19.4486675262451,1.34399998188019,1.08677764467203,-2.63612695259567,0.991114403956646,1.16575632899457,-0.389180806638462,-0.825065056455031,0.527673556124846,0.0903525508607958,0.493059348977809,0.0316658576062957,-81.6196789108142,37.5190479453316
"249","Geometric",10.2981662750244,20.2526664733887,-0.229333356022835,1103,114,78,12.2834539413452,318,243,308,243,13.1770000457764,37.7564468383789,828.94384765625,27.7759990692139,-7.12400007247925,34.8999977111816,18.3699989318848,-0.229333356022835,0.633405210407516,-2.33751534522145,0.733082043650323,1.17786195450752,-0.289705193326976,-1.0956138473534,0.56997637084449,0.0126352809205091,0.45693217328537,0.00460733340022944,-80.3102798204268,37.9675568508355
"249","Population-Weighted",10.4079999923706,20.503999710083,-0.227333381772041,1067,110,76,12.9649829864502,311,234,301,234,13.307333946228,37.8737869262695,838.795654296875,28.0240001678467,-7.11199998855591,35.1360015869141,18.5699996948242,-0.227333381772041,0.618270200771253,-2.11863915635837,0.758692389951238,1.1754170001215,-0.265583928367098,-1.05682899273824,0.575469258277311,-0.00213076936303544,0.442167799930759,-0.0141074432173462,-80.4016315366895,37.8774949250178
"250","Geometric",11.9483337402344,21.9626655578613,1.39666664600372,1162,130,75,15.5434312820435,344,255,344,255,12.1840000152588,35.8184394836426,830.760437011719,28.9039993286133,-5.11199998855591,34.015998840332,21.9626655578613,1.39666664600372,1.14970106031423,-2.64979128886473,1.31217592288595,0.794710206169151,-0.400997475868633,-0.716074696299113,0.540696065338818,0.0883462158179103,0.319541394464766,0.0417402249544498,-81.4363146390313,38.3036701267837
"250","Population-Weighted",12.583833694458,22.8666667938232,1.85800004005432,1130,127,70,16.2344875335693,337,244,337,248,12.5583333969116,36.1120681762695,849.651489257812,29.988000869751,-4.78800010681152,34.7760009765625,22.8666667938232,7.88800001144409,1.43488379232727,-2.28636691687669,1.40041744677235,0.855636167947791,-0.136216470983599,-0.607954465108982,0.425785839702877,0.241397989702914,-0.0806504179181557,0.0545774401679409,-81.5463908169265,38.2934703007497
"251","Geometric",12.5511665344238,22.8139991760254,1.83933341503143,1136,127,71,15.8923358917236,338,245,338,250,12.4516668319702,35.8961791992188,848.554138183594,29.8799991607666,-4.80800008773804,34.6879997253418,22.8139991760254,7.87333345413208,1.42059645001032,-2.3457419157054,1.39929655201666,0.871909797823826,-0.160760587547486,-0.588428216192947,0.42612421949115,0.255515065897235,-0.0752928665526699,0.0568181342632121,-81.5917166099806,38.3157196547336
"251","Population-Weighted",12.4405002593994,22.7186660766602,1.70333349704742,1118,125,70,16.0275859832764,333,242,333,245,12.625,36.1623497009277,849.788391113281,29.9120006561279,-5,34.9120025634766,22.7186660766602,7.77200031280518,1.37756557682931,-2.23142283418174,1.36426882457378,0.888413573630729,-0.13668169182378,-0.627165092593394,0.43586544498703,0.243929491200176,-0.0779164832312372,0.0583421492811847,-81.6994275557613,38.3783348834291
"252","Geometric",11.8618335723877,22.1900005340576,0.952666819095612,1147,127,79,13.894232749939,332,254,332,254,13.0290002822876,36.763542175293,857.767639160156,29.6040000915527,-5.83599996566772,35.439998626709,22.1900005340576,0.952666819095612,1.0815506022185,-2.44915060679355,1.41613938200034,0.961112051600606,-0.0846940474301241,-0.95579300542955,0.620463794504287,0.0857596129656873,0.384436709294764,0.050568619974297,-81.4734319393122,38.6852543584267
"252","Population-Weighted",12.2244997024536,22.5879993438721,1.3493332862854,1116,124,73,15.1402626037598,329,245,329,245,12.8016672134399,36.2900199890137,858.007385253906,29.9039993286133,-5.37200021743774,35.2760009765625,22.5879993438721,1.3493332862854,1.1387470258452,-2.24953698410417,1.45739125745702,0.874191782486823,-0.156354758908963,-0.760188810072617,0.604167422312341,0.0394093171949772,0.307568998984923,0.0231898702827716,-81.6430181677754,38.521889230112
"253","Geometric",12.3946666717529,22.673999786377,1.65200006961823,1122,125,70,15.8344888687134,333,242,333,247,12.558666229248,36.0508270263672,849.834533691406,29.8360004425049,-5,34.8359985351562,22.673999786377,7.73533296585083,1.36365200179826,-2.25771092898497,1.35271027470504,0.88996737810392,-0.151881359530621,-0.608305775044065,0.442175239602919,0.245297132948436,-0.0814797791599206,0.0518326671464472,-81.6300453425749,38.394711974441
"253","Population-Weighted",12.3946666717529,22.673999786377,1.65200006961823,1122,125,70,15.8344888687134,333,242,333,247,12.558666229248,36.0508270263672,849.834533691406,29.8360004425049,-5,34.8359985351562,22.673999786377,7.73533296585083,1.36365200179826,-2.25771092898497,1.35271027470504,0.88996737810392,-0.151881359530621,-0.608305775044065,0.442175239602919,0.245297132948436,-0.0814797791599206,0.0518326671464472,-81.659328708837,38.384693671076
"254","Geometric",11.5939998626709,22.1959991455078,0.539333343505859,977,100,61,14.5091333389282,287,193,272,193,12.1826667785645,34.190242767334,875.465087890625,29.6959991455078,-5.93599987030029,35.6319999694824,20.1159992218018,0.539333343505859,0.607772164725697,-1.43594741050734,1.10094482891403,1.03274873529795,-0.38344067289235,-0.139447958424259,0.582458638790249,-0.163725456542107,0.213166122637781,0.0109979494944898,-78.1017248591176,39.4495351226115
"254","Population-Weighted",11.9906663894653,22.9519996643066,0.651333332061768,983,102,61,14.4216413497925,288,195,271,195,12.3493337631226,33.9267387390137,901.761169433594,30.4680004119873,-5.93200016021729,36.4000015258789,20.8346672058105,0.651333332061768,0.666820369184854,-1.37580306231603,1.3154003918431,1.02425937438528,-0.187475116571128,-0.104304115848256,0.599908357289824,-0.174830242570801,0.212491715868831,0.0103221039408537,-77.978444181898,39.4176563791109
"255","Geometric",12.3903331756592,22.6893329620361,1.53400015830994,1118,127,75,15.5865535736084,330,247,327,247,13.2346668243408,37.2723541259766,854.188598632812,30.1679992675781,-5.34000015258789,35.507999420166,20.6713333129883,1.53400015830994,1.21590742060017,-2.23712172358503,1.32965901591023,0.944434612455061,0.0179458611206903,-0.88062499564036,0.466734703463625,-0.0365626039609463,0.413165639170739,0.0295068950467154,-82.1852895065657,38.266502340041
"255","Population-Weighted",12.2888336181641,22.6206665039062,1.37600016593933,1108,126,74,15.8677568435669,328,243,326,243,13.0943336486816,36.8149261474609,858.209533691406,30.0599994659424,-5.50799989700317,35.568000793457,20.5886669158936,1.37600016593933,1.14059950833901,-2.2064498657569,1.32301757975175,0.922889774851031,-0.0202858671343795,-0.815256006364215,0.452350032418122,-0.0397286524109258,0.395386225244337,0.0325362814525703,-82.1863914522325,38.3634154643254
"256","Geometric",12.0678329467773,22.0393333435059,1.60599994659424,1197,129,82,14.0312747955322,356,264,344,264,12.4429998397827,36.648796081543,826.681457519531,29.068000793457,-4.88400030136108,33.9519996643066,20.0886669158936,1.60599994659424,1.24759255237543,-2.83376938461054,1.22311237767217,0.986564177216325,-0.254706688322752,-0.841735407360863,0.435884320981776,0.0608673973011926,0.467635169172277,0.0285550877749934,-82.0481201546435,37.7629388116669
"256","Population-Weighted",12.0036668777466,21.970666885376,1.53799986839294,1197,129,82,13.8965873718262,356,265,343,265,12.4026660919189,36.598991394043,826.754028320312,28.9440002441406,-4.94400024414062,33.8880004882812,20.0266666412354,1.53799986839294,1.22603314699361,-2.85386462899142,1.20302642356995,0.991465020424509,-0.2694777176189,-0.835253251681872,0.444609258538432,0.0678159882105012,0.470369117265731,0.0267305066170286,-82.0967046055316,37.7666649146109
"257","Geometric",12.5860004425049,23.1399993896484,1.45133340358734,1096,125,74,16.4271640777588,330,240,324,240,13.1653337478638,36.4529113769531,877.813842773438,30.6280002593994,-5.48799991607666,36.1160011291504,21.1233329772949,13.6040000915527,1.48157881466161,-2.09661176728313,1.30380744821995,1.11291379328722,0.264639701033465,-0.659704948463319,0.162732607575842,0.430275361945085,-0.27908137011422,0.141960178103266,-82.423082082802,38.3796708337177
"257","Population-Weighted",12.6298332214355,23.224666595459,1.48533320426941,1096,125,74,16.3946762084961,329,240,323,240,13.2683334350586,36.6326141357422,879.606384277344,30.7360000610352,-5.48400020599365,36.2200012207031,21.2000007629395,13.6046667098999,1.4990989706545,-2.06739036303709,1.31851645609785,1.11939043708655,0.299305435192625,-0.68416945874155,0.171624360100901,0.424463514366291,-0.274297770547346,0.139414487440518,-82.4149278650074,38.3998869674093
"258","Geometric",10.8626670837402,20.6919994354248,0.51066666841507,1090,122,76,14.9222192764282,326,238,318,238,11.8640003204346,35.5507621765137,817.132568359375,27.4400005340576,-5.93200016021729,33.3720016479492,18.7999992370605,0.51066666841507,0.755876675165145,-2.54241723467418,0.805272681149887,0.966071539016791,-0.642066774046875,-0.607078178606044,0.462723133637437,0.0671319346541469,0.404905922765862,0.066999134534849,-81.1541172979055,37.8332579504951
"258","Population-Weighted",10.7154998779297,20.568000793457,0.3493332862854,1102,123,77,14.7185382843018,330,243,320,243,11.6736669540405,35.1108856201172,819.592651367188,27.1919994354248,-6.05599975585938,33.2480010986328,18.7006664276123,0.3493332862854,0.70616727692488,-2.66737518582078,0.799935605838793,0.96644476565025,-0.671450051098247,-0.574968844458675,0.4636540658743,0.0986068211355445,0.418950354759172,0.0703629670654912,-81.1680436726086,37.7983869407265
"259","Geometric",10.8098335266113,20.6560001373291,0.399999856948853,1077,121,75,14.9850845336914,321,232,314,232,12.1696672439575,36.0049324035645,819.592590332031,27.6639995574951,-6.13600015640259,33.7999992370605,18.7399997711182,0.399999856948853,0.73190588332685,-2.39486098444281,0.790410876201539,0.96898848381878,-0.569051434257743,-0.680508339829516,0.468030306976969,0.0238536279649799,0.391950465378602,0.0730617775077936,-80.9427744955979,37.8124538147381
"259","Population-Weighted",10.5349998474121,20.28733253479,0.248666644096375,1089,122,77,14.7194004058838,326,238,317,238,11.6166667938232,35.0279426574707,811.345642089844,26.9680004119873,-6.19600009918213,33.1640014648438,18.3913326263428,0.248666644096375,0.646449166873736,-2.63350352249511,0.722324136989758,0.976738561461828,-0.734570824283187,-0.564919505410675,0.456547484611308,0.0935460448400986,0.414102388643803,0.091521118347132,-81.0802288348387,37.8079009178842
"260","Geometric",10.6691665649414,21.4353332519531,-0.704666674137115,984,107,59,18.7988319396973,310,196,295,196,12.1029996871948,33.8678092956543,894.520324707031,28.7119998931885,-7.02400016784668,35.7360000610352,19.4246673583984,-0.704666674137115,0.330886625265978,-1.63328562012399,0.999240471457888,0.716344522420615,-0.423732437608568,-0.263350004076236,0.428857076595206,-0.134260161811768,0.207985970663464,-0.00787119678533123,-80.6333382415423,40.0516079451126
"260","Population-Weighted",10.5268335342407,21.2900009155273,-0.829333305358887,995,109,59,19.2917442321777,317,198,299,198,11.7189998626709,33.0187072753906,893.844909667969,28.4400005340576,-7.05200004577637,35.492000579834,19.2346668243408,-0.829333305358887,0.273458506571569,-1.77077123953138,0.987697591094928,0.660401546314642,-0.502601912633687,-0.155466645028544,0.395060478809371,-0.115138936759365,0.203819112602669,0.0114682437947255,-80.6406098379758,40.1886059620236
"261","Geometric",11.3033332824707,21.736665725708,0.200000002980232,1073,110,74,12.649489402771,308,235,308,235,12.4633331298828,35.2031784057617,869.296630859375,29.007999420166,-6.39599990844727,35.4039993286133,21.736665725708,0.200000002980232,0.710301335707835,-2.14094027138099,1.28272480428724,1.09062647840419,-0.323200903455605,-0.638232005952422,0.686001959432692,0.0866636521102954,0.32622251958622,-0.00470039456872163,-81.2562907079054,39.2157145282562
"261","Population-Weighted",11.4791669845581,21.9500007629395,0.358000040054321,1050,110,71,14.0263681411743,306,224,306,224,12.3149995803833,34.8945922851562,872.166076660156,29.1399993896484,-6.15199995040894,35.2919998168945,21.9500007629395,0.358000040054321,0.724962106035357,-1.99935989683238,1.30160814774162,0.997223151708762,-0.379837788263646,-0.514562439296535,0.65531350196059,0.0549643814521752,0.278825340560612,0.00530411806230403,-81.375598211635,39.2724806256168
"262","Geometric",9.3236665725708,19.0906658172607,-0.97133332490921,1306,136,90,11.9396553039551,378,295,363,301,12.4693336486816,36.6056060791016,814.942138671875,26.2280006408691,-7.83599996566772,34.0639991760254,17.2173328399658,10.4553337097168,0.869127490759267,-3.63873167617468,0.53730570813803,1.20792312595403,-0.154616765510962,-1.25474210393929,0.154764582127978,0.608073605328652,-0.054023926799613,0.132750272357252,-80.0294045574175,38.7563176594788
"262","Population-Weighted",9.46166706085205,19.216667175293,-0.848666727542877,1344,141,91,12.2855091094971,391,301,375,312,12.3000001907349,36.2532424926758,815.524658203125,26.2199993133545,-7.70800018310547,33.9280014038086,17.3393325805664,10.6433334350586,0.933054483285541,-3.84126740326056,0.598915774469208,1.12990580730098,-0.137047470017701,-1.23864635367334,0.118890102070665,0.618367674525123,-0.0631863185822292,0.128001495603147,-80.1077144416416,38.805847981577
"263","Geometric",10.9554996490479,21.2266674041748,0.0986665114760399,1154,119,78,13.7505550384521,337,252,337,252,13.2469997406006,37.2525291442871,855.162292480469,28.7880001068115,-6.77200031280518,35.560001373291,21.2266674041748,0.0986665114760399,0.831020899668125,-2.44982789692795,1.21709419098241,0.971640043496278,-0.146262261030177,-1.14511299246089,0.590843970059787,0.0675925115915998,0.369946950835872,-0.0202070802852961,-80.5642516297792,39.1708416544148
"263","Population-Weighted",11.0018339157104,21.4613342285156,0.0726666450500488,1116,111,74,14.2871837615967,327,240,327,240,13.2876672744751,37.1163902282715,865.900634765625,29.0919990539551,-6.70800018310547,35.7999992370605,21.4613342285156,0.0726666450500488,0.781619080392275,-2.16144717646398,1.23775272087505,0.981011864211108,-0.154653375105376,-1.04190664230862,0.60845095467411,0.0363256163317613,0.329113237495085,-0.0619591996841292,-80.3805276866371,39.2479145735104
"264","Geometric",10.8866662979126,21.292667388916,-0.0360000133514404,1128,113,75,14.0223226547241,330,243,330,243,13.2413330078125,37.0573539733887,863.343383789062,28.8920001983643,-6.84000015258789,35.7320022583008,21.292667388916,-0.0360000133514404,0.757726031201493,-2.25584263185187,1.21367698984472,0.976335241646105,-0.167597362282494,-1.06854969270967,0.601826162655268,0.0423843211748635,0.335795691984942,-0.0513455085724933,-80.421736408736,39.2186483813207
"264","Population-Weighted",11.0043334960938,21.4046669006348,0.0793333426117897,1120,111,74,14.3106565475464,328,241,328,241,13.1306667327881,36.9711303710938,862.996459960938,28.9479999542236,-6.56799983978271,35.515998840332,21.4046669006348,0.0793333426117897,0.785209596341194,-2.20968323909169,1.21945239230534,0.976206120566074,-0.211231820428448,-1.00190058901993,0.604539364669064,0.0460819517368336,0.330964714126554,-0.0679696465169285,-80.3279501349014,39.2370575598263
"265","Geometric",10.7058334350586,21.1526679992676,-0.242000102996826,1077,114,67,16.8243083953857,323,221,320,221,12.5176668167114,35.5413589477539,865.215576171875,28.568000793457,-6.65199995040894,35.2200012207031,19.1486663818359,-0.242000102996826,0.579166847509646,-2.07369823938045,0.986422518387531,0.820762339335034,-0.357141306405922,-0.653810379773419,0.402207274255781,-0.097848215537576,0.292046920136028,-0.0237401708463989,-80.0545301415549,39.5864104480163
"265","Population-Weighted",10.8176670074463,21.224666595459,-0.112000070512295,1093,114,68,16.1836681365967,324,227,323,227,12.3553333282471,35.3372993469238,862.544677734375,28.57200050354,-6.39200019836426,34.9640007019043,19.2199993133545,-0.112000070512295,0.624489150572388,-2.17750375244358,1.01692972340517,0.858642574312021,-0.386374087306367,-0.618388816082692,0.408601977481043,-0.0770361743076829,0.305870910923075,-0.0369228805635577,-79.9982100817244,39.5807124213404
"266","Geometric",11.1424999237061,21.0826663970947,0.620666742324829,1261,141,83,15.2288389205933,375,269,375,269,12.8076667785645,37.0978660583496,828.460876464844,28.3239994049072,-6.19999980926514,34.523998260498,21.0826663970947,0.620666742324829,1.06983040872084,-3.10458795927815,1.25180458649777,0.706644853091741,-0.229732928949619,-1.22956085250687,0.433045263933466,0.0707733078287964,0.369391357531036,0.0750111560256166,-80.8078648643791,38.4760606932926
"266","Population-Weighted",10.7740001678467,20.6560001373291,0.26200008392334,1268,142,84,15.2709894180298,377,271,377,271,12.3839998245239,36.3081970214844,825.751281738281,27.6679992675781,-6.44000005722046,34.1079978942871,18.771333694458,0.26200008392334,0.915177056798905,-3.2926314200535,1.05220673478279,0.748584466467313,-0.317663205219106,-1.1124460483887,0.272048157458435,0.0365410743149275,0.438199545592317,0.0713607518466796,-80.8429286853096,38.4013443701271
"267","Geometric",11.1048336029053,21.53733253479,0.198666736483574,933,99,58,16.1090679168701,280,185,271,185,13.2030000686646,36.6424293518066,863.659423828125,29.4519996643066,-6.57999992370605,36.0319976806641,19.5286674499512,0.198666736483574,0.566206840115577,-1.13559568148405,0.870977758764058,0.97570307271177,-0.288761566757371,-0.543507321555538,0.569629040829664,-0.230097348300199,0.202202739962384,-0.0170460243755767,-78.9882246961562,39.3296044174598
"267","Population-Weighted",10.8723335266113,21.3586673736572,-0.104000009596348,947,101,59,16.2840709686279,285,189,275,189,12.9546670913696,36.0532875061035,868.624206542969,29.2080001831055,-6.72399997711182,35.931999206543,19.3533325195312,-0.104000009596348,0.489319008829934,-1.27795562015779,0.868697190106107,0.947042978111789,-0.324553957033492,-0.498628840776749,0.549971516287446,-0.203417934825936,0.216325419942941,-0.00669939416438785,-79.0278032960291,39.4006428017101
"268","Geometric",10.9466667175293,21.0219993591309,0.452666670084,930,98,58,16.9218082427979,280,181,276,181,13.2853326797485,37.6525726318359,832.867858886719,28.9559993743896,-6.32800006866455,35.2840003967285,19.0806655883789,0.452666670084,0.631315138595992,-1.13050708807734,0.691409915095611,0.952615673741732,-0.440051513698293,-0.663235154228056,0.53229308271602,-0.233529083642628,0.197221139337144,-0.0250616546879006,-79.0944229941372,38.8866434770496
"268","Population-Weighted",9.93533325195312,19.8833332061768,-0.536666631698608,991,101,62,15.4101009368896,292,194,284,194,12.2893333435059,35.7081985473633,828.059020996094,27.3239994049072,-7.09200000762939,34.4160003662109,17.9506664276123,-0.536666631698608,0.302355656526932,-1.68408712928664,0.515033157040733,0.961626942241936,-0.713587048404744,-0.519071420370441,0.513747661025796,-0.141272817889055,0.227611248693662,-4.61811781685972e-05,-78.9483833764653,38.9530631318403
"270","Geometric",13.9856662750244,23.6906661987305,3.97333335876465,1160,113,79,10.4811553955078,324,258,315,269,13.5586671829224,39.5066070556641,796.292846679688,31.2439994812012,-3.07599997520447,34.3199996948242,21.791332244873,5.44200038909912,1.93409009112893,-2.18247493365171,1.3751249992253,1.38040060845133,0.04718975425456,-0.926031904845032,0.639949412527931,0.0380054164389039,0.3696894595035,-0.0877463448639076,-80.4471882084152,36.2470631368457
"270","Population-Weighted",14.0550003051758,23.7180004119873,4.05866670608521,1152,112,78,10.5592927932739,322,257,313,270,13.5679998397827,39.5799293518066,793.588439941406,31.2679996490479,-3.01200008392334,34.2799987792969,21.8286666870117,5.54666662216187,1.95139637526711,-2.13946230366361,1.35988904537796,1.38231351458712,0.0412206066194931,-0.910380362852728,0.652202753756923,0.0360196375953392,0.36137147944453,-0.101086834376717,-80.4169005306198,36.1914467526821
"271","Geometric",14.8731660842896,24.6853332519531,4.66800022125244,1121,113,74,11.7460136413574,317,246,317,268,13.0869998931885,38.1100730895996,808.604125976562,31.9120006561279,-2.42799997329712,34.3400001525879,22.8806667327881,15.4300003051758,2.29801518200339,-2.00385356947958,1.46225263903163,1.42667052635554,0.139863294313659,-0.511068232111705,0.401471390641078,0.378084883825247,-0.241104495935969,-0.0396275994237357,-80.2466274036023,36.073718235125
"271","Population-Weighted",14.831000328064,24.6200008392334,4.6473331451416,1128,114,74,11.7559328079224,319,249,318,267,13.1440000534058,38.2760620117188,807.015197753906,31.8880004882812,-2.4520001411438,34.3400001525879,22.8239994049072,15.3973331451416,2.30381184858041,-2.02709588293637,1.45294340076866,1.42200997963263,0.148585030667472,-0.549978819085677,0.396430848372222,0.372354409605182,-0.235350278775333,-0.029049154516059,-80.262762252715,36.0844964685807
"272","Geometric",14.6251668930054,24.1546669006348,4.78933334350586,1154,116,77,12.8978204727173,331,253,331,275,12.6216669082642,38.0216484069824,781.34912109375,31.1760005950928,-2.01999998092651,33.1959991455078,24.1546669006348,10.0279998779297,2.22354476206488,-2.29772415067991,1.52854535551244,1.21604064481907,-0.200506537554218,-0.584938676181901,0.592517198795718,0.306984880527437,0.0486669911682313,-0.0606419004199891,-79.7134352180576,35.858471245069
"272","Population-Weighted",14.5143337249756,24.1113338470459,4.59266662597656,1138,116,77,12.4887580871582,326,253,325,270,12.5606670379639,37.7151908874512,787.200866699219,31.1200008392334,-2.18400001525879,33.3040008544922,22.2453327178955,9.89799976348877,2.12984274986183,-2.29051071445519,1.40738794826223,1.30644264011856,-0.160612749029495,-0.510084762884186,0.46727639230994,0.239003395475934,0.109825112670419,-0.0484346314870869,-79.7638334387169,35.9774431035535
"273","Geometric",14.7236661911011,24.3013324737549,4.86933326721191,1170,118,79,13.0480279922485,335,257,335,280,12.9146661758423,38.463981628418,784.882019042969,31.4119987487793,-2.16400003433228,33.576000213623,24.3013324737549,10.1286668777466,2.27775014190939,-2.32911714898925,1.58535757138186,1.21903009893191,-0.0791780973139039,-0.70562059111247,0.586458687465193,0.319365992992344,0.0741921331014804,-0.0569193288589626,-79.5699957652971,35.8263261846071
"273","Population-Weighted",14.7221670150757,24.3320007324219,4.85133361816406,1160,117,78,12.9095411300659,332,254,332,277,12.8929996490479,38.4177589416504,786.749206542969,31.42799949646,-2.13199996948242,33.5599975585938,24.3320007324219,10.0846672058105,2.26261383441199,-2.27194588032007,1.57955882254695,1.22177159392185,-0.094586257253594,-0.672414233151664,0.59783646096618,0.304203603235752,0.060708149788863,-0.061092988623539,-79.6038121004406,35.8683199376251
"274","Geometric",15.0911664962769,24.8659992218018,4.88399982452393,1130,116,77,12.3018798828125,324,252,322,265,12.5769996643066,37.1397323608398,805.515197753906,31.8360004425049,-2.02799987792969,33.8639984130859,23.0706672668457,6.3866662979126,2.10172592783245,-2.19682207895687,1.67829199203542,1.2570715984844,-0.10243580682485,-0.440052892150564,0.570850162216548,0.0921357199766738,0.311797782813399,-0.059662730701673,-79.8169658780252,36.0710566729988
"274","Population-Weighted",15.0911664962769,24.8659992218018,4.88399982452393,1130,116,77,12.3018798828125,324,252,322,265,12.5769996643066,37.1397323608398,805.515197753906,31.8360004425049,-2.02799987792969,33.8639984130859,23.0706672668457,6.3866662979126,2.10172592783245,-2.19682207895687,1.67829199203542,1.2570715984844,-0.10243580682485,-0.440052892150564,0.570850162216548,0.0921357199766738,0.311797782813399,-0.059662730701673,-79.8222335673174,36.0779236782823
"275","Geometric",15.3225002288818,25.050666809082,5.253333568573,1141,116,76,14.4856777191162,333,241,322,267,13.1929998397827,38.4949798583984,800.868286132812,32.3120002746582,-1.95999991893768,34.2719993591309,24.4580001831055,10.7480001449585,2.36759858424454,-1.99933235890676,1.6742542054959,1.17470577944619,0.0937494808568253,-0.598313827429105,0.56026068342568,0.251098580974902,0.0415512133406316,-0.0418567226182673,-78.5449014674963,35.9316003864325
"275","Population-Weighted",15.7791662216187,25.3979988098145,5.77533340454102,1149,119,76,15.0823602676392,337,239,327,272,12.6309995651245,37.664005279541,793.021301269531,32.3279991149902,-1.20800006389618,33.5359992980957,24.7759990692139,11.2406663894653,2.4933026893348,-2.11723096262616,1.73146393259028,1.11001822123989,-0.0343606040282325,-0.381018432050249,0.536375828700048,0.273154919860835,0.0244899740142012,-0.0416406665464027,-78.6385244101856,35.7879079538741
"276","Geometric",15.7884998321533,25.4053325653076,5.8033332824707,1145,117,76,14.5704555511475,334,240,323,272,12.6830005645752,37.7830085754395,791.772644042969,32.3680000305176,-1.20000004768372,33.568000793457,24.7653331756592,11.2580003738403,2.49519570945071,-2.08383244690145,1.72166587096784,1.15907648389514,-0.0253455991304098,-0.38714594391089,0.561209262096233,0.275164178711326,0.0334793250906588,-0.0488750151603015,-78.6384777848122,35.8087090652086
"276","Population-Weighted",15.7884998321533,25.4053325653076,5.8033332824707,1145,117,76,14.5704555511475,334,240,323,272,12.6830005645752,37.7830085754395,791.772644042969,32.3680000305176,-1.20000004768372,33.568000793457,24.7653331756592,11.2580003738403,2.49519570945071,-2.08383244690145,1.72166587096784,1.15907648389514,-0.0253455991304098,-0.38714594391089,0.561209262096233,0.275164178711326,0.0334793250906588,-0.0488750151603015,-78.6405669633218,35.8097997103501
"277","Geometric",15.4836664199829,25.2773342132568,5.32466650009155,1139,110,77,12.2833614349365,318,248,313,271,13.1453332901001,38.1998519897461,806.363342285156,32.5120010375977,-1.89999997615814,34.4120025634766,24.6206665039062,10.7639999389648,2.35778719656501,-1.96972223915003,1.73895777229657,1.36655133697757,0.11358215301197,-0.540175443782226,0.633229018433289,0.285148548101047,0.0788261310861012,-0.0754805455592286,-78.8874329471884,35.9968881380071
"277","Population-Weighted",15.4836664199829,25.2773342132568,5.32466650009155,1139,110,77,12.2833614349365,318,248,313,271,13.1453332901001,38.1998519897461,806.363342285156,32.5120010375977,-1.89999997615814,34.4120025634766,24.6206665039062,10.7639999389648,2.35778719656501,-1.96972223915003,1.73895777229657,1.36655133697757,0.11358215301197,-0.540175443782226,0.633229018433289,0.285148548101047,0.0788261310861012,-0.0754805455592286,-78.8979855924692,35.9843425903787
"278","Geometric",15.5621671676636,24.9033336639404,5.8580002784729,1192,130,70,18.5262832641602,366,232,366,281,12.940333366394,39.0145111083984,771.269775390625,32,-1.16799998283386,33.1679992675781,24.9033336639404,11.3339996337891,2.61530245773457,-2.23185146493217,1.6395842170668,0.686262434157157,-0.0729159789347064,-0.647223966538871,0.399561945221798,0.142647005936157,-0.138389446605214,-0.106962806400145,-77.2996934394235,35.878706068065
"278","Population-Weighted",15.6296663284302,25.0473327636719,5.85933351516724,1175,128,69,18.4479331970215,364,228,351,278,13.3333330154419,39.5554008483887,776.427551269531,32.3359985351562,-1.37199997901917,33.7080001831055,24.4993324279785,11.297999382019,2.61390134083258,-2.05046147182306,1.58926744947886,0.733056990876503,0.082224174723742,-0.688112598060822,0.431445974776673,0.0963040878262095,-0.109595300529349,-0.0989220401621809,-77.5553655171499,35.8257362165094
"279","Geometric",15.8170289993286,24.965217590332,6.33768129348755,1238,145,73,21.3795623779297,396,241,396,272,11.3000001907349,36.1373748779297,755.440368652344,31.2217388153076,-0.0478260889649391,31.2695655822754,24.965217590332,12.0702896118164,2.70617651171665,-2.83265656154551,1.74911406642773,0.421408730963362,-0.510373527120934,-0.216365652615994,0.167604958852832,0.240696866754269,-0.16413193232538,0.0488782070853122,-76.4316664910307,36.1043709764752
"279","Population-Weighted",15.7961959838867,25.0130424499512,6.25072479248047,1236,144,73,21.0023174285889,394,243,393,275,11.1547107696533,35.6628227233887,761.1171875,31.2000007629395,-0.0782608687877655,31.2782611846924,24.5637683868408,12.0934782028198,2.66485219793841,-2.86177238626535,1.73868632222106,0.465182117254015,-0.503625589943938,-0.136582444638857,0.153027501123983,0.247328898786805,-0.149045267711354,0.0409488534275659,-76.3875205972812,36.1846026562856
"280","Geometric",15.2305002212524,24.6459999084473,5.55866670608521,1147,115,77,10.3862533569336,311,261,303,285,12.6203336715698,38.2434349060059,771.211975097656,31.6440010070801,-1.35599994659424,33,7.05933332443237,10.5966672897339,2.16984418092715,-2.4289648477134,0.417309145862744,1.96820448377454,0.314460318260012,-0.139462415980924,-0.541455190610983,-0.385450276165609,0.649352183064442,-0.214168238933383,-80.99915277875,35.3623331345846
"280","Population-Weighted",15.3276662826538,24.7573337554932,5.56733369827271,1147,114,77,10.0621738433838,309,264,303,283,12.6180000305176,38.1438941955566,775.072143554688,31.6919994354248,-1.38800001144409,33.0799980163574,7.08333301544189,10.691333770752,2.16908002290228,-2.42448739482571,0.452958525022395,2.00284110257211,0.32362586318228,-0.131090096057389,-0.549627389521243,-0.378148431620902,0.652383209422134,-0.217372945782758,-80.9066203761513,35.347751908032
"281","Geometric",15.5681667327881,24.9879989624023,5.78533315658569,1166,115,77,10.9096775054932,313,268,313,284,12.6216659545898,38.1319236755371,775.980285644531,31.8719997406006,-1.22800004482269,33.0999984741211,24.9879989624023,10.9126663208008,2.47672109714143,-2.24807705312782,1.65935056184425,1.41407546262601,-0.112763467053792,-0.466022037819388,0.732927873482944,0.354170816174734,0.108475444670686,-0.0620711591847134,-80.7456062036507,35.2514320017255
"281","Population-Weighted",15.9250001907349,25.4540004730225,6.00333309173584,1150,115,76,10.6216764450073,312,265,304,284,12.4766664505005,37.5170402526855,786.334411621094,32.2519989013672,-1.00399994850159,33.2560005187988,7.58266639709473,11.1646661758423,2.28058471853158,-2.40178440102465,0.615534912736931,1.97229278598755,0.390053053071898,0.0100993295138147,-0.570975333629387,-0.378091351014497,0.642960838017542,-0.219034272417136,-80.8389535558782,35.285734796443
"282","Geometric",16.0651664733887,25.5393333435059,6.18000030517578,1155,115,76,10.8391208648682,313,266,307,284,12.4723329544067,37.567268371582,782.639404296875,32.3479995727539,-0.851999998092651,33.2000007629395,7.77400016784668,11.3120002746582,2.33076152450909,-2.4081828459984,0.646337638950348,1.96278584442212,0.381535074781405,0.00546696402338729,-0.578780782500906,-0.374036870119466,0.64037762518743,-0.221288058464444,-80.8304174648248,35.210952764062
"282","Population-Weighted",16.003999710083,25.4093341827393,6.23200035095215,1160,116,76,11.0994272232056,315,267,308,285,12.4166669845581,37.6856460571289,775.015197753906,32.2000007629395,-0.748000025749207,32.9480018615723,7.80000019073486,11.2933330535889,2.34914266888689,-2.4473077889291,0.610162380766043,1.93917831417726,0.336219401704174,-0.00367590768383014,-0.571458328960285,-0.366558876783603,0.64293362278735,-0.215435136905024,-80.8189199724043,35.2067287205457
"283","Geometric",16.4906673431396,25.7413330078125,6.77999973297119,1195,139,73,20.9339065551758,381,235,381,276,12.6926670074463,38.8344955444336,766.82373046875,32.4519996643066,-0.232000008225441,32.6839981079102,25.7413330078125,11.985333442688,2.89905191289888,-2.35544331179475,1.85203041240611,0.546964257758579,-0.106686835375983,-0.569341318025781,0.297317557803268,0.182243180324053,-0.0984026855543897,-0.0399370700783665,-78.9281238970269,34.9555855674496
"283","Population-Weighted",16.765832901001,26.0653343200684,6.98999977111816,1189,136,74,20.0986385345459,375,236,375,276,12.4543333053589,38.142635345459,771.4541015625,32.6440010070801,-0.00800000037997961,32.6520004272461,26.0653343200684,12.2253332138062,2.91959842166391,-2.34736025401136,1.93637588268708,0.632813481687262,-0.127144835834259,-0.431990547248978,0.329580734087604,0.221546842349206,-0.0844426268919445,-0.0371407765518293,-78.9764461883045,35.0228176890403
"284","Geometric",16.8514995574951,25.511999130249,7.75133323669434,1329,184,69,31.3399505615234,475,233,475,289,12.827000617981,40.6999626159668,718.98291015625,32.1319999694824,0.61599999666214,31.5160007476807,25.511999130249,12.796667098999,3.41933877991309,-3.03508663651589,1.83059832711079,-0.515727903479037,-0.125534778678428,-0.983946206423153,-0.205392254487781,-0.0436398156532367,-0.286073736722995,0.0501304641477154,-78.2240759388585,34.3840010251323
"284","Population-Weighted",16.9109992980957,25.478666305542,7.98199987411499,1380,188,73,32.1234397888184,503,244,493,298,12.4093332290649,40.2064971923828,708.875793457031,31.7719993591309,0.907999992370605,30.8639984130859,25.1126670837402,12.9653329849243,3.4981725021041,-3.4078741650923,1.84818831742602,-0.587538809214957,-0.208074841819704,-0.960132439358392,-0.310432412637856,0.00147968084146871,-0.241403201043789,0.0598882241296527,-78.0947028774778,34.2742336844404
"285","Geometric",16.4401664733887,25.232666015625,7.22933340072632,1351,169,78,26.0184288024902,459,254,456,305,11.9556665420532,38.5120048522949,729.342163085938,31.503999710083,0.46000000834465,31.0440006256104,24.8080005645752,12.4126663208008,3.17760959876803,-3.36857078876298,1.83279498352064,-0.0329721135443111,-0.276841450059482,-0.716942640088392,-0.0850151358432652,0.158718128509354,-0.127055222781913,0.0197303417314062,-77.240906477681,35.0444913122249
"285","Population-Weighted",16.5146675109863,25.3193340301514,7.24933338165283,1349,170,77,26.430980682373,460,252,458,302,12.0999994277954,38.7423133850098,732.601989746094,31.6240005493164,0.392000019550323,31.2320003509521,24.8793334960938,12.4713335037231,3.19314913091425,-3.31524866563266,1.8526189912422,-0.0715647330460064,-0.236165998260507,-0.754616183952732,-0.103377743772434,0.133469398217399,-0.146737622903551,0.0188023507937847,-77.3270013386045,35.0160924205795
"286","Geometric",13.3813333511353,22.8393325805664,3.61066651344299,1256,119,90,9.71281051635742,346,276,336,281,13.7133331298828,40.0599822998047,776.617492675781,30.431999206543,-3.79999995231628,34.2319984436035,20.9366664886475,5.08199977874756,1.88896432026883,-2.69905084170324,1.2976124677855,1.43388562615554,0.0609386578723633,-1.27505080194834,0.562734285809481,0.128801394305828,0.485334718073082,-0.0252264028831905,-81.3515015225851,36.0588761113902
"286","Population-Weighted",13.8568334579468,23.3933334350586,4.0513334274292,1244,120,91,9.59170341491699,341,278,331,286,13.4409999847412,39.4071769714355,781.6787109375,30.7880001068115,-3.3199999332428,34.1080017089844,21.503999710083,5.4573335647583,1.98794959215924,-2.70890997127644,1.41637096210864,1.47046595751881,0.0640566111302614,-1.10824054142434,0.597863116250653,0.178304998995254,0.510332558715265,-0.0140074020052044,-81.3066973116605,35.9133828346338
"287","Geometric",11.9958333969116,20.8333339691162,2.86266660690308,1367,141,88,11.6125774383545,376,299,352,344,13.385666847229,41.2832069396973,728.787475585938,27.9839992523193,-4.44000005722046,32.423999786377,4.1613335609436,12.6999998092651,1.83004959331671,-3.63513718496437,-0.395731615270469,1.70225251222206,0.406100731313421,-1.16839644243859,-0.700502596093018,-0.117794284733714,0.491298872122883,-0.17113980669168,-82.82708757453,35.5050853798611
"287","Population-Weighted",12.1520004272461,20.9373340606689,2.98199987411499,1398,142,97,10.5645408630371,376,315,366,341,12.953332901001,40.4134941101074,726.441345214844,27.92799949646,-4.12400007247925,32.0519981384277,11.8073329925537,12.8813333511353,1.96832526235432,-3.8635352989075,0.251726584969001,1.62285943231104,0.104032153093051,-1.28733293523866,-0.215160496963545,0.320651565502327,0.365768586038985,-0.0290200461336845,-82.6556766768151,35.4897461767455
"288","Geometric",13.136833190918,22.3766670227051,3.52333331108093,1218,124,81,12.2526359558105,331,264,328,294,13.2943334579468,39.9757423400879,762.783142089844,29.5920009613037,-3.66400003433228,33.2560005187988,12.8826665878296,8.6453332901001,1.82459231316365,-2.69216940467618,0.475081581866962,1.5185940062461,0.11295154490307,-0.90752117597427,-0.0572621161240871,-0.064072514004551,0.434861138541993,-0.138912228056791,-82.55239926877,35.5801925629893
"288","Population-Weighted",13.136833190918,22.3766670227051,3.52333331108093,1218,124,81,12.2526359558105,331,264,328,294,13.2943334579468,39.9757423400879,762.783142089844,29.5920009613037,-3.66400003433228,33.2560005187988,12.8826665878296,8.6453332901001,1.82459231316365,-2.69216940467618,0.475081581866962,1.5185940062461,0.11295154490307,-0.90752117597427,-0.0572621161240871,-0.064072514004551,0.434861138541993,-0.138912228056791,-82.5621104046586,35.5784408614053
"289","Geometric",13.3281669616699,22.4699993133545,3.81666684150696,1497,160,88,15.2405195236206,440,304,375,411,14.0276670455933,41.8236923217773,756.554748535156,29.9440002441406,-3.59599995613098,33.5400009155273,5.27866649627686,14.0233335494995,2.36667046651318,-3.93874320524899,-0.0796020653588398,1.28317677852053,1.10314064448576,-1.23474530109541,-0.703262612703686,-0.195324159348208,0.45937107578981,-0.2701878056386,-83.9629286650574,35.109385264028
"289","Population-Weighted",13.4029998779297,22.5433330535889,3.91400003433228,1509,161,90,14.8025789260864,444,310,374,415,14.0386667251587,41.8564910888672,756.191650390625,29.992000579834,-3.5479998588562,33.5400009155273,5.35733318328857,14.0926666259766,2.40452188784685,-4.01769628965545,-0.0536060264051508,1.320290083921,1.13762899769948,-1.25450099364635,-0.683930410772563,-0.168226718397139,0.493439021373555,-0.254698890976252,-83.9495319477562,35.0597076130413
"290","Geometric",16.9443340301514,25.8593330383301,7.60933303833008,1187,128,73,19.86350440979,371,241,371,291,12.8713331222534,39.7263374328613,737.901672363281,32.9160003662109,0.516000032424927,32.4000015258789,25.8593330383301,12.5179996490479,3.10065377810737,-2.24127430064746,1.80267506825691,0.743548696951608,-0.100690481081206,-0.594129735707154,0.395606274257962,0.217038456379931,-0.0331121416542723,-0.13174893223152,-80.8215310227992,34.0035254939841
"290","Population-Weighted",17.4671669006348,26.4486656188965,8.08933353424072,1170,128,71,20.5818634033203,367,235,367,290,13.0349998474121,39.8575096130371,742.869079589844,33.6479988098145,0.944000005722046,32.7039985656738,26.4486656188965,13.0340003967285,3.23803115695883,-2.06294161916513,1.90906584479647,0.71527071320962,0.000618991905479455,-0.53641915637015,0.409564081567479,0.189240229044944,-0.0576475849455209,-0.136803926373196,-80.9471554351412,33.9883619683546
"291","Geometric",17.1696662902832,26.1013336181641,7.87199974060059,1167,128,71,20.9091014862061,369,233,369,289,13.0886669158936,40.1640663146973,737.826110839844,33.2960014343262,0.708000004291534,32.5880012512207,26.1013336181641,12.7693338394165,3.17783776933322,-2.0767586071608,1.81785386257466,0.687854630011814,-0.0405944057943996,-0.604302078555347,0.394180586027673,0.183460029676878,-0.0582249661760635,-0.142859014077419,-80.888952103567,33.9233775429305
"291","Population-Weighted",17.1428337097168,26.0486660003662,7.8459997177124,1172,129,71,20.8889007568359,371,234,371,289,13.095666885376,40.1756858825684,736.805786132812,33.2000007629395,0.60400003194809,32.5960006713867,26.0486660003662,12.7573328018188,3.16938703590763,-2.10579548496784,1.81056245291351,0.67392017950735,-0.0428902011569785,-0.623836501562041,0.385347424320551,0.179767705993173,-0.064364237247635,-0.138597676144018,-80.8385191891243,33.937626780403
"292","Geometric",17.3986663818359,26.4546661376953,7.9593334197998,1170,126,72,19.6168727874756,360,239,360,291,13.0033330917358,39.6153221130371,747.884399414062,33.6440010070801,0.819999992847443,32.8240013122559,26.4546661376953,12.9153337478638,3.19017763070589,-2.06623067573442,1.92099080499206,0.805900305420825,0.0166099094115545,-0.510811531128895,0.452807758584994,0.218797895274576,-0.0285130746729726,-0.131342418966434,-80.9699642102645,34.0547937997201
"292","Population-Weighted",17.2958335876465,26.3406658172607,7.88533353805542,1169,126,72,19.5518455505371,359,239,359,291,13.0289993286133,39.732250213623,746.269775390625,33.5639991760254,0.772000014781952,32.7919998168945,26.3406658172607,12.8293333053589,3.172331873635,-2.06541076178779,1.88873305444229,0.811231013243203,0.00951597917386168,-0.530142798143201,0.458123573383262,0.216717646168219,-0.0245872744045178,-0.130436946667966,-81.0089023780922,34.0591501377945
"293","Geometric",15.5033330917358,24.8986663818359,5.92600011825562,1241,130,84,10.738208770752,351,288,313,319,13.5846672058105,40.2723426818848,767.610229492188,32.3320007324219,-1.39999997615814,33.7320022583008,7.43333339691162,19.492000579834,2.7061667031563,-2.77409759555192,0.376206835894152,2.04026835950108,0.895744022764581,-0.518517311295757,-0.686716284316502,-0.0349191955947064,0.292214201254713,-0.0877267175960898,-81.8634966348868,34.7809383979932
"293","Population-Weighted",15.699333190918,25.1940002441406,5.96799993515015,1276,133,87,10.3467893600464,355,300,324,323,13.4213333129883,39.5582809448242,777.950988769531,32.5480003356934,-1.37999999523163,33.9280014038086,7.5460000038147,16.1539993286133,2.64115528120473,-2.97212211641485,0.583107210535602,2.01373722272812,0.894341403105373,-0.525810350427092,-0.664446875783194,-0.128597240866041,0.518935581189444,-0.0959005196046494,-81.9482341227531,34.8774269998811
"294","Geometric",18.1301670074463,26.3573341369629,9.48866653442383,1292,167,64,30.6754035949707,462,230,462,275,12.6256656646729,41.1313095092773,683.960021972656,32.939998626709,2.24399995803833,30.6959991455078,26.3573341369629,14.2620000839233,3.77827352720528,-2.68879737905925,1.90623282455397,-0.336895577765725,-0.302648195734169,-0.760722377588427,-0.154406843457802,-0.0591070596376972,-0.3091370613531,-0.037751115991145,-80.0890055288565,33.0588304781167
"294","Population-Weighted",18.5378341674805,26.6840000152588,9.92399978637695,1274,171,63,32.9929847717285,462,224,462,263,12.059666633606,40.11865234375,679.680603027344,32.9039993286133,2.84400010108948,30.0599994659424,26.6840000152588,14.7593326568604,3.8529204224513,-2.68973217966185,1.95648088558082,-0.45422312833021,-0.463166764368719,-0.512624728520159,-0.220937598429308,-0.0191048566682084,-0.320880798763829,0.02984080343167,-80.029045894683,32.9819910956647
"295","Geometric",17.1338329315186,25.8166656494141,8.10133361816406,1222,151,70,25.1842632293701,415,231,415,277,13.0676670074463,41.1243286132812,716.2451171875,32.7760009765625,1,31.7760009765625,25.8166656494141,12.9320001602173,3.35915111310875,-2.42078612470458,1.78727151529733,0.188186674370725,-0.153062642592585,-0.825658372293215,0.118795547056399,0.051053032657805,-0.160221831728183,-0.0462569415519659,-79.4984803448951,34.0648665684883
"295","Population-Weighted",17.1956672668457,25.8800010681152,8.17000007629395,1251,154,70,25.8178291320801,427,236,427,281,13.0153331756592,41.0837554931641,716.902587890625,32.7280006408691,1.04799997806549,31.6800003051758,25.8800010681152,13.0060005187988,3.40312899145772,-2.55100244931911,1.8312817113195,0.108009653634458,-0.148781558295662,-0.856008034322446,0.0683146536537188,0.0466034630178942,-0.172933446648131,-0.0582770948142435,-79.3340433935012,33.9754878038734
"296","Geometric",15.7058334350586,25.0166664123535,6.15199995040894,1325,139,93,11.7551956176758,384,299,317,356,13.0196666717529,39.324836730957,762.94482421875,32.2080001831055,-0.899999976158142,33.1080017089844,7.69999980926514,19.7093334197998,2.85241216420571,-3.30743199613821,0.419474980787452,1.96166689231503,0.947444879495992,-0.395882025692707,-0.636655752333096,0.119925107336048,0.411164832419888,-0.0531789626287281,-82.5682368948926,34.6089499793262
"296","Population-Weighted",15.5283336639404,24.8699989318848,5.9539999961853,1356,142,96,10.8728189468384,387,314,330,357,12.8433332443237,38.9475173950195,764.821350097656,31.9759998321533,-1,32.9759979248047,7.51399993896484,19.5533332824707,2.81690219734688,-3.55026322998962,0.479980879123465,2.00927062373543,0.903112149707892,-0.447898813577955,-0.695768322534547,0.156631902339288,0.44500872096036,-0.0275801608987175,-82.4637797959908,34.7133108338927
"297","Geometric",15.6365003585815,24.9393329620361,6.05000019073486,1209,124,79,13.2462863922119,333,270,330,298,12.349666595459,37.8638305664062,763.156372070312,31.7759990692139,-0.839999973773956,32.6159973144531,7.53066682815552,11.0573329925537,2.3620125896142,-2.73703927757793,0.555976933188049,1.76472079434682,0.301576389822595,-0.139914849779012,-0.661988086459109,-0.333856485963049,0.661277993258381,-0.206030525734082,-80.9358199368453,34.8365782187847
"297","Population-Weighted",15.8359994888306,25.2239990234375,6.13933324813843,1196,122,78,12.5248193740845,330,271,321,297,12.3526668548584,37.6467971801758,771.008544921875,32.023998260498,-0.787999987602234,32.8119964599609,7.65799999237061,11.191333770752,2.37152974920882,-2.66015382024367,0.597002890025123,1.82041875489379,0.353602630006321,-0.0654328653604507,-0.622717247597501,-0.340638003100568,0.662102560335769,-0.207621862460561,-80.9510909636431,34.9316094363498
"298","Geometric",17.2518329620361,26.1033325195312,8.02266693115234,1197,121,69,19.284143447876,361,230,361,312,14.2036666870117,42.6792907714844,731.82861328125,33.6399993896484,0.360000014305115,33.2799987792969,26.1033325195312,17.8013324737549,3.42161915021175,-1.84511342627907,1.63616396674111,0.872899761400252,0.314065669308879,-0.917225147814912,0.425259068188976,0.29862835651616,-0.343253178484606,-0.266751854728435,-81.7289442259807,33.4926186459772
"298","Population-Weighted",17.2273330688477,26.1580009460449,7.93266677856445,1187,120,69,18.4172172546387,350,227,350,313,14.2533340454102,42.5879440307617,737.848449707031,33.7760009765625,0.30799999833107,33.4680023193359,26.1580009460449,17.7613334655762,3.38868037285109,-1.76278813030448,1.62880594163333,0.940151647661317,0.358181872733082,-0.87559765261488,0.488003186465414,0.299101472530765,-0.337605623040494,-0.260146598268958,-81.8117193000765,33.5390232139546
"299","Geometric",18.454833984375,26.457332611084,9.99066638946533,1274,171,61,30.8889770507812,460,219,460,276,12.7343330383301,41.8122329711914,667.525268554688,33.2280006408691,2.7720000743866,30.4560012817383,26.457332611084,14.5886669158936,3.92369291282301,-2.5632681689087,1.84672226711077,-0.418956618421099,-0.306791942396752,-0.745530594948234,-0.13271948582567,-0.15286722945691,-0.365366944196032,-0.0387096235559897,-80.9537923645852,32.5446478350477
"299","Population-Weighted",18.7992744445801,26.6413040161133,10.4246377944946,1267,181,62,33.4345703125,468,219,468,263,11.4644927978516,39.3498497009277,659.066711425781,32.8130416870117,3.67826080322266,29.1347808837891,26.6413040161133,15.2260866165161,3.97108479775733,-2.83420222242555,1.91884239795198,-0.585083666858276,-0.638136049738633,-0.308790876602747,-0.265503846442248,-0.0623652192113539,-0.375293043252678,0.110350152934396,-80.8749757882241,32.3997696820852
"300","Geometric",16.3039989471436,25.2746658325195,6.86466646194458,1323,145,90,15.2694787979126,399,281,316,365,11.9193334579468,37.7003211975098,744.016479492188,31.8680000305176,0.252000004053116,31.6159992218018,8.48333358764648,16.8559989929199,2.91463894124225,-3.42124137449431,0.433555306747275,1.60681478408586,0.61577902622525,0.0409097562451315,-0.539890078643437,0.036492554766076,0.534843128626669,-0.0698948356192884,-84.0641454789742,33.8487191282498
"300","Population-Weighted",16.4316673278809,25.4986667633057,6.86133337020874,1345,147,90,15.1366443634033,403,285,320,371,11.7626667022705,37.0921630859375,753.134887695312,31.9680004119873,0.256000012159348,31.7119998931885,8.51466655731201,16.9606666564941,2.91901871061214,-3.51860830291565,0.505142459712116,1.58836016786829,0.654312468974241,0.11215184059706,-0.559284555114203,0.039641807120861,0.527749296322875,-0.0759850807980708,-84.1894990788118,33.9126678904375
"301","Geometric",15.414999961853,24.4580001831055,5.97333335876465,1371,155,82,17.5189323425293,409,271,327,373,12.7580003738403,39.6309661865234,747.134704589844,31.3959999084473,-0.796000003814697,32.1920013427734,7.58266687393188,20.716667175293,2.90928116393776,-3.33806679180246,0.102770925195222,1.3628548686672,0.865554565028997,-0.275984019188509,-0.684579089935734,0.0268689933601816,0.155402064935802,-0.0985886124827201,-84.9081078878345,34.0401063601538
"301","Population-Weighted",15.5745000839233,24.6686668395996,6.04333353042603,1360,151,84,17.6049938201904,407,267,324,376,12.4316663742065,38.7424163818359,753.23486328125,31.4519996643066,-0.636000037193298,32.0880012512207,7.6560001373291,16.1453342437744,2.76640050560089,-3.35770985343166,0.222834717098401,1.33229023191285,0.755650397431047,-0.156646565846715,-0.576999308856943,-0.0927553095329045,0.44106591015252,-0.153118236239191,-84.7452275450565,33.9953913815997
"302","Geometric",16.3843326568604,25.1560001373291,7.20866680145264,1310,149,76,18.7103672027588,403,253,321,371,12.9086666107178,40.6035041809082,726.357727050781,31.8920001983643,0.100000001490116,31.7919998168945,8.71866703033447,17.0313339233398,3.06864088256212,-2.96445296927756,0.190796525655214,1.21143621398577,0.738526301187626,-0.224235693608519,-0.506119788380749,-0.198356302567739,0.322375419783121,-0.232793629527412,-84.5462552697266,33.2415134524255
"302","Population-Weighted",16.3950004577637,25.279333114624,7.04333305358887,1290,144,78,17.240421295166,393,260,319,357,12.2726669311523,38.7199211120605,737.1630859375,31.8400001525879,0.144000008702278,31.6960010528564,8.63333320617676,16.9993324279785,2.93619469353852,-3.03852812029809,0.314687304048727,1.36831880095471,0.591379530263336,0.0137837084449193,-0.554271787960992,-0.133094970301287,0.349859316871197,-0.175685468011383,-84.4246375386528,33.4173207899157
"303","Geometric",16.4785003662109,25.5046653747559,6.9466667175293,1287,141,81,16.3321914672852,386,268,315,353,11.4883337020874,36.619701385498,749.892028808594,31.7600002288818,0.388000011444092,31.3719997406006,8.60066699981689,21.699333190918,2.9641310344197,-3.19249824836377,0.368537404105483,1.57735383700844,0.521964464814373,0.353751571173457,-0.690796296912158,0.14739188347304,0.14575675069919,-0.0863809418893518,-84.4232152153296,33.7724869722853
"303","Population-Weighted",16.5370006561279,25.5926666259766,6.96533346176147,1289,141,82,16.1657676696777,386,268,314,355,11.510666847229,36.5882606506348,752.641906738281,31.8880004882812,0.428000003099442,31.4600009918213,8.63933372497559,17.0799999237061,2.85568180485007,-3.20316200336595,0.458761563591604,1.51796757484714,0.489068423173709,0.319815225366295,-0.574416978014095,-0.0236764331233219,0.417265307192587,-0.124897962337053,-84.3946236439337,33.7940658462247
"304","Geometric",18.4055004119873,26.5240001678467,9.80266666412354,1198,135,65,22.8073043823242,384,218,384,300,13.2843332290649,42.935791015625,678.198059082031,33.568000793457,2.62800002098083,30.9400005340576,26.5240001678467,19.0606670379639,3.90245198661478,-1.99266283203528,1.60631545174205,0.515386020584232,-0.0983505899335567,-0.643622713450763,0.266370056885699,0.198404745509027,-0.436721806419162,-0.220818137877488,-82.1088168730413,32.4889572964252
"304","Population-Weighted",18.5076675415039,26.593334197998,9.94066619873047,1209,137,65,22.980525970459,389,222,389,301,13.2293329238892,42.8744277954102,675.593383789062,33.6079978942871,2.75200009346008,30.8559970855713,26.593334197998,19.1573333740234,3.94665519871393,-2.05809541466707,1.63672277694994,0.487901168801677,-0.103604789197086,-0.643918323634036,0.244535049828452,0.195230661198269,-0.43767805690772,-0.212439628534645,-82.0766683932758,32.4258349181264
"305","Geometric",14.3658332824707,23.2606658935547,5.11066675186157,1558,167,112,13.0805368423462,462,348,359,428,12.7949991226196,39.9095458984375,733.857543945312,30.1959991455078,-1.8639999628067,32.0599975585938,6.57333326339722,19.6013336181641,2.86745894327208,-4.734849745802,0.16439893503664,1.74372005926089,1.04489624830251,-0.904712865703977,-0.680163815036034,0.408082633338928,0.596328590936707,0.0377930685245091,-83.800929405384,34.5793528030312
"305","Population-Weighted",15.0523328781128,24.0806674957275,5.65133333206177,1469,161,105,14.6070594787598,446,327,333,409,12.445333480835,38.867374420166,744.691528320312,30.8719997406006,-1.14800000190735,32.0200004577637,7.18199968338013,20.3239994049072,2.92129018655612,-4.28392574483555,0.222515991520926,1.71236237115861,0.990868589013677,-0.492392655969039,-0.639721288919219,0.380124030664125,0.52783679022544,0.053216498275565,-83.83383135513,34.3785492860598
"306","Geometric",16.279333114624,25.2646675109863,6.93666648864746,1244,137,78,17.0828704833984,376,248,314,341,12.8213329315186,39.6601524353027,740.704711914062,32.3279991149902,0,32.3279991149902,8.50333309173584,16.8393325805664,2.89936994550787,-2.71530592668876,0.315698616799939,1.46565662062455,0.664074750254007,-0.133021245227282,-0.573068479684685,-0.181197778429966,0.355280743705763,-0.18529282470396,-83.137581878322,33.8571366534359
"306","Population-Weighted",16.6604995727539,25.7373332977295,7.1966667175293,1262,140,83,15.9283876419067,379,258,312,343,12.7630004882812,39.290111541748,749.094665527344,32.7760009765625,0.292000025510788,32.484001159668,8.81533336639404,17.1526660919189,2.99736823669846,-2.84562839027067,0.469682117577212,1.56844048864281,0.755889120791646,-0.100651987226875,-0.562375004868345,-0.132840203563079,0.424632159380856,-0.123376560115445,-83.3756242138436,33.9540365880646
"307","Geometric",14.6983337402344,24.1086673736572,4.90999984741211,1457,162,91,15.9637584686279,429,305,329,400,12.9399995803833,39.1031074523926,776.141357421875,31.2280006408691,-1.8639999628067,33.0919990539551,6.49200010299683,20.2646675109863,2.7367445730633,-3.84543564191678,0.126843625133704,1.50396439471635,1.17873803931983,-0.464664590690193,-0.696830764442501,0.148424940217357,0.317064545356929,-0.0375398135336641,-85.1096311668833,34.7086726740955
"307","Population-Weighted",14.6490001678467,24.0659999847412,4.86266660690308,1465,162,91,15.8129110336304,431,307,332,402,12.8699998855591,38.9575004577637,776.140075683594,31.1639995574951,-1.87199997901917,33.0359992980957,6.43400001525879,20.2173328399658,2.7247979076622,-3.89517166014133,0.130127579560808,1.50113872236573,1.1635254235663,-0.457726110639682,-0.706342474705999,0.148599745525228,0.313698930171576,-0.046029662462354,-85.0960287003227,34.7745135251394
"308","Geometric",17.1173324584961,25.9506664276123,7.88933324813843,1189,123,71,16.4591732025146,349,228,325,325,13.9040002822876,42.3489303588867,731.019409179688,33.2999992370605,0.467999994754791,32.8320007324219,9.40333366394043,17.7386665344238,3.15460827243838,-2.0884284615147,0.418968624204903,1.53633973489266,0.734387112297215,-0.421974363765832,-0.595212108824931,-0.337422125540952,0.212776851790894,-0.380221017157302,-82.3423776477114,33.3569154435486
"308","Population-Weighted",17.0576667785645,25.9459991455078,7.83933353424072,1190,122,70,16.3757743835449,348,228,326,324,14.1233329772949,42.5863380432129,732.00732421875,33.4679985046387,0.304000020027161,33.1639976501465,9.36866664886475,17.6406669616699,3.1432782095316,-2.0279392683457,0.427621852846006,1.539558606726,0.795650277352651,-0.489428842652682,-0.598799471201306,-0.368394773898574,0.203503603941569,-0.387811547142937,-82.2142169319143,33.4282941626521
"309","Geometric",17.6291675567627,26.5226669311523,8.35066699981689,1166,120,67,17.4549446105957,339,221,331,311,14.3676662445068,42.9500961303711,735.479736328125,34.076000213623,0.624000012874603,33.4519996643066,9.88799953460693,18.2040004730225,3.26838055906383,-1.78844647350647,0.556412816226616,1.50748914069052,0.832765928665957,-0.495740683267848,-0.660463907483983,-0.412726365172079,0.155568550651481,-0.407881088657049,-82.0669260209206,33.3964315690166
"309","Population-Weighted",17.6933326721191,26.6199989318848,8.37066650390625,1170,120,68,17.1061954498291,340,222,330,314,14.4006662368774,42.8642311096191,738.546020507812,34.2039985656738,0.607999980449677,33.5959968566895,9.92000007629395,18.2600002288818,3.27888808586457,-1.80522339706938,0.585168058364888,1.53293440211561,0.878377384566421,-0.494884874337634,-0.651039728653757,-0.406184639043844,0.166395060869914,-0.404938875250745,-82.0754151052013,33.4451805752903
"310","Geometric",17.6648330688477,26.1140003204346,8.76733303070068,1182,125,61,20.1027870178223,368,222,313,348,13.0016670227051,41.5654296875,702.056091308594,32.9720001220703,1.69200003147125,31.2800006866455,10.28600025177,18.2840003967285,3.36016356097052,-2.10255284773439,0.26511529798814,1.22453706092103,0.504711576640387,0.0153908382330455,-0.46299715549355,-0.314549521915212,0.132218008562458,-0.458563559209842,-83.4081157192339,32.6302399168586
"310","Population-Weighted",17.7180004119873,26.261999130249,8.73533344268799,1171,126,62,20.2526016235352,367,222,308,345,12.9853324890137,41.3703765869141,709.203796386719,33.0599975585938,1.67200005054474,31.387996673584,10.2659997940063,18.3186664581299,3.35082558936551,-2.08523830608578,0.289288457864111,1.24153007671941,0.536296892794529,0.0529229934494275,-0.46418091922255,-0.296361449701515,0.156522167508386,-0.427260641209107,-83.4879847520696,32.6787924954905
"312","Geometric",18.1068344116211,26.7786674499512,8.97533321380615,1185,130,66,20.0278987884521,372,225,306,349,13.3516674041748,41.7500495910645,720.528930664062,33.7200012207031,1.74000000953674,31.980001449585,10.5139999389648,18.7199993133545,3.47419309870378,-2.09600328173102,0.416108262324454,1.28259239591637,0.75536091719951,-0.0324355837820003,-0.461260673573807,-0.285837874600523,0.206474664632423,-0.383359758384807,-83.6346679450921,32.8358137477776
"312","Population-Weighted",17.9648323059082,26.6073322296143,8.87199974060059,1194,131,67,19.7984714508057,373,226,309,350,13.3063335418701,41.796501159668,717.895935058594,33.515998840332,1.6800000667572,31.8359985351562,10.3926668167114,18.5906658172607,3.45179733215606,-2.16391916189422,0.389639771313364,1.28226228784062,0.721078307766676,-0.0610869318551439,-0.4673693879949,-0.280535175759292,0.210947452431588,-0.381004259591,-83.6791902081912,32.8341168429155
"313","Geometric",19.0849990844727,26.7646656036377,10.9073333740234,1244,169,61,33.2374572753906,454,203,454,265,11.8386659622192,40.6268615722656,642.868225097656,33.1159973144531,3.9760000705719,29.1399974822998,26.7646656036377,15.4133329391479,4.07251785153349,-2.51770377481576,1.83145969286801,-0.479498223539096,-0.622061725946941,-0.358248778463053,-0.175266095823381,-0.0821360361480893,-0.363756231303159,-3.07714130001191e-05,-81.4835683866816,31.9098613813839
"313","Population-Weighted",18.9099998474121,26.6199989318848,10.6979999542236,1243,172,60,33.32666015625,456,205,456,260,11.6226663589478,40.0229568481445,645.666870117188,32.9440002441406,3.90400004386902,29.0400009155273,26.6199989318848,15.2166662216187,4.00337561509924,-2.5797577102362,1.82664473237055,-0.523110219050855,-0.676821283429236,-0.294590102072327,-0.203263882302043,-0.0958724163661017,-0.381292975221886,0.0427179515949253,-81.4151795557497,32.0261675521325
"314","Geometric",19.3976669311523,27.0533332824707,11.1093330383301,1268,185,61,35.7846298217773,476,213,472,251,11.1473331451416,38.8354721069336,647.519714355469,32.9799995422363,4.27600002288818,28.7039985656738,26.7266674041748,15.8853330612183,4.12111620897847,-2.82818556250194,1.96892066205254,-0.713778570933095,-0.723957538213109,-0.150564230285733,-0.366546447360368,-0.0724942679188684,-0.386615264060686,0.170951187265944,-81.1159833227282,31.9924468420161
"314","Population-Weighted",19.3803329467773,27.1013336181641,11.046667098999,1262,183,61,35.2497253417969,471,212,471,250,11.6373329162598,39.8048057556152,651.485229492188,33.2360000610352,4,29.2360000610352,27.1013336181641,15.7519998550415,4.13397524399626,-2.69688590762051,2.00069804950151,-0.677289981015754,-0.613007878213497,-0.324889591654809,-0.321157781311782,-0.0924579982755821,-0.392066049732888,0.143044725478963,-81.1426262885824,32.042702674174
"315","Geometric",19.3623332977295,26.8886661529541,11.268666267395,1282,173,65,33.3352470397949,480,217,480,294,14.0819997787476,45.9295463562012,634.076477050781,34.0960006713867,3.43600010871887,30.6599998474121,26.8886661529541,15.7666664123535,4.43930849725078,-2.43623250504293,1.84499068601627,-0.495169036623147,-0.0307172657326231,-1.31132018970748,-0.181658098998852,-0.175729889967185,-0.312983133203922,-0.148117819767488,-82.1915788543388,31.2954240810014
"315","Population-Weighted",19.3815002441406,26.7960014343262,11.3913335800171,1304,183,64,35.5045204162598,501,214,501,287,13.5930004119873,45.267749786377,625.727355957031,33.8120002746582,3.78399991989136,30.0279998779297,26.7960014343262,15.9193334579468,4.48507058465007,-2.64675325209454,1.86059706874008,-0.742514644369483,-0.182775464024378,-1.22016888652573,-0.327853936699674,-0.216539134761398,-0.377400233280128,-0.0890425840757688,-82.0584087916222,31.2487189894443
"316","Geometric",19.2138328552246,26.568000793457,11.21399974823,1221,157,54,32.2281951904297,430,182,430,269,13.099666595459,44.757640838623,625.307983398438,33.2280006408691,3.96000003814697,29.2680015563965,26.568000793457,15.502667427063,4.21555823914889,-1.93456845149023,1.52125830014875,-0.394156183073154,-0.477975352499372,-0.712101855478097,0.0152790579155784,-0.232097355733441,-0.417200561966871,-0.228834975354131,-83.0966515010353,30.9676098227867
"316","Population-Weighted",19.2668342590332,26.6119995117188,11.2453336715698,1196,156,54,32.7700538635254,419,175,419,258,13.1376667022705,44.8506965637207,626.229309082031,33.2000007629395,3.90799999237061,29.2919998168945,26.6119995117188,15.5500001907349,4.19398328485968,-1.78947816410698,1.49276573966174,-0.371514850541474,-0.500084400473093,-0.676489066086435,0.0327505598413616,-0.214524866275392,-0.402166098383935,-0.194856220383748,-83.1884188546153,30.9701458723648
"317","Geometric",18.6674995422363,26.4619998931885,10.1960000991821,1268,140,57,23.5525588989258,385,223,375,354,12.7189998626709,42.6297073364258,662.179016113281,32.9280014038086,3.09200000762939,29.8360023498535,11.5839996337891,19.4566669464111,3.82675548690305,-2.39464821219937,0.43442696872627,0.810980399466641,0.243444785901496,-0.109169144410748,-0.682273591282671,-0.394771431934547,-0.0362214533658468,-0.548151038297119,-83.8599255382266,31.4809975600618
"317","Population-Weighted",18.575834274292,26.3759994506836,10.1286668777466,1279,142,57,23.8119335174561,389,225,379,356,12.69700050354,42.6245460510254,661.498352050781,32.8400001525879,3.05200004577637,29.7880001068115,11.5046663284302,19.3753337860107,3.82074730065926,-2.45628285393278,0.424959708994049,0.774316994868095,0.240817799619739,-0.129453929227014,-0.698604936906881,-0.398754502523336,-0.0381521924591273,-0.544729202442059,-83.8999696846733,31.4629749198562
"318","Geometric",17.7395000457764,26.2153339385986,8.76266670227051,1254,143,59,22.2753391265869,387,226,330,362,13.3396673202515,42.3696708679199,706.769287109375,32.9640007019043,1.48000001907349,31.484001159668,10.2740001678467,18.4373340606689,3.47989296091814,-2.29766097319875,0.264033438499957,0.931688099638429,0.691346547565085,-0.153219490722163,-0.52367500926395,-0.392951741943289,0.080523724482407,-0.438248693409324,-84.6896942129548,32.4481730161207
"318","Population-Weighted",17.4736671447754,25.9899997711182,8.50266647338867,1281,147,61,22.2002754211426,391,234,331,366,12.9779996871948,41.5535316467285,708.334533691406,32.576000213623,1.34399998188019,31.2320003509521,9.9980001449585,18.181999206543,3.40166683923851,-2.51417886800978,0.244403302415086,0.924936996318696,0.634520599506369,-0.0796726911609339,-0.533251570861084,-0.345355679231857,0.116417703583411,-0.392578322849251,-84.808102986168,32.5594488983784
"319","Geometric",17.7283325195312,26.2346668243408,8.74933338165283,1270,145,57,22.795166015625,389,227,334,364,12.9739999771118,41.6474075317383,709.112060546875,32.8199996948242,1.66799998283386,31.1520004272461,10.2493333816528,18.4386672973633,3.46338164552097,-2.38292733306896,0.271825192795513,0.861371510651146,0.614619475893434,-0.0199793513226861,-0.549478260449893,-0.398119499467814,0.0521583433067048,-0.445981838230654,-84.8441874294621,32.4319800390544
"319","Population-Weighted",18.3199996948242,26.9379997253418,9.20666599273682,1277,146,57,22.9326858520508,390,229,331,366,13.0233335494995,41.3334197998047,719.719787597656,33.4599990844727,1.95200002193451,31.507999420166,10.7339992523193,18.9933338165283,3.58917103898475,-2.33856311295388,0.425142665361578,0.873076633203451,0.742059295815427,0.0610918190798416,-0.545220248411302,-0.394094039724392,0.0584721717922247,-0.435909520729819,-84.9227925338627,32.4828226812009
"320","Geometric",19.8566665649414,26.6293334960938,12.4320001602173,1361,199,59,39.7670783996582,540,200,540,282,13.0946664810181,46.2055969238281,579.47412109375,33.2000007629395,4.8600001335144,28.3400001525879,26.6293334960938,16.6406669616699,4.80154204748367,-2.89711434671532,1.73666873059348,-1.24405432406028,-0.483351821344214,-1.20991310298982,-0.547677739828311,-0.370495258521625,-0.531936740561638,-0.105107626364738,-82.4195306357907,30.2185642421463
"320","Population-Weighted",20.291332244873,26.9093322753906,12.9773330688477,1312,187,60,40.1596832275391,508,203,506,255,12.1899995803833,44.2757530212402,568.883117675781,33.1079978942871,5.57599973678589,27.5319976806641,26.7106666564941,17.1846656799316,4.76946507875568,-2.73408217646473,1.7458311233222,-0.983626350388362,-0.772745265182599,-0.750619270389097,-0.505128119637118,-0.194533487821257,-0.408997820088679,-0.00219680287751901,-81.9096958956275,30.1658828421319
"321","Geometric",20.9376659393311,26.7339992523193,14.3999996185303,1311,184,62,43.6645660400391,528,204,528,235,11.4633331298828,46.1115570068359,506.742034912109,32.507999420166,7.64799976348877,24.8600006103516,26.7339992523193,18.5240001678467,5.19058430878155,-2.88542710219955,1.61186246106618,-1.08826460480717,-1.30319254688418,-0.726249274802357,-0.68322424992748,-0.11757875868205,-0.37681626740887,-0.0556137058819153,-81.5205435034589,29.3614456682801
"321","Population-Weighted",20.9941673278809,26.6860008239746,14.5539999008179,1320,182,62,43.5509796142578,530,206,530,228,11.7596664428711,47.0838623046875,498.630523681641,32.4560012817383,7.48000001907349,24.976001739502,26.6860008239746,15.7620000839233,5.15940874792884,-2.83725055111341,1.63023479533367,-1.11457341724162,-1.3269486940779,-0.897927378466412,-0.629007718202628,-0.246678311467047,-0.215940099280086,-0.0988027168840116,-81.4138162455259,29.2103647624914
"322","Geometric",20.8736667633057,27.4879989624023,13.4700002670288,1301,176,60,37.3577003479004,497,220,467,250,10.4373331069946,40.2550659179688,572.469055175781,32.8479995727539,6.92000007629395,25.92799949646,27.2926654815674,17.8479995727539,4.73900834310845,-2.91118237610981,1.84071847081866,-0.692524060171378,-1.13276073894334,0.0644188655705998,-0.333004613295049,-0.00407660720583436,-0.333509708816508,0.0878227650224967,-81.6875017065666,30.3049700331745
"322","Population-Weighted",20.783332824707,27.2893333435059,13.4913330078125,1298,177,60,37.7423057556152,498,220,467,248,9.67999935150146,38.7820472717285,563.967895507812,32.4560012817383,7.49599981307983,24.9600009918213,27.1286678314209,17.9253330230713,4.70399018730525,-3.06342453479031,1.80036231479421,-0.718518915445266,-1.36199400466508,0.324875728548985,-0.359396290957181,0.0399088442978522,-0.335519397472708,0.138626881817944,-81.6343054035312,30.2766465864662
"323","Geometric",19.646333694458,26.9233341217041,11.6573333740234,1543,204,78,30.0999851226807,547,270,547,348,12.9066667556763,44.908374786377,624.780578613281,32.9879989624023,4.2480001449585,28.7399978637695,26.9233341217041,16.1033344268799,4.74849446913186,-3.93458009721338,2.07185012978267,-0.67736420997974,-0.151080920155677,-1.37982575600383,-0.318480218942461,-0.110804543375473,-0.275522770473312,-0.139290245146422,-84.2013697723206,30.2553744003866
"323","Population-Weighted",19.7794990539551,27.1119995117188,11.7433338165283,1556,201,79,28.5444984436035,538,273,538,355,13.0369997024536,45.0546035766602,628.999633789062,33.2719993591309,4.33599996566772,28.935998916626,27.1119995117188,16.2093334197998,4.78142826419526,-3.90107654056809,2.10524285718768,-0.554323167115293,-0.0681765684197521,-1.38036630840149,-0.237412069127394,-0.0994766172653194,-0.250570076877817,-0.164523920051449,-84.2501364725058,30.415641555784
"324","Geometric",19.3001670837402,26.7959995269775,11.1313333511353,1559,200,82,27.2473907470703,535,289,535,371,12.8009996414185,43.8450469970703,641.53076171875,32.9720001220703,3.77600002288818,29.1959991455078,26.7959995269775,15.7573328018188,4.59633719899906,-4.10849518195719,2.10966229894704,-0.429754528062072,-0.0369692643739831,-1.33500282841705,-0.197057473458187,0.00700164022112032,-0.182692492364863,-0.148452941576311,-85.5743222450225,30.5284699409701
"324","Population-Weighted",19.4120006561279,26.8746662139893,11.2653331756592,1590,205,85,27.9809494018555,550,295,550,371,12.7146663665771,43.8013877868652,639.919921875,32.923999786377,3.89600014686584,29.0279998779297,26.8746662139893,15.9700002670288,4.66861647161383,-4.30397814616502,2.18349426302923,-0.497079913673393,-0.0471798215304602,-1.39025766045827,-0.279295919728061,0.0306965591402459,-0.169463784126555,-0.116837638954744,-85.6661527555334,30.4529419217728
"325","Geometric",19.0818328857422,26.7159996032715,10.9300003051758,1609,193,85,23.37672996521,523,303,523,374,11.8189992904663,41.5401344299316,645.540161132812,32.5279998779297,4.07599973678589,28.4519996643066,26.7159996032715,15.3140001296997,4.44708094191763,-4.39020095483426,2.16060639863984,-0.17656466389851,-0.251668010889263,-0.994508642853748,-0.0989369031053929,0.0870388344434072,-0.123354240587452,-0.13235360106349,-86.935944943462,30.7178581026494
"325","Population-Weighted",19.5139484405518,27.0282611846924,11.5130434036255,1607,198,97,24.6668491363525,537,306,537,352,10.3778982162476,38.6295013427734,635.060913085938,32.1739120483398,5.30869579315186,26.8652153015137,27.0282611846924,15.9347820281982,4.52672559002192,-4.83654189454738,2.37158546113403,-0.15203630773722,-0.660466769988054,-0.591315416726335,-0.280122808310584,0.29022895247797,-0.0102421581309001,0.0856225598015008,-86.9853041711532,30.5395698932797
"326","Geometric",20.6625003814697,26.9566669464111,13.5386667251587,1407,219,54,46.0757446289062,592,197,592,287,14.2269992828369,50.4288940429688,550.345581054688,33.4720001220703,5.26000022888184,28.2119998931885,26.9566669464111,17.7000007629395,5.32149126084494,-2.93351747769198,1.71887578121829,-1.82286766188119,-0.298635223671411,-1.79958939303042,-0.798960702282578,-0.550338706680367,-0.655399124673091,-0.19647694546921,-82.6067717472373,29.5827849707948
"326","Population-Weighted",20.6148338317871,26.8526668548584,13.5946664810181,1335,204,58,44.517707824707,556,192,556,271,13.16100025177,48.3078842163086,543.400085449219,33.1599998474121,5.91599988937378,27.2439994812012,26.8526668548584,17.6959991455078,5.16711914054808,-2.81958764049989,1.66297694440486,-1.48131742069384,-0.643873521023992,-1.31846277537727,-0.69214769895336,-0.365044407974157,-0.533226174981847,-0.133513300673443,-82.3952450760207,29.6280899231363
"327","Geometric",21.8500003814697,27.267333984375,15.6979999542236,1247,177,46,48.6048393249512,521,161,511,191,11.478666305542,47.6768035888672,475.997253417969,33.0559997558594,8.98000049591064,24.076000213623,27.2646675109863,16.8973331451416,5.39502760755359,-2.13646260977972,1.49698564571437,-1.45120736867478,-1.5595035819721,-0.505463315740777,-0.66139008620285,-0.442038453062604,-0.425361260844697,-0.145068267023346,-81.2876236880305,28.8028634061535
"327","Population-Weighted",21.8696670532227,27.2919998168945,15.7173328399658,1238,178,48,49.6723937988281,519,161,518,189,11.953332901001,48.6619987487793,476.122924804688,33.2119979858398,8.64799976348877,24.5639991760254,27.2733325958252,16.8786659240723,5.42707444415191,-2.06901925420835,1.52295190349045,-1.45997471948772,-1.4589814535665,-0.717810210189315,-0.710274464132443,-0.426741515313993,-0.391046901090493,-0.148525143455151,-81.3246414731327,28.7461916074367
"328","Geometric",22.050666809082,27.2760009765625,16.0593338012695,1257,189,50,51.7833023071289,544,171,544,189,11.8766660690308,49.0447082519531,461.92138671875,33.076000213623,8.85999965667725,24.2159996032715,27.2760009765625,17.2093334197998,5.5729908072972,-2.32810866550011,1.57162234949508,-1.64400078583377,-1.50133492081573,-0.840196500173461,-0.859047989086985,-0.41888622828549,-0.388446102078171,-0.0957727730246803,-81.1730381119661,28.507357186324
"328","Population-Weighted",22.2601661682129,27.5319995880127,16.2266674041748,1231,181,49,51.8000755310059,535,168,535,190,11.7309999465942,48.8954658508301,465.173278808594,33.3199996948242,9.32800006866455,23.992000579834,27.5319995880127,17.3666667938232,5.60550093330674,-2.19372883763901,1.59359547439548,-1.56256124932491,-1.54567298865562,-0.713293705797869,-0.815490434593787,-0.381886890240158,-0.369361299940042,-0.156553766675169,-81.3496121984032,28.5063486713728
"329","Geometric",22.6324996948242,27.3939990997314,17.1133327484131,1199,174,45,43.9479331970215,454,180,454,184,11.1323337554932,49.119010925293,423.301666259766,32.9480018615723,10.2840003967285,22.6640014648438,27.3939990997314,18.3326663970947,5.67609870131145,-1.9122339135527,1.26298506242702,-0.952720405261681,-1.79319684021473,-0.286243347558404,-0.357857632107378,-0.339359161407895,-0.306228757508456,-0.0934376100853741,-80.6463296735176,27.9663593155443
"329","Population-Weighted",22.7031669616699,27.4619998931885,17.1733341217041,1180,173,44,43.6612205505371,441,179,441,181,10.8536672592163,48.6798858642578,423.701934814453,32.8479995727539,10.5520000457764,22.2959995269775,27.4619998931885,18.4086666107178,5.66162893377389,-1.85548644243913,1.23108319296384,-0.899031903731226,-1.87503934772747,-0.128870304270639,-0.304161696459152,-0.309342708517153,-0.292641112056578,-0.0782206290057975,-80.6262197196619,28.0505901359389
"330","Geometric",24.0943336486816,27.8226661682129,19.8406658172607,1432,245,37,62.813346862793,619,136,584,136,9.79333305358887,52.6976585388184,328.696563720703,32.4200019836426,13.8360004425049,18.5840015411377,27.6520004272461,19.8406658172607,6.77324184697072,-2.81707356507122,1.23069443924501,-2.87274046038756,-2.39403324437269,-0.360008758626698,-1.22080023951441,-0.843170477315192,-0.656021112780648,0.077250580516336,-80.5420865559201,25.5346725854328
"330","Population-Weighted",24.380500793457,28.0540008544922,20.1520004272461,1531,244,54,50.6757621765137,600,182,561,182,8.69900035858154,49.7540664672852,326.193572998047,32.3199996948242,14.8360004425049,17.4839992523193,27.9160003662109,20.1520004272461,6.8284565910107,-3.62100323990807,1.41945263364058,-2.13771902914459,-2.45155745106074,-0.0256770590895439,-0.887991929665378,-0.636628005589222,-0.453614326200342,0.177481114119981,-80.3080495840443,25.9414787174955
"331","Geometric",23.9361667633057,27.8113327026367,19.6299991607666,1457,247,39,60.1892700195312,625,140,583,140,8.82033348083496,49.4968185424805,337.078552246094,32.2000007629395,14.3800001144409,17.8199996948242,27.6166667938232,19.6299991607666,6.65184752953675,-3.1341664741563,1.31766649844713,-2.81276230685934,-2.56405878167197,0.0333844175261064,-1.19742281807582,-0.830007929778444,-0.674471264440333,0.190639500400188,-80.5089930167043,25.7808254737139
"331","Population-Weighted",24.6059989929199,28.220666885376,20.5146675109863,1507,244,52,53.1317176818848,598,174,560,174,7.97666645050049,48.1682815551758,317.524353027344,32.0799980163574,15.5200004577637,16.5599975585938,28.0593338012695,20.5146675109863,6.84953489787969,-3.62104893090654,1.41732853491413,-2.24244044241865,-2.68422095686947,0.295266750886128,-0.946920018276387,-0.580967116804943,-0.466479734738054,0.226185673575237,-80.2871478910595,25.7754779009805
"333","Geometric",24.1926670074463,28.0319995880127,19.8439998626709,1560,239,57,46.9833641052246,588,194,555,194,8.9040002822876,49.3241767883301,338.054656982422,32.5480003356934,14.496000289917,18.0520000457764,27.9113330841064,19.8439998626709,6.74122250729234,-3.69365393500356,1.49315381634511,-1.89530238261381,-2.31965239995994,-0.0876327408890498,-0.788961822667104,-0.618755879241241,-0.411444899954186,0.164615431266748,-80.263356196852,26.1188703888881
"333","Population-Weighted",24.2948341369629,28.0699996948242,19.9733333587646,1569,238,59,45.5420913696289,582,201,550,201,9.16366577148438,50.4163017272949,334.674102783203,32.6559982299805,14.4799995422363,18.1759986877441,27.9366664886475,19.9733333587646,6.81217516139707,-3.69605663551325,1.47798898157755,-1.77721143096456,-2.24520725004069,-0.212066921966773,-0.726256042081601,-0.602474809234718,-0.36972821862483,0.123005102234322,-80.2393699383242,26.1302414585299
"334","Geometric",23.1490001678467,27.4153327941895,18.2779998779297,1314,185,43,51.9662208557129,548,158,539,158,11.449333190918,53.7224731445312,376.794647216797,33.0960006713867,11.7840003967285,21.3120002746582,27.2999992370605,18.2779998779297,6.23402055704808,-2.14525440670392,1.28244632152688,-1.71968930885644,-1.99857090676165,-0.815034136861921,-0.839141131225691,-0.650584231098708,-0.437247492381532,-0.27753585824859,-80.6887142135251,26.7214952216646
"334","Population-Weighted",23.7754993438721,27.82200050354,19.2026672363281,1514,209,60,42.794734954834,534,197,534,197,9.27099990844727,48.8770561218262,355.857238769531,32.5400009155273,13.57200050354,18.9680004119873,27.82200050354,19.2026672363281,6.43099075539678,-3.36117486627548,1.52489253824103,-1.34335763362165,-2.30129771508829,-0.150316025411498,-0.642832798825835,-0.468718310246956,-0.309872713146901,0.00646994281804086,-80.1761284120419,26.609262808367
"335","Geometric",22.1284999847412,27.4260005950928,16.0380001068115,1288,202,49,51.7586975097656,561,181,561,218,12.1070003509521,50.1283531188965,469.642639160156,33.0480003356934,8.89599990844727,24.1520004272461,27.4260005950928,19.8799991607666,5.77396997148996,-2.55162249326365,1.54105610659237,-1.76424922594296,-1.315402588693,-0.97539168345163,-0.910131317272381,-0.365878148203267,-0.573760652508821,-0.149248674504717,-82.2129792851958,28.200320694229
"335","Population-Weighted",22.1644992828369,27.3999996185303,16.1593341827393,1288,205,48,52.8750801086426,564,179,564,215,11.139666557312,48.5092582702637,463.850128173828,32.568000793457,9.60400009155273,22.9640007019043,27.3999996185303,19.9899997711182,5.76214702692893,-2.72768308011223,1.5239148042098,-1.86034878110739,-1.59501173993422,-0.639979375280638,-0.958369114504636,-0.323545998588641,-0.592031819858406,-0.115696857373472,-82.3089130146233,28.0761017265703
"336","Geometric",22.6205005645752,27.8193340301514,16.5413341522217,1277,200,48,51.5352478027344,549,182,549,217,10.9569997787476,48.1414756774902,465.735443115234,32.8320007324219,10.07200050354,22.7600002288818,27.8193340301514,20.4306659698486,5.835890004475,-2.64779097710708,1.58059032937397,-1.70873606656424,-1.61268349286631,-0.480896351798388,-0.868449270527937,-0.275089857085109,-0.564020228089428,-0.133786369842282,-82.4563747345329,28.0143640032861
"336","Population-Weighted",22.6018333435059,27.8266658782959,16.5120010375977,1277,200,49,50.9958076477051,546,184,545,218,10.7283325195312,47.3197441101074,467.218505859375,32.7760009765625,10.1040000915527,22.6720008850098,27.7600002288818,20.4179992675781,5.79555033530374,-2.705486608064,1.59557829871999,-1.66294079719896,-1.6427775697242,-0.378124253619263,-0.855490887558305,-0.24708852477148,-0.546848478308773,-0.0975385462935056,-82.4650627476075,28.0207311363227
"337","Geometric",22.8348331451416,28.0279998779297,16.7873344421387,1270,212,41,53.8568572998047,563,188,543,216,9.78900051116943,45.2440376281738,464.067474365234,32.5120010375977,10.8760004043579,21.6360015869141,27.9506664276123,20.7306671142578,5.83843909525589,-2.84764014442593,1.57386181365429,-1.95914903711301,-1.82461905112953,0.0531803176872156,-0.890287008740292,-0.271871671426609,-0.623529171982071,0.00645563277821917,-82.7231851578341,27.8571366576631
"337","Population-Weighted",22.8348331451416,28.0279998779297,16.7873344421387,1270,212,41,53.8568572998047,563,188,543,216,9.78900051116943,45.2440376281738,464.067474365234,32.5120010375977,10.8760004043579,21.6360015869141,27.9506664276123,20.7306671142578,5.83843909525589,-2.84764014442593,1.57386181365429,-1.95914903711301,-1.82461905112953,0.0531803176872156,-0.890287008740292,-0.271871671426609,-0.623529171982071,0.00645563277821917,-82.7257860011802,27.8663500940689
"338","Geometric",22.3815002441406,27.3513336181641,16.681999206543,1252,202,46,58.0962066650391,575,156,575,178,12.8110008239746,52.8157997131348,440.945648193359,33.3680000305176,9.11200046539307,24.2560005187988,27.3513336181641,17.7493324279785,5.90482337621699,-2.15138773333375,1.48821532576408,-2.1075954014606,-1.39292839466975,-1.29637551884864,-1.06852462627133,-0.558790711313611,-0.465812510502634,-0.151497908996152,-81.6287334847162,27.7262051780594
"338","Population-Weighted",22.5931663513184,27.6646671295166,16.7653331756592,1252,194,46,54.9878463745117,559,161,559,184,12.2496671676636,51.2881698608398,449.486358642578,33.6720008850098,9.78800010681152,23.8840007781982,27.6646671295166,17.8626670837402,5.88569454445678,-2.16668559979914,1.57405682228711,-1.88592123659251,-1.46989421908383,-0.986886104419746,-0.951424184157498,-0.524293265754854,-0.449969806180476,-0.171586322590221,-81.7430474231724,27.96201288516
"339","Geometric",22.9825000762939,27.5799999237061,17.8020000457764,1305,227,39,66.4701156616211,640,141,588,150,12.0209999084473,53.7804183959961,405.162750244141,33.2280006408691,10.8759994506836,22.3520011901855,27.4659996032715,19.0813331604004,6.33690127565504,-2.32982476805971,1.34127548805297,-2.82394412395881,-1.63298917956225,-1.05932657410964,-1.2857116739241,-0.69202440584189,-0.585517498213788,-0.00354243150833647,-81.6900527065694,26.7538266035859
"339","Population-Weighted",23.423999786377,27.992000579834,18.2119998931885,1318,226,40,68.6305847167969,656,144,615,156,11.5740003585815,53.0722618103027,405.337890625,33.4000015258789,11.5920000076294,21.8080024719238,27.9046669006348,19.474666595459,6.46975150228219,-2.5006257299341,1.5118053343757,-2.93877868862526,-1.74901659611342,-0.961875047090434,-1.42846110753633,-0.637843511335222,-0.591508105316763,-0.0675302696649811,-81.8843790149359,26.6857552047516
"341","Geometric",23.3565006256104,27.6219997406006,18.6353340148926,1312,239,40,67.6673431396484,639,134,584,134,11.2229995727539,54.0606956481934,370.606872558594,32.8359985351562,12.076000213623,20.7599983215332,27.4126663208008,18.6353340148926,6.5239239694263,-2.4635660119905,1.24752534556964,-2.95997774033568,-1.95823718947268,-0.844072797444054,-1.29740059462502,-0.744371350620031,-0.521934904869001,0.0868876400494985,-81.3417233561731,26.1353417550011
"341","Population-Weighted",23.5898342132568,27.8740005493164,18.7173328399658,1312,233,42,69.2738800048828,651,139,606,139,11.3249998092651,53.7035255432129,378.941925048828,33.2000007629395,12.1120004653931,21.0880012512207,27.7639999389648,18.7173328399658,6.56079486468559,-2.50914817555124,1.42506647273132,-2.97997216773479,-1.91694449770536,-0.922789140319087,-1.41092934604043,-0.681554428269985,-0.497180967789886,0.0286712236745767,-81.6807752145988,26.2312111399743
"342","Geometric",22.6213340759277,27.5353336334229,17.0259990692139,1326,216,41,62.5147247314453,629,163,606,185,12.6933336257935,53.5674095153809,434.775604248047,33.3320007324219,9.63599967956543,23.6960010528564,27.4693336486816,18.2213325500488,6.13846772986846,-2.43555517920581,1.50273945682629,-2.56531339198442,-1.37095931861653,-1.35798552761566,-1.23167122964636,-0.649729114449353,-0.556517415803496,-0.181668771933824,-82.1484761169821,27.2893114590997
"342","Population-Weighted",22.7553329467773,27.7000007629395,17.0920009613037,1335,230,39,62.2961235046387,624,173,623,197,12.0446672439575,51.7116012573242,439.091217041016,33.3640022277832,10.07200050354,23.2920017242432,27.6580009460449,18.2840003967285,6.15100689180592,-2.70688224145703,1.62347599727061,-2.68083611414071,-1.45584205874259,-1.13682732071617,-1.29283911197028,-0.667715474035422,-0.610427546084018,-0.112799124464109,-82.4086369303883,27.3070311783601
"344","Geometric",21.0123329162598,26.8899993896484,14.3853330612183,1344,199,60,45.9944877624512,564,191,564,242,13.0073328018188,49.8441619873047,514.409301757812,33.0120010375977,6.91599988937378,26.0960006713867,26.8899993896484,18.474666595459,5.39702355098064,-2.79158810406797,1.63360099214977,-1.47228091652691,-0.89805096855517,-1.38533207010662,-0.807693975439412,-0.346423096500993,-0.505179931010364,-0.142193794010988,-82.3808544432225,29.0328360840326
"344","Population-Weighted",21.0608329772949,26.9360008239746,14.4193334579468,1316,184,59,44.2248268127441,544,188,544,240,13.2110004425049,50.0796127319336,514.41064453125,33.1639976501465,6.78399991989136,26.379997253418,26.9360008239746,18.53733253479,5.34269406375151,-2.52986628065964,1.59698834947844,-1.24043726893738,-0.881260911736573,-1.36358574342457,-0.697055747127933,-0.315495521843244,-0.481785047715701,-0.219312974968982,-82.2412867635949,29.0313400128412
"346","Geometric",21.8385009765625,27.3206672668457,15.514666557312,1329,207,54,48.1185302734375,556,199,556,238,12.4143333435059,50.0658721923828,486.339324951172,33.0279998779297,8.23200035095215,24.7959995269775,27.3206672668457,19.533332824707,5.68925569725225,-2.77499106075121,1.58357075010381,-1.58452229494922,-1.10156404357648,-1.12406294742261,-0.798549237731873,-0.332742126246966,-0.515246469057523,-0.117535575054505,-82.525804768127,28.4090385651687
"346","Population-Weighted",21.8686656951904,27.3126659393311,15.6280002593994,1331,210,53,48.1183204650879,561,204,551,243,11.4053325653076,48.0750885009766,481.643371582031,32.6159973144531,8.89200019836426,23.7239971160889,27.265998840332,19.6293334960938,5.6653889410779,-3.00066135063765,1.56122223834967,-1.62116526542729,-1.32637983026942,-0.740870409906281,-0.783578335751502,-0.280703676229958,-0.515507108531439,-0.0680536089132273,-82.6099854336911,28.2693378663074
"347","Geometric",22.3791656494141,27.4959983825684,16.5499992370605,1218,182,45,54.3427467346191,542,161,542,179,11.6429996490479,49.7139205932617,451.012023925781,33.1479988098145,9.72799968719482,23.4199981689453,27.4959983825684,17.6486663818359,5.70114025503669,-2.10414161092263,1.51576491852632,-1.72864858396373,-1.67656038265852,-0.710452566022416,-0.894327958645682,-0.421373592907871,-0.417241568725615,-0.191017989302016,-81.3873677948269,28.2612562151022
"347","Population-Weighted",22.0751667022705,27.3786678314209,16.0473327636719,1225,179,49,51.4678611755371,533,169,533,192,11.816333770752,49.1937294006348,466.44140625,33.1520004272461,9.13199996948242,24.0200004577637,27.3786678314209,17.1679992675781,5.55889509178644,-2.17776346944141,1.54703917022524,-1.53104998984602,-1.54420715679544,-0.761677493830653,-0.795275962617079,-0.37422831873388,-0.359638167749801,-0.184636065799376,-81.5553473200665,28.4443726986783
"349","Geometric",22.8201656341553,27.4186668395996,17.5873336791992,1204,174,45,51.7527160644531,506,153,491,154,12.3823328018188,53.5290260314941,405.235290527344,33.0519981384277,9.92000007629395,23.1319980621338,27.3306655883789,18.7693328857422,5.93908257846203,-1.63244991499509,1.19818730652044,-1.41088953393192,-1.68046210268594,-0.913636451070744,-0.66052912168035,-0.442936398219636,-0.359474285250922,-0.195785987509637,-80.727796866565,27.2326810106481
"349","Population-Weighted",23.1079998016357,27.4739990234375,18.07200050354,1347,185,56,41.3018646240234,502,198,502,198,11.2519998550415,51.5390243530273,388.149353027344,32.8400001525879,11.0080003738403,21.8320007324219,27.4739990234375,18.07200050354,6.0687637440391,-2.56481210749901,1.39451798756755,-1.00403814270858,-1.82536964043382,-0.71664547903997,-0.463706408159117,-0.438245499479479,-0.242096344851433,-0.157847219879403,-80.4118255650528,27.2681451532417
"350","Geometric",16.5456676483154,25.5979995727539,7.07066679000854,1421,166,82,18.746898651123,427,277,328,384,13.1660003662109,40.4063339233398,750.175476074219,32.5880012512207,0.00400000018998981,32.5839996337891,8.68400001525879,21.9206657409668,3.30917975763639,-3.35508811905126,0.316935561707854,1.2375943815021,1.16324708936821,-0.309687085471952,-0.658097632472049,-0.0106003743561996,0.153754326111141,-0.0579029639837137,-86.6830415565758,33.4602698328303
"350","Population-Weighted",16.6866664886475,25.796667098999,7.07133340835571,1435,167,84,18.4269275665283,428,282,330,385,13.1280002593994,40.0683670043945,758.865417480469,32.7000007629395,-0.0640000030398369,32.7639999389648,8.72733306884766,22.1019992828369,3.31618598233229,-3.42839119406322,0.395803845873078,1.27527261102122,1.21098140317401,-0.296853064706902,-0.679586452346569,0.0198966976142131,0.174229842920083,-0.0421135602170132,-86.7252617001035,33.5062643225894
"351","Geometric",16.2573337554932,25.1879997253418,6.93733358383179,1432,168,82,18.9911003112793,435,279,330,390,13.2986669540405,41.0706176757812,738.782958984375,32.2560005187988,-0.124000005424023,32.3800010681152,8.54333400726318,21.5820007324219,3.30306528272919,-3.42275831893772,0.208885277618473,1.18452400022668,1.14857512471637,-0.42770134045656,-0.628586226814296,-0.0201240214742778,0.161178228712819,-0.065507148802366,-86.5255920156632,33.4421892734028
"351","Population-Weighted",15.9863328933716,25.0893325805664,6.49399995803833,1434,167,84,18.4024276733398,428,282,330,384,13.1426668167114,40.3000946044922,753.300842285156,32.0719985961914,-0.540000021457672,32.6119995117188,8.11199951171875,21.4020004272461,3.15624110855359,-3.48100154316923,0.236567861664867,1.26093897023297,1.13719668760695,-0.387221267873063,-0.677279053217079,0.0157337311980783,0.18388389742859,-0.0377367903367801,-86.6557696701235,33.5416867815731
"352","Geometric",16.9638328552246,26.1726665496826,7.20466661453247,1431,167,83,18.6866436004639,428,279,328,386,13.2383337020874,39.9708137512207,768.862121582031,33.0800018310547,-0.0399999991059303,33.120002746582,8.89266681671143,22.4306659698486,3.35851535582118,-3.34700356606013,0.464209596014967,1.26199220156707,1.30966671120251,-0.260351697322694,-0.685666060028157,0.00384995516290143,0.154496280372608,-0.052166568722082,-86.7706926127863,33.5000766788036
"352","Population-Weighted",16.7331657409668,25.8206672668457,7.13933324813843,1449,168,83,18.4697036743164,433,283,335,392,13.0836668014526,40.0112152099609,757.267883300781,32.7159996032715,0.0160000007599592,32.7000007629395,8.78466701507568,22.1319999694824,3.34439041267403,-3.48082821993439,0.402952418113713,1.23187311950686,1.21708155339193,-0.288467254779624,-0.680919282778167,0.00256922807647431,0.152105091967448,-0.0693575524127537,-86.7860126268079,33.4879945219526
"354","Geometric",16.7948341369629,25.8959999084473,7.29733324050903,1441,163,86,19.341178894043,438,274,328,406,12.9523334503174,39.8975296020508,753.480773925781,32.6679992675781,0.203999996185303,32.4640007019043,8.92599964141846,22.1553325653076,3.37455096392445,-3.47998429316147,0.364336446202736,1.2426226117458,1.20780395401462,-0.212497556685981,-0.624394650686998,0.0820573874308669,0.202513600130185,-0.119346757466546,-87.8569788568412,33.0749544107284
"354","Population-Weighted",17.1749992370605,26.4200000762939,7.50866651535034,1439,161,89,18.3524303436279,433,276,336,401,13.1333332061768,39.8462791442871,766.738708496094,33.2319984436035,0.272000014781952,32.9599990844727,9.16066646575928,22.6166667938232,3.43862762448999,-3.4494030797174,0.550898769325731,1.34818428551818,1.30225082428116,-0.259426318163509,-0.688076870291485,0.089942127912417,0.210435559726001,-0.121541958057588,-87.6530790779074,33.1790106589579
"355","Geometric",15.7864999771118,25.2153339385986,5.94999980926514,1502,168,87,19.7958354949951,443,283,322,430,13.6869993209839,40.4414367675781,780.885437011719,32.523998260498,-1.3199999332428,33.8439979553223,7.60066652297974,21.3873329162598,3.11883977147443,-3.58892987810486,0.20369279436211,1.22355431065393,1.59330362697772,-0.491501889743938,-0.606495321691663,0.0794105534742122,0.259295237442481,-0.131570241385274,-87.7087557653594,33.9538573334102
"355","Population-Weighted",15.6534996032715,25.0900001525879,5.79533338546753,1508,168,87,19.336124420166,443,287,325,429,13.429666519165,39.9122276306152,782.044006347656,32.3199996948242,-1.32799994945526,33.6479988098145,7.42466688156128,21.2719993591309,3.06294404671203,-3.67872601173173,0.203867252603781,1.23865424117974,1.52103086506781,-0.430623689618089,-0.627948743260092,0.0879530164698542,0.255592605314561,-0.126720041333496,-87.6573100713174,33.9607966436008
"356","Geometric",15.6056671142578,25.2273330688477,5.38066673278809,1431,161,84,18.2887744903564,417,278,306,391,12.8633337020874,38.0212059020996,802.309753417969,32.1759986877441,-1.65600001811981,33.8319969177246,15.5666666030884,21.25,2.91733665168292,-3.31413152034553,0.78516363220015,1.11267505066741,1.12618351267245,-0.246901485510028,-0.0357120047490823,0.433909788486386,-0.0457628703606185,0.0413805822798799,-87.4027309774052,34.6693013418717
"356","Population-Weighted",15.631667137146,25.1800003051758,5.44600009918213,1434,162,85,18.3069171905518,417,279,307,394,12.8673334121704,38.2637481689453,798.527526855469,32.1240005493164,-1.50399994850159,33.628002166748,15.6246671676636,21.2593326568604,2.95359382158275,-3.34956403031653,0.770937792632643,1.11499539586121,1.10907867015331,-0.272374073927155,-0.0246325141412012,0.448050528219716,-0.030179169668798,0.0387250715683847,-87.2797514542234,34.6738690376225
"357","Geometric",14.9956665039062,24.3806667327881,5.10933351516724,1458,165,87,17.9574966430664,429,289,310,407,12.9340000152588,38.8501739501953,779.311950683594,31.511999130249,-1.77999997138977,33.2919998168945,6.72599983215332,20.5706672668457,2.78343017698498,-3.67239054334241,0.0636467015013278,1.359145665738,1.28668841609601,-0.289297006085786,-0.614929512330085,0.120604149355252,0.279205399891658,-0.0301575542095123,-86.2703237389172,34.7482109111769
"357","Population-Weighted",15.1576662063599,24.6940002441406,5.11600017547607,1448,166,86,18.546070098877,421,282,310,400,12.7806663513184,38.1740341186523,791.568054199219,31.7519989013672,-1.72800004482269,33.4799995422363,6.74599981307983,20.783332824707,2.76197768067706,-3.5968077513593,0.138407023478596,1.33289841486664,1.29183626282584,-0.165177312105455,-0.667214125966804,0.107893455551693,0.251364991342801,-0.0143823874427026,-86.5150805752892,34.7537797507482
"358","Geometric",15.8039999008179,25.5006656646729,5.62466669082642,1429,165,84,19.1367645263672,418,275,307,397,12.9913330078125,38.1559371948242,804.577941894531,32.5919990539551,-1.4559999704361,34.0480003356934,7.27933311462402,21.4933338165283,2.89293305253968,-3.39051663457734,0.292414779114011,1.31762273886499,1.44037240517867,-0.0961082038994682,-0.682152388991035,0.0743215787977464,0.214465158251692,-0.0288238770896512,-86.5948239349697,34.6956653991663
"358","Population-Weighted",15.9903335571289,25.7546672821045,5.6933331489563,1429,165,85,19.0045318603516,416,276,306,395,13.0100002288818,37.9743156433105,811.971435546875,32.8199996948242,-1.43999993801117,34.2599983215332,7.3973331451416,21.6966667175293,2.91361736865706,-3.37616383340888,0.363978048821459,1.35036826937368,1.48878480417408,-0.0737702622069228,-0.694151915659562,0.0881284631209098,0.225442586087597,-0.0160345858292781,-86.6045431154809,34.7238188846259
"359","Geometric",15.1913328170776,24.5639991760254,5.43333339691162,1425,163,79,19.9756145477295,429,276,305,405,12.7553339004517,38.7558746337891,774.712585449219,31.4600009918213,-1.45200002193451,32.9120025634766,7.02133321762085,20.7320003509521,2.82131580933216,-3.45761194993993,-0.00533903453316092,1.19014522223825,1.19519803970079,-0.116806830217827,-0.595809125384553,0.0629647476604858,0.18682897845455,-0.0939072326130072,-85.9290154063789,34.2729421029096
"359","Population-Weighted",15.1935005187988,24.5066661834717,5.48133325576782,1425,163,78,20.0958499908447,428,275,307,403,12.6516666412354,38.7137908935547,770.224487304688,31.3479995727539,-1.33200001716614,32.6800003051758,7.08266687393188,20.7086658477783,2.82669523264644,-3.45991829034878,-0.0187511318022755,1.16668847276117,1.13113638304771,-0.0923648398770373,-0.600017539838497,0.0541682639304685,0.169821627299661,-0.0998606789684985,-85.9779445000332,34.2415855322075
"360","Geometric",17.9456672668457,26.2019996643066,9.13733291625977,1390,171,70,21.0190811157227,431,268,347,380,12.5946664810181,41.402587890625,693.185791015625,32.6800003051758,2.25999999046326,30.4200000762939,10.6493330001831,22.9766654968262,3.83366049880223,-3.2155158470158,0.346004148434939,0.91347601916878,0.740372365630711,-0.100082291609347,-0.629947982592611,-0.132425282368122,-0.030443664350833,-0.152592117379585,-86.0950992517084,32.0823554642961
"360","Population-Weighted",18.2636661529541,26.6879997253418,9.34799957275391,1377,167,66,21.4678955078125,428,264,336,387,12.7719993591309,41.4083786010742,705.017028808594,33.1559982299805,2.31200003623962,30.8439979553223,10.8886671066284,23.3659992218018,3.88184384706976,-3.02218247099374,0.377595552467716,0.909486740840251,0.878087098984651,-0.015515142275405,-0.577810619584012,-0.151199227307775,-0.059107900021578,-0.215213987291775,-86.1358975686424,32.2241985210488
"361","Geometric",18.529167175293,27.0513324737549,9.4573335647583,1368,165,65,21.7090702056885,424,263,329,388,12.6089992523193,40.632251739502,714.986694335938,33.4879989624023,2.45600008964539,31.0319995880127,11.0493335723877,23.6393337249756,3.8882025530354,-2.96081248844061,0.448896058751664,0.933366695912205,0.917951942563544,0.13907721492719,-0.568749467146701,-0.130827022988468,-0.0572959775126891,-0.213690341497089,-86.2736607374294,32.3202179647733
"361","Population-Weighted",18.7880001068115,27.3586673736572,9.61600017547607,1375,165,65,21.8484039306641,426,264,331,391,12.7126665115356,40.5896110534668,721.217712402344,33.8320007324219,2.51200008392334,31.3199996948242,11.2200002670288,23.8959999084473,3.943700278244,-2.94255691151198,0.526902387697733,0.932697784261692,1.00403754704843,0.13915665758628,-0.582102798000081,-0.13496695742216,-0.0596685885618689,-0.225316057901461,-86.2415802259504,32.3569617715726
"362","Geometric",15.7930002212524,24.7040004730225,6.50799989700317,1426,169,81,19.8749809265137,439,273,324,401,12.9379997253418,40.4565353393555,736.070556640625,31.5400009155273,-0.439999997615814,31.980001449585,8.07066631317139,21.0639991760254,3.15711598915842,-3.50696754592363,0.0394413387078471,1.09799631168022,1.05168416492671,-0.311428498159399,-0.591387474509232,0.00985445522392692,0.160061318248302,-0.0834860277143906,-85.647887472116,33.5229332620274
"362","Population-Weighted",16.0763339996338,25.0673332214355,6.67400026321411,1394,166,77,19.9657573699951,429,269,317,389,12.8620004653931,40.0087089538574,744.221130371094,31.8479995727539,-0.300000011920929,32.1479988098145,8.26799964904785,21.3753337860107,3.15622781114146,-3.31281592461756,0.0983242553832383,1.1117579013547,1.0410153715439,-0.174975205356755,-0.600123795440534,-0.0215437664544298,0.114817375145615,-0.0821724578951209,-85.7256298742191,33.6077163263215
"363","Geometric",18.6446666717529,26.5186672210693,10.0606670379639,1307,142,69,20.8743877410889,372,244,368,372,12.0866670608521,41.1502990722656,670.423583984375,32.5880012512207,3.21600008010864,29.3720016479492,10.0606670379639,19.3806667327881,3.76247994259649,-2.84316993460345,0.439649392694383,1.14521466248675,0.227241462563956,0.0558041737542525,-0.726067074414701,-0.233625359983814,0.195767958761857,-0.492991409624511,-85.5543298681913,31.3389992679843
"363","Population-Weighted",18.7196674346924,26.5279998779297,10.1686668395996,1309,143,68,20.8679637908936,375,246,375,369,12.1220006942749,41.4115867614746,666.621765136719,32.5400009155273,3.26799988746643,29.2720012664795,26.5279998779297,19.4753341674805,4.0143057177018,-2.64904088318024,1.4930995773908,0.607873493064136,-0.220569630404018,-0.281552681878431,0.483119654159148,0.412748636471406,-0.33549847765757,-0.344597187988134,-85.5734297808865,31.289110255644
"364","Geometric",18.1908340454102,26.1440010070801,9.75266647338867,1595,177,72,20.3568553924561,470,301,433,432,13.3923330307007,44.2107925415039,669.7060546875,32.7639999389648,2.47200012207031,30.2919998168945,11.1300001144409,18.9313335418701,4.10891627775499,-3.86516895018278,0.612050254761171,0.662404779849458,0.831479250599947,-0.848214706158368,-0.710628805819862,-0.385154926655015,0.133018760938347,-0.498011429176829,-86.9603410713284,31.3683498216586
"364","Population-Weighted",18.1793327331543,26.0859985351562,9.8013334274292,1599,177,73,20.135856628418,469,305,439,429,13.3719997406006,44.2957458496094,665.455383300781,32.7239990234375,2.53600001335144,30.1879997253418,11.1680002212524,18.9053325653076,4.12206440146777,-3.91171075453481,0.637322185847449,0.68520981289709,0.788923182402426,-0.891183682839012,-0.737022014836,-0.376034596948884,0.143304643708957,-0.491407050473483,-86.9165141776805,31.2966292293468
"365","Geometric",19.0366668701172,26.7886657714844,10.8173332214355,1633,178,80,18.5682010650635,458,323,458,421,12.3386669158936,42.3717956542969,651.832397460938,33.1040000915527,3.98399996757507,29.1200008392334,26.7886657714844,19.7353343963623,4.53539813765854,-4.06703232650971,1.90479988454563,0.405737851502212,0.13123249981105,-0.872819429962997,0.277733493393453,0.350008949255268,-0.23957883697232,-0.270052793648401,-87.9467495725207,31.042028660541
"365","Population-Weighted",19.3926658630371,26.986665725708,11.239333152771,1670,187,85,19.0096950531006,491,328,490,405,11.4160003662109,40.6147727966309,642.812866210938,32.7159996032715,4.60799980163574,28.1079998016357,26.6986656188965,15.6686668395996,4.50137118450603,-4.5215114588034,2.13753805509327,0.191924206049765,-0.197223057160308,-0.73008752902849,0.155473600781772,0.182112090514455,-0.0166382097505858,-0.189611611962884,-87.9416949263564,30.7508862799589
"366","Geometric",19.5259990692139,27.1893329620361,11.283332824707,1675,177,86,17.8783893585205,481,333,470,398,11.7559995651245,41.1913070678711,649.603454589844,32.9560012817383,4.41599988937378,28.5400009155273,26.8166656494141,15.6239995956421,4.49421310946559,-4.34981104370978,2.15286659284792,0.388456910580738,-0.0962389410264555,-0.783893121716823,0.25008395140651,0.220956951101068,0.0597861542067852,-0.213859400477106,-88.1932092745118,30.6905238484111
"366","Population-Weighted",19.6921672821045,27.3486671447754,11.4479999542236,1668,175,86,17.7829627990723,480,333,471,398,11.7829999923706,41.2743453979492,649.346557617188,33.1279983520508,4.57999992370605,28.5479984283447,26.9766654968262,15.793999671936,4.53845076201957,-4.31312950719247,2.19081962981468,0.412959711343742,-0.0917889114128553,-0.779590878805189,0.247671247026012,0.224764638889276,0.0593941604481423,-0.232358514956876,-88.165127856805,30.6813469358942
"367","Geometric",17.8705005645752,26.5566673278809,8.67800045013428,1384,166,69,22.943790435791,439,255,322,411,13.4023332595825,41.8404502868652,727.691101074219,33.4120025634766,1.37999999523163,32.0320014953613,10.2880001068115,23.1253337860107,3.76782934614178,-2.95364115650087,0.280877202927281,0.88351183710814,1.23670175180762,-0.152561963519944,-0.521811946035182,-0.108894294516739,0.00346986376406022,-0.246970814051449,-87.3626715004984,32.3097380401143
"367","Population-Weighted",17.7561664581299,26.4400005340576,8.5959997177124,1377,165,70,22.3869361877441,438,259,319,407,13.164999961853,41.4671783447266,726.311950683594,33.1759986877441,1.42799997329712,31.7479991912842,10.2073335647583,23.0046653747559,3.72369072842595,-3.01225075414866,0.26616035664652,0.933441659653704,1.15061701770191,-0.0927603697058348,-0.513452934461104,-0.0775811854968035,0.0257317290017527,-0.223508232589101,-87.2916069766064,32.3976257253028
"368","Geometric",17.2431659698486,25.779333114624,8.20199966430664,1439,170,76,22.404369354248,441,272,353,407,12.9310007095337,41.3765525817871,713.013793945312,32.4440002441406,1.19200003147125,31.2520008087158,9.67199993133545,22.4540004730225,3.65022599915855,-3.4156344349509,0.280909384861072,0.922601976920772,0.973259108136194,-0.289931533012922,-0.675279619193047,-0.0279039408496397,0.0719844696021124,-0.20817384800372,-85.3944760552011,32.6125325031807
"368","Population-Weighted",17.0508327484131,25.5480003356934,8.09466648101807,1417,165,74,22.2852306365967,433,268,351,403,12.8796672821045,41.4403686523438,707.438903808594,32.2000007629395,1.12000000476837,31.0799999237061,9.56400012969971,22.2273330688477,3.58282895678109,-3.32061685612209,0.21342280275735,0.947090645055594,0.877202890818171,-0.276430911665008,-0.663184744386115,-0.0339621003792652,0.0532966875041698,-0.24640148647885,-85.307609858099,32.6072581520884
"369","Geometric",17.667667388916,26.2786674499512,8.62933349609375,1503,172,84,21.1787796020508,460,275,346,438,13.8766670227051,42.9831085205078,717.629821777344,33.2999992370605,1.01600003242493,32.2840003967285,10.2106666564941,22.8013343811035,3.87821545763325,-3.48866764816171,0.370526799106994,1.00677058598642,1.41987534114515,-0.595944547668051,-0.533212844679187,-0.00149153639198196,0.168461406372462,-0.231117803036523,-88.2559254443465,32.1305206559759
"369","Population-Weighted",17.6528339385986,26.3146667480469,8.57266616821289,1500,171,85,21.3361797332764,459,274,344,439,13.925666809082,42.9221611022949,721.528381347656,33.3640022277832,0.920000016689301,32.4440040588379,10.1560001373291,22.8080005645752,3.86146021882104,-3.47217346062048,0.378850087877755,1.02767721898222,1.45530196123534,-0.599467882139606,-0.534497174459918,0.0177683807288959,0.186494720488882,-0.229863642982325,-88.26749806232,32.1828857754182
"370","Geometric",14.1641664505005,24.0833339691162,3.64066672325134,1308,139,79,15.1674842834473,378,267,302,334,13.103666305542,37.5980339050293,823.817260742188,31.4640007019043,-3.38800001144409,34.8520011901855,13.8159999847412,20.1306667327881,2.28627624421282,-2.83283144864729,0.638864700971128,1.41260804022417,0.916736581885179,-0.363419845909023,-0.191012218715887,0.338596125367386,-0.142916672929462,0.0280801187434318,-86.9861801256495,36.1044292406122
"370","Population-Weighted",15.0885000228882,25.4333324432373,4.10666656494141,1269,133,76,15.179349899292,367,258,296,323,12.9423332214355,36.293701171875,860.340698242188,32.6359977722168,-3.0239999294281,35.6599960327148,14.8746662139893,21.1886672973633,2.36524584399253,-2.5476469971184,0.9688108852429,1.45807868645978,1.04126887789062,-0.0692391917620896,-0.21810956185039,0.338893608562623,-0.219479359764115,-0.00126609649531537,-86.810866895479,36.1610496768064
"371","Geometric",14.6636667251587,24.8426666259766,3.91199994087219,1291,136,78,14.9402723312378,373,265,302,326,12.8526668548584,36.7303009033203,844.006469726562,32,-2.99200010299683,34.992000579834,14.3940000534058,20.6866664886475,2.33805896084524,-2.74231145411288,0.836704058829835,1.44792274833185,0.92240274252699,-0.172349090281843,-0.223361603382855,0.347982040709252,-0.177176396241491,0.0137242453732889,-86.6683150517757,36.0104904270331
"371","Population-Weighted",14.8415002822876,24.8886661529541,4.24533319473267,1290,135,78,14.9157657623291,371,265,303,326,12.7089996337891,36.6380310058594,833.431823730469,32.0719985961914,-2.6159999370575,34.6879997253418,14.3673334121704,20.8953323364258,2.40401805760686,-2.75115011323461,0.834186314774016,1.46875386774381,0.860348923083787,-0.120007407342049,-0.235215983109625,0.347916237785863,-0.170248232753185,0.0121220044858073,-86.6031250977291,36.0495664366655
"372","Geometric",15.0885000228882,25.4333324432373,4.10666656494141,1269,133,76,15.179349899292,367,258,296,323,12.9423332214355,36.293701171875,860.340698242188,32.6359977722168,-3.0239999294281,35.6599960327148,14.8746662139893,21.1886672973633,2.36524584399253,-2.5476469971184,0.9688108852429,1.45807868645978,1.04126887789062,-0.0692391917620896,-0.21810956185039,0.338893608562623,-0.219479359764115,-0.00126609649531537,-86.8272187601823,36.1360546164511
"372","Population-Weighted",15.3201665878296,25.7526664733887,4.21066665649414,1258,132,75,15.3622026443481,364,256,294,319,12.9243335723877,36.0611991882324,868.767028808594,32.9119987487793,-2.92799997329712,35.8400001525879,15.1713333129883,21.4446659088135,2.38889266445998,-2.46661477128253,1.04448173974181,1.45940806634615,1.06955953759669,-0.00552647422532609,-0.222884128240777,0.339042589493946,-0.238109908136291,-0.00320253904563456,-86.7758836512794,36.1279496097356
"373","Geometric",13.2306671142578,22.4766674041748,3.40400004386902,1556,170,98,15.6103801727295,444,317,349,422,11.6926670074463,36.5167617797852,770.345825195312,29.0520000457764,-2.96799993515015,32.0200004577637,4.92666673660278,18.7946662902832,2.28958355693792,-4.63131398131096,-0.104455483875222,1.42503870999274,0.841198307303067,-0.335177886454681,-0.775519653881476,0.287991304489912,0.370428602110424,0.00542620593894902,-85.3487557355407,35.3194345400801
"373","Population-Weighted",13.3675003051758,22.6693344116211,3.59466671943665,1533,168,96,15.5978384017944,440,313,344,417,11.9270000457764,37.0219764709473,770.802795410156,29.3999996185303,-2.81599998474121,32.2159996032715,5.09533309936523,18.8933334350586,2.33948180658468,-4.46219805771358,-0.0937193691318433,1.43557552925061,0.890996638845233,-0.359136212696199,-0.755325106299757,0.245249162706405,0.354794736255181,-0.00608717171231143,-85.2687343101574,35.2601237004886
"374","Geometric",15.3503332138062,25.0233345031738,5.24399995803833,1442,162,87,16.7291431427002,427,291,323,398,12.7473335266113,37.9204330444336,800.312072753906,32.068000793457,-1.54799997806549,33.6160011291504,6.82999992370605,21.0340003967285,2.79674346707034,-3.65845159117846,0.289638239414018,1.43161829220184,1.29936604197087,-0.179836655311583,-0.729982964429265,0.0912427285889198,0.233314473515765,-0.0497257040859511,-85.3033613268575,35.0711802880835
"374","Population-Weighted",15.363166809082,25.0833320617676,5.21533346176147,1442,162,87,16.6846675872803,428,291,324,398,12.7030000686646,37.7346725463867,803.724609375,32.0799980163574,-1.58399999141693,33.6639976501465,6.83866691589355,21.0353336334229,2.7849295192343,-3.66914843184682,0.31054430523916,1.42816465502271,1.30300143401981,-0.158626454551152,-0.738704771477512,0.0915944949611986,0.22831441971427,-0.0513571240541419,-85.2440225017946,35.0506493223756
"376","Geometric",13.0688333511353,22.7746658325195,2.87599992752075,1114,121,72,13.87917137146,326,237,316,261,13.3623332977295,38.9481544494629,804.715759277344,30.0799999237061,-4.22800016403198,34.3079986572266,20.8660011291504,8.42866611480713,1.6967110427549,-2.08940780633025,1.04743242280902,1.11560920202658,-0.0221019289412167,-0.833465151299943,0.472456851544414,0.123831245095764,0.0363923313118257,-0.0309630764421346,-82.296285005508,36.3589174649385
"376","Population-Weighted",13.2565002441406,23.0900001525879,2.97533321380615,1094,120,70,13.9548664093018,320,232,309,261,13.3583335876465,38.7287864685059,814.03564453125,30.3719997406006,-4.11999988555908,34.492000579834,21.1733322143555,13.9980001449585,1.8525963014425,-1.95845673531368,1.01476575421838,1.20366216030577,0.097708971454261,-0.697893811638199,0.37843487618212,0.319986577263176,-0.288516710653454,0.00283279672317195,-82.3818815701163,36.4018919663074
"377","Geometric",13.6674995422363,23.5646667480469,3.39066672325134,1213,122,73,13.8501091003418,340,251,324,303,13.7043333053589,39.4846534729004,817.205139160156,30.9479999542236,-3.75999999046326,34.7080001831055,21.5626659393311,14.4513330459595,2.10204330484727,-2.26418494090662,1.13982338966616,1.19692197347506,0.373358516840517,-0.864946164326355,0.419657796803845,0.357466847412771,-0.23075992092233,-0.123896301995928,-83.8218382567042,36.0981138693515
"377","Population-Weighted",13.7701663970947,23.6480007171631,3.52266669273376,1214,123,73,14.0967998504639,341,251,324,303,13.6703338623047,39.4959335327148,815.319580078125,30.988000869751,-3.62400007247925,34.6119995117188,21.6546669006348,14.5313329696655,2.13878357254553,-2.27021496172226,1.14960710384929,1.18092333584427,0.366382610654211,-0.847443688497257,0.419533040732361,0.359027380820321,-0.227326107076253,-0.117678829151958,-83.8038851812192,36.0756857609232
"378","Geometric",13.5581665039062,23.4553337097168,3.25399994850159,1226,124,74,13.831075668335,343,255,327,305,13.6016664505005,39.2567176818848,818.161376953125,30.7999992370605,-3.84800004959106,34.6479988098145,21.4673328399658,14.3406667709351,2.07382969010897,-2.36399481668641,1.14024625989497,1.18738165630554,0.35942185538973,-0.865253394040699,0.406940069099007,0.374500400193097,-0.218909373977931,-0.108684312570353,-83.8451585412751,36.0957915343597
"378","Population-Weighted",14.22350025177,24.1606674194336,3.87400007247925,1204,123,72,14.0907363891602,336,249,320,303,13.6216669082642,39.2193565368652,822.080810546875,31.4680004119873,-3.26399993896484,34.7320022583008,22.2220001220703,14.9253339767456,2.23016496018255,-2.18352602334136,1.26011149300606,1.18808063867724,0.410732555463248,-0.743227400925081,0.444914377758019,0.358708564656665,-0.242435470254626,-0.11907083295492,-83.8348143394702,36.0296290968465
"379","Geometric",14.4601669311523,24.3880004882812,4.07066679000854,1205,124,72,14.2670259475708,335,250,319,304,13.353666305542,38.6883392333984,822.805114746094,31.5599994659424,-2.95600008964539,34.515998840332,22.4773330688477,15.1573333740234,2.27491454491121,-2.21965473101704,1.31254134730341,1.18167996603305,0.370718829755594,-0.621591238453994,0.44781474254132,0.38317579419064,-0.2413500532813,-0.108658198523324,-83.9662786208926,35.9656293578676
"379","Population-Weighted",14.4601669311523,24.3880004882812,4.07066679000854,1205,124,72,14.2670259475708,335,250,319,304,13.353666305542,38.6883392333984,822.805114746094,31.5599994659424,-2.95600008964539,34.515998840332,22.4773330688477,15.1573333740234,2.27491454491121,-2.21965473101704,1.31254134730341,1.18167996603305,0.370718829755594,-0.621591238453994,0.44781474254132,0.38317579419064,-0.2413500532813,-0.108658198523324,-83.9933622853763,35.964917493004
"380","Geometric",15.3973331451416,25.6599998474121,4.40933322906494,1314,135,77,19.2342777252197,397,249,281,342,11.6286668777466,33.7219161987305,856.359497070312,32.4040031433105,-2.07999992370605,34.484001159668,15.4266662597656,21.2939987182617,2.41989050889624,-2.8194647609854,0.950730702828082,1.22005085045578,0.870770252740962,0.497138009625286,-0.148392732717145,0.483817003179001,-0.164636121101327,0.0356196969980966,-89.421061190468,35.5470754809803
"380","Population-Weighted",15.5729999542236,25.7553329467773,4.69399976730347,1325,138,76,19.9979858398438,402,247,277,349,11.6573333740234,33.9665908813477,848.579223632812,32.5,-1.8199999332428,34.3199996948242,15.5699996948242,21.4193325042725,2.51212081113323,-2.81954620240703,0.914975107410382,1.15064373346338,0.903115969043115,0.51941667387526,-0.109597775986657,0.469603620972996,-0.162179106244767,0.0382945046503223,-89.6010347498076,35.3774861363325
"381","Geometric",16.7518329620361,27.0866680145264,5.68200016021729,1351,145,76,21.2212333679199,414,245,283,351,11.1223335266113,32.4077301025391,862.707397460938,33.4200019836426,-0.899999976158142,34.3200035095215,16.9046669006348,22.6166667938232,2.77140533616792,-2.90036819093116,1.24727140550847,1.02237194112904,0.960153962503512,0.846652432546879,-0.148458935506254,0.489084067001015,-0.210957577521116,0.0838064166313333,-89.9776170537529,35.1221550763553
"381","Population-Weighted",16.5981674194336,26.8233337402344,5.66066646575928,1352,145,76,21.0954780578613,414,245,283,353,11.2676668167114,32.9541053771973,853.090759277344,33.2519989013672,-0.939999997615814,34.1919975280762,16.7366676330566,22.4099998474121,2.77338066762173,-2.89918217558299,1.1693923386,1.02324793793618,0.945861773550664,0.758702266141453,-0.129077596490002,0.474188927210939,-0.201387021394751,0.0759285961147703,-89.9160308487709,35.1162213618257
"382","Geometric",14.3854999542236,24.8726654052734,3.16666674613953,1362,134,84,14.8844776153564,386,276,326,343,12.146333694458,34.2381706237793,875.458374023438,31.8759994506836,-3.59999990463257,35.4759979248047,14.2106666564941,20.5860004425049,2.13367080081184,-3.17116195497368,1.05858391915077,1.46960675804486,0.93375458015122,-0.01947363648631,-0.35783393691927,0.482633862901512,-0.157998622264531,-0.0249175979236657,-88.674505129235,36.298669729326
"382","Population-Weighted",14.5165004730225,25.015998840332,3.28200006484985,1361,135,83,15.0896635055542,386,274,325,345,12.2390003204346,34.3753509521484,877.074768066406,32.015998840332,-3.58799982070923,35.6040000915527,14.3620004653931,20.716667175293,2.16871631607991,-3.12668637308573,1.07294292130308,1.44176921387953,0.979559178521028,-0.0210264447505438,-0.345758105562091,0.466851104102466,-0.174782908550277,-0.0330103508215352,-88.6938661866306,36.2846006328947
"383","Geometric",14.8400001525879,24.9619998931885,4.14466667175293,1349,138,80,17.2674121856689,396,263,299,347,12.8299999237061,36.6781005859375,840.326538085938,32.076000213623,-2.90400004386902,34.9799995422363,14.7013330459595,20.7473335266113,2.43836591079766,-2.88105637812623,0.82237127442515,1.31046969960303,1.03600139300035,-0.145948658548435,-0.169990011914042,0.407222537601681,-0.127047261148687,-0.00520915398681102,-88.5047383445957,35.604713037512
"383","Population-Weighted",14.8134994506836,24.9026660919189,4.09466648101807,1355,137,81,16.8333740234375,397,266,303,346,12.5823335647583,36.2185745239258,839.179077148438,31.9200000762939,-2.8199999332428,34.7400016784668,14.6986665725708,20.7233333587646,2.41484618062455,-2.96963861620855,0.845339675369178,1.33602696958495,0.956334562298857,-0.094101488026827,-0.188162103437781,0.430559605886932,-0.124342188843951,-0.00359632016993383,-88.5968136781509,35.6356576977184
"384","Geometric",14.3566665649414,24.156665802002,4.02333354949951,1434,158,90,18.0416603088379,426,282,309,377,13.2953338623047,38.5685005187988,814.223327636719,31.3680000305176,-3.10399985313416,34.4720001220703,14.1566667556763,20.1726665496826,2.57429126749805,-3.41275080344669,0.624443703189514,1.19591445215999,1.17228781261026,-0.571130293560943,-0.125378017070896,0.471301414129678,0.0344077226594619,0.0979253481572581,-87.3596558262574,35.3393334854104
"384","Population-Weighted",14.2484998703003,23.8633327484131,4.09266662597656,1425,158,91,17.408182144165,423,284,310,371,13.2063331604004,38.7782859802246,798.327514648438,31.1000003814697,-2.95600008964539,34.0559997558594,14.0659999847412,19.9580001831055,2.57599073473231,-3.44926540514018,0.569409987849011,1.23455551864106,1.05234781809155,-0.604722532827399,-0.11998629724308,0.470108163394738,0.052563099372998,0.126908506511486,-87.1979775187824,35.3954125154372
"385","Geometric",13.3020000457764,22.796667098999,3.19466686248779,1449,147,88,14.2655735015869,405,296,352,377,12.3473339080811,37.1952438354492,789.982788085938,29.7760009765625,-3.42000007629395,33.1959991455078,13.039999961853,18.9799995422363,2.23273621657404,-3.77107120557128,0.523532968229279,1.34755898772558,0.605550660351058,-0.564921466891995,-0.280853337676356,0.456126415004592,-0.052089309341229,-0.0598465164822809,-85.3322777614719,36.1780256849372
"385","Population-Weighted",13.3120002746582,22.7620010375977,3.22466659545898,1459,149,89,14.3819074630737,409,298,351,381,12.308666229248,37.1593589782715,787.654296875,29.7360000610352,-3.38800001144409,33.1240005493164,13.0366668701172,19.0073337554932,2.25181098069651,-3.83561058771019,0.511567927170999,1.33565249645842,0.617403639517178,-0.561887395483697,-0.268131864779728,0.471966647317394,-0.035530154482512,-0.0430738678835587,-85.37236768063,36.1409505293997
"386","Geometric",15.8598337173462,25.6293334960938,5.5,1428,149,81,20.0472927093506,432,260,305,376,12.3210000991821,36.4742431640625,813.605224609375,32.4000015258789,-1.37999999523163,33.7800025939941,15.7819995880127,21.5920009613037,2.86784599884046,-3.17617169102427,0.878590189183623,1.03015081138183,1.01728662995293,0.0651048656541686,-0.110723720508669,0.426562916636816,-0.119098081624497,-0.00595259842692586,-89.7731744976069,34.5711708656547
"386","Population-Weighted",15.8968334197998,25.8193321228027,5.36600017547607,1409,146,80,20.201602935791,428,257,300,370,12.154333114624,35.7312240600586,825.44921875,32.515998840332,-1.5,34.015998840332,15.8286666870117,21.6773338317871,2.79840293200675,-3.0988797917652,0.929800809030934,1.05024227147435,1.01521594358801,0.188436248078908,-0.12363159605786,0.442379422369589,-0.133304203643383,-0.00105168869781461,-89.7665236093527,34.7013488775854
"387","Geometric",17.425500869751,27.0300006866455,7.09066677093506,1412,154,69,22.8401260375977,428,237,288,394,11.617000579834,35.391788482666,809.150390625,33.3959999084473,0.572000026702881,32.8240013122559,17.5573329925537,23.013334274292,3.26917418085079,-2.90506375211045,0.984900085580943,0.737421650011129,0.970992676524792,0.664217460383854,0.031669551631276,0.349550539496397,-0.275404846788023,-0.0839724293795217,-90.8099887673247,33.5368710135686
"387","Population-Weighted",17.425500869751,27.0300006866455,7.09066677093506,1412,154,69,22.8401260375977,428,237,288,394,11.617000579834,35.391788482666,809.150390625,33.3959999084473,0.572000026702881,32.8240013122559,17.5573329925537,23.013334274292,3.26917418085079,-2.90506375211045,0.984900085580943,0.737421650011129,0.970992676524792,0.664217460383854,0.031669551631276,0.349550539496397,-0.275404846788023,-0.0839724293795217,-90.8248600671508,33.5390096667476
"388","Geometric",16.0261669158936,25.5860004425049,5.96399974822998,1453,159,83,21.2925128936768,441,266,294,406,12.7049999237061,37.9344329833984,793.290954589844,32.5919990539551,-0.899999976158142,33.492000579834,16.0026664733887,21.5746669769287,3.09756456507828,-3.27531603582307,0.748421007047545,0.949889650637075,1.18595811727417,-0.0712972916754162,0.0343831294885901,0.454195859601968,-0.0197542259402779,0.0095057764150667,-88.6298471163077,34.3530205839537
"388","Population-Weighted",16.0261669158936,25.5860004425049,5.96399974822998,1453,159,83,21.2925128936768,441,266,294,406,12.7049999237061,37.9344329833984,793.290954589844,32.5919990539551,-0.899999976158142,33.492000579834,16.0026664733887,21.5746669769287,3.09756456507828,-3.27531603582307,0.748421007047545,0.949889650637075,1.18595811727417,-0.0712972916754162,0.0343831294885901,0.454195859601968,-0.0197542259402779,0.0095057764150667,-88.6599279966987,34.3625981355941
"389","Geometric",16.5781669616699,26.0626678466797,6.61533355712891,1421,153,77,21.047342300415,421,252,292,396,12.7063341140747,38.0702705383301,786.724609375,32.9480018615723,-0.428000003099442,33.3760032653809,16.4733333587646,22.1086654663086,3.19723331897688,-2.96850315939924,0.793861801697833,0.957665870094854,1.10619582147561,0.0461073424231609,0.0398231932438712,0.373687707726893,-0.118283907685902,-0.0649223635993379,-89.9073075418752,33.7752502190142
"389","Population-Weighted",16.5781669616699,26.0626678466797,6.61533355712891,1421,153,77,21.047342300415,421,252,292,396,12.7063341140747,38.0702705383301,786.724609375,32.9480018615723,-0.428000003099442,33.3760032653809,16.4733333587646,22.1086654663086,3.19723331897688,-2.96850315939924,0.793861801697833,0.957665870094854,1.10619582147561,0.0461073424231609,0.0398231932438712,0.373687707726893,-0.118283907685902,-0.0649223635993379,-89.8960152780013,33.7752448526642
"390","Geometric",17.7121658325195,26.6520004272461,8.23600006103516,1418,153,81,22.2448387145996,429,259,279,411,13.0156669616699,40.1767730712891,748.223754882812,33.3079986572266,0.912000000476837,32.3959999084473,17.5853328704834,23.0973339080811,3.68248048633846,-2.93784604320122,0.774292026135903,1.00613608733022,1.12437085059103,-0.0538395007105755,0.188935083235285,0.479761234269278,0.0147901038493263,-0.0841654721021253,-90.0910447913619,32.5034581042913
"390","Population-Weighted",17.966667175293,26.7853336334229,8.62399959564209,1420,152,85,21.2967700958252,424,263,289,411,12.7846660614014,39.9920768737793,737.994201660156,33.3279991149902,1.36000001430511,31.9679985046387,17.8519992828369,23.2700004577637,3.76752897812091,-3.05223066285542,0.864317236182944,1.09622548035522,1.01159207419778,-0.0424667352513294,0.159154847814771,0.526560681573167,0.0497908415296957,-0.0829367125339633,-90.0859671493415,32.4136078912141
"391","Geometric",17.7373332977295,26.5366668701172,8.43733310699463,1431,155,81,21.2524642944336,425,262,295,417,12.6406669616699,39.7355270385742,735.4189453125,33.0200004577637,1.20800006389618,31.8120002746582,17.6406669616699,23.0033321380615,3.70580791825039,-3.10247046418058,0.797691143586774,0.998323583126505,0.960381486139236,-0.00797096519799356,0.154509786471581,0.466401569867629,-0.0180418640296836,-0.114958530366133,-90.334825288159,32.3594062665618
"391","Population-Weighted",17.8388328552246,26.6119995117188,8.59133338928223,1438,155,85,20.6545162200928,426,266,300,416,12.7243337631226,40.0943222045898,732.32470703125,33.0999984741211,1.3639999628067,31.7359981536865,17.7453327178955,23.07200050354,3.76813486267573,-3.17305259061213,0.851367256957808,1.06717487846983,0.961577310973324,-0.0942865652232407,0.138629057430888,0.49688033947087,0.0279383876071799,-0.101702717021703,-90.2735801687426,32.2896822356415
"392","Geometric",18.318000793457,27.1986656188965,8.93333339691162,1425,153,85,20.9454174041748,424,263,294,412,12.9913330078125,40.3157081604004,742.578002929688,33.7639999389648,1.53999996185303,32.2239990234375,18.2900009155273,23.593334197998,3.87315335797105,-3.00908312464017,0.974195946160745,1.09705334743968,1.0966364065225,-0.0891119574774795,0.154149948906395,0.499555724316146,0.0286702754434685,-0.0985300464977406,-90.2043627878867,32.3172233144203
"392","Population-Weighted",18.318000793457,27.1986656188965,8.93333339691162,1425,153,85,20.9454174041748,424,263,294,412,12.9913330078125,40.3157081604004,742.578002929688,33.7639999389648,1.53999996185303,32.2239990234375,18.2900009155273,23.593334197998,3.87315335797105,-3.00908312464017,0.974195946160745,1.09705334743968,1.0966364065225,-0.0891119574774795,0.154149948906395,0.499555724316146,0.0286702754434685,-0.0985300464977406,-90.1762224002424,32.311786904402
"393","Geometric",17.3215007781982,26.1233329772949,8.10666656494141,1462,168,85,21.7947330474854,444,266,325,418,13.3689994812012,41.3696022033691,731.399658203125,33.0039978027344,0.688000023365021,32.3159980773926,13.1319999694824,22.5139999389648,3.68507193627281,-3.33853182430413,0.539920115657715,0.977732716212726,1.2164629942418,-0.389493805188435,-0.286565905206527,0.210659259917854,0.107168003324125,-0.104000598518263,-88.8048124041527,32.4296850687363
"393","Population-Weighted",17.2455005645752,25.9986667633057,8.06999969482422,1476,169,86,21.3394756317139,448,271,328,421,13.2936668395996,41.3978157043457,727.733154296875,32.8320007324219,0.719999969005585,32.1119995117188,13.0666666030884,22.4306678771973,3.68796907793949,-3.44142356574795,0.525864882274433,0.98812116350471,1.18593988391278,-0.411086778796335,-0.283152082734751,0.220307681590003,0.118990511893634,-0.103297764162017,-88.8275265647737,32.4109394657144
"394","Geometric",18.5189990997314,26.6433334350586,9.90266609191895,1585,166,91,16.2063102722168,462,325,387,439,12.8899993896484,42.2346000671387,680.955688476562,33.1399993896484,2.61999988555908,30.5200004577637,11.4073333740234,19.0380001068115,4.07739973913005,-4.11517603206807,0.788269086389698,1.25779617057609,0.928735297725407,-0.602995532890051,-0.494422563876044,-0.0396262396655219,0.487541413807794,-0.317063363499575,-89.2613371988765,31.2338191238164
"394","Population-Weighted",18.4860000610352,26.5579986572266,9.92733287811279,1598,165,91,16.0577716827393,465,325,393,443,12.8239994049072,42.267635345459,676.460205078125,32.9879989624023,2.64800000190735,30.3399982452393,11.4053335189819,19.0266666412354,4.08365610482584,-4.17137357815322,0.778055220317579,1.24453505417482,0.886374910224705,-0.616896220834638,-0.50288950367032,-0.0410366158511187,0.471936901242723,-0.351196801552729,-89.308553988679,31.2079615816921
"395","Geometric",19.3174991607666,26.9586658477783,11.1119995117188,1669,178,83,18.9810791015625,503,332,486,428,11.0109996795654,39.3812599182129,648.245971679688,32.5879974365234,4.62799978256226,27.959997177124,26.6213340759277,15.5553331375122,4.42574979920394,-4.60230449550086,2.11301001650003,0.211307888239984,-0.216178606846064,-0.531568970169324,0.213352145410525,0.241939988202357,-0.0142151219363493,-0.291940949733167,-89.0234922787033,30.5805928833378
"395","Population-Weighted",19.6181659698486,27.2253341674805,11.4553337097168,1631,176,85,18.4020309448242,494,325,476,417,10.33899974823,37.8940048217773,645.522827148438,32.523998260498,5.23999977111816,27.2839984893799,26.8906669616699,15.9266672134399,4.43176296713911,-4.59684522380906,2.16491983877584,0.289112793175018,-0.410762246062577,-0.224322685798715,0.223939123690654,0.302279274964334,-0.00446811823412807,-0.219264036886374,-88.9671422452491,30.4709683296895
"396","Geometric",18.0305004119873,26.1580009460449,9.40533351898193,1581,162,86,16.9148769378662,458,315,363,453,13.1110000610352,42.7291107177734,681.722106933594,32.7879981994629,2.10399985313416,30.6839981079102,10.8993330001831,22.9166679382324,4.0565125572264,-3.93356507193487,0.467110174186495,1.28612501834622,1.07267519092558,-0.549730289075219,-0.45483036113673,0.103007170085858,0.232095607831153,-0.351307159794559,-90.6844370626776,31.3180033533523
"396","Population-Weighted",18.1483325958252,26.2306671142578,9.54866695404053,1580,160,86,17.3540534973145,459,314,362,454,13.1186666488647,42.7151145935059,678.781799316406,32.9000015258789,2.18799996376038,30.7120018005371,11.0513334274292,18.6940002441406,3.97314741992349,-3.90715227087418,0.542740909117738,1.21284206283602,1.01648970352579,-0.571410471471912,-0.346119962774768,-0.0470528722842204,0.479958527621865,-0.398160375946785,-90.5412805846083,31.3079223139881
"397","Geometric",16.7798328399658,26.0699996948242,7.01733350753784,1403,156,83,20.0766887664795,421,261,292,395,12.8036670684814,38.8366508483887,772.068969726562,32.8559989929199,-0.112000003457069,32.9679985046387,12.3733329772949,22.2059993743896,3.26414019829839,-3.12698199956493,0.532767386810616,1.19960727891355,1.1756978395245,7.67118449918058e-06,-0.259526348548116,0.263605183875122,0.106898344828234,-0.0463323917553003,-88.8634351079545,33.5308163277735
"397","Population-Weighted",16.7228336334229,26.0713329315186,6.92000007629395,1402,155,84,19.5671157836914,419,263,292,395,12.7043333053589,38.5259971618652,775.919982910156,32.8320007324219,-0.144000008702278,32.976001739502,12.2840003967285,22.203332901001,3.23052007647522,-3.16175599885656,0.551666497126742,1.24514229717653,1.16311776058183,0.0299435882921292,-0.266763001371379,0.282042308162961,0.116607228256232,-0.0434443140420066,-88.7065673237041,33.5435705196573
"398","Geometric",18.9090003967285,26.7306671142578,10.3866662979126,1356,148,60,23.985034942627,423,230,384,393,13.242000579834,43.841869354248,665.502319335938,33.4040031433105,3.20000004768372,30.2040023803711,11.6726665496826,19.9473342895508,4.05422907339441,-2.65595789479801,0.447635695811693,0.679804369846275,0.58743374035855,-0.31692994964845,-0.635853937161768,-0.416435777084651,-0.0227250195261016,-0.614362548592579,-84.6672967718675,31.3202212033499
"398","Population-Weighted",19.0603332519531,26.8219985961914,10.5446662902832,1358,147,60,23.662410736084,419,232,391,386,13.4486656188965,44.3908996582031,663.248962402344,33.4959983825684,3.20000004768372,30.2959976196289,11.826000213623,20.1140003204346,4.10240892467881,-2.61142189735261,0.496883771394108,0.708188979097117,0.587469541747672,-0.422421627989793,-0.669926577889845,-0.433543321035304,-0.0357690559705592,-0.627639807182444,-84.5942231660907,31.2153739493423
"400","Geometric",12.9103336334229,23.5006675720215,1.64266681671143,1205,125,75,15.7117052078247,353,254,323,279,12.4686670303345,34.7432746887207,881.150268554688,30.8880004882812,-5,35.8880004882812,21.4553337097168,19.181999206543,1.7110093601438,-2.48852814627141,1.32647371223218,1.18650459060174,0.419519733129963,-0.331449753368984,0.132988099509694,0.6957615204074,-0.548664467853472,0.118331527948449,-85.291833149882,38.0574954579091
"400","Population-Weighted",12.6128330230713,23.300666809082,1.19666659832001,1202,125,76,15.7357206344604,351,253,322,275,12.1383333206177,33.8341331481934,891.228515625,30.496000289917,-5.38000011444092,35.8759994506836,21.2639999389648,18.9559993743896,1.55887402275924,-2.56110467378687,1.31882985489903,1.18762381969447,0.34611900060175,-0.234513401789554,0.111666500157464,0.740910171070484,-0.551755798324342,0.142660721669792,-85.3874359676446,38.1684063793124
"401","Geometric",12.9286661148071,23.4979991912842,1.53933346271515,1191,118,69,14.2860736846924,340,248,311,288,12.4653339385986,34.7069091796875,884.959655761719,30.7239990234375,-5.19199991226196,35.9160003662109,12.7159996032715,19.2226657867432,1.52796641587773,-2.42511192072466,0.685531350279565,1.50248451712923,0.636052313875277,-0.0751982688246995,-0.422027217899391,0.293736670954329,-0.360753679370966,-0.0812945164255511,-86.1653408931054,37.8560273338641
"401","Population-Weighted",13.1844997406006,23.8146667480469,1.79466664791107,1168,117,65,14.7837038040161,332,240,307,288,12.3009996414185,34.3105010986328,886.926391601562,31.003999710083,-4.84800004959106,35.8520011901855,13.0166664123535,19.4466667175293,1.5663003924442,-2.28297033616366,0.713952686298632,1.45584822310865,0.610390832801169,0.082133813939813,-0.406347592846106,0.259798958618934,-0.412968390005937,-0.110761833564854,-85.9205516504364,37.9101279654675
"402","Geometric",13.7003335952759,24.6580009460449,2.02600002288818,1166,121,74,15.386775970459,342,247,307,267,11.8493337631226,32.8709869384766,912.874938964844,31.5480003356934,-4.5,36.0480003356934,13.506667137146,20.0779991149902,1.62762110182706,-2.4424164647028,1.01796766684626,1.53138797688301,0.637023518132232,0.261018420181156,-0.517988535142024,0.39076430379022,-0.31001258400911,0.0522968229839341,-85.6589969095714,38.1869165539442
"402","Population-Weighted",13.7886667251587,24.7866668701172,2.09133315086365,1156,120,73,15.3912286758423,339,245,305,264,11.8446664810181,32.8325386047363,915.659729003906,31.6720008850098,-4.4040002822876,36.076000213623,13.5819997787476,20.1840000152588,1.63816556192719,-2.37895357880762,1.03607779506073,1.53703174126986,0.637652759566395,0.296046762492175,-0.518446254870513,0.379701183881874,-0.322768729418085,0.0469462305154274,-85.6779109917872,38.2014359560238
"403","Geometric",12.2503328323364,22.9153327941895,0.988666713237762,1161,119,71,16.1053333282471,341,248,320,259,12.3246669769287,34.5654792785645,886.118713378906,30.003999710083,-5.65199995040894,35.6559982299805,20.7959995269775,13.3819999694824,1.31507016110186,-2.35109752387946,1.24629866196647,1.09539634907586,0.150566630994167,-0.352468560373054,0.209937552325036,0.487739383898201,-0.30302491792546,0.0490966281863233,-84.2338119144209,38.0608323120442
"403","Population-Weighted",12.2701663970947,22.8773326873779,1.01866662502289,1167,120,71,16.0820388793945,344,249,322,261,11.9683332443237,33.8931045532227,882.514892578125,29.8079986572266,-5.50400018692017,35.3120002746582,20.7993335723877,13.4006662368774,1.30338060454204,-2.45093750847616,1.2467202590207,1.07267336762012,0.0613082411907714,-0.239950350529444,0.202507248510469,0.504420434252514,-0.311754911953745,0.0580802237729798,-84.3733497535101,38.0237859480347
"404","Geometric",12.6921663284302,22.7259998321533,1.96533334255219,1225,127,76,14.0728769302368,351,276,324,278,11.7063331604004,34.5564231872559,838.164794921875,29.5200004577637,-4.35599994659424,33.8759994506836,20.6940002441406,13.8339996337891,1.60144580609618,-2.85140279786741,1.17031877782826,1.20118572955855,-0.0689113666387962,-0.289578496272446,0.270481363659118,0.55776942894729,-0.190121568526655,0.111855645654045,-84.3983454330666,37.5300137025139
"404","Population-Weighted",12.8598337173462,23.1613330841064,2.00733327865601,1195,124,74,14.3226261138916,343,267,318,270,12.1243333816528,34.9807662963867,855.117553710938,30.1520004272461,-4.50799989700317,34.6599998474121,21.0906658172607,13.9400005340576,1.61051867068182,-2.57865839521703,1.26134570592191,1.20866596498006,0.0814374212268773,-0.328996288212732,0.283128865281928,0.513569815419551,-0.220823109064717,0.0935825652252557,-84.404918166411,37.6005676964157
"405","Geometric",12.9306669235229,23.7140007019043,1.43533337116241,1168,121,70,16.4911937713623,347,246,323,263,11.8406658172607,33.1671333312988,901.284790039062,30.5520000457764,-5.14799976348877,35.7000007629395,21.7560005187988,13.985333442688,1.41805504787195,-2.39312713895474,1.47042028885068,1.02403142149213,0.161924874342526,-0.0810664447443669,0.206821992432246,0.507135460227601,-0.353990089456743,0.0491828287104826,-84.4561398736893,38.0375614911308
"405","Population-Weighted",13.0628328323364,23.8333339691162,1.5753333568573,1168,121,70,16.6161422729492,348,245,324,263,11.7316665649414,32.9097442626953,900.679565429688,30.6280002593994,-5.01999998092651,35.6479988098145,21.8926658630371,14.1086664199829,1.44305056307128,-2.40136993693726,1.50289755477927,1.01374803799169,0.145308384652147,-0.0297608826436543,0.200239768740855,0.511529609180455,-0.360426184389403,0.0515898888576155,-84.4940129997198,38.0208924116206
"406","Geometric",12.6809997558594,23.3793334960938,1.2793333530426,1139,120,71,15.9449234008789,341,240,315,256,12.3039999008179,34.1095581054688,891.914672851562,30.6840000152588,-5.38800001144409,36.0719985961914,21.2993335723877,13.7533330917358,1.38677411687641,-2.24060467042504,1.36581416368495,1.08797936194283,0.23206311145222,-0.242834398652698,0.225087234376891,0.46009147290399,-0.331216269852117,0.0885437085300783,-84.8829439012978,38.2328974069633
"406","Population-Weighted",12.7791662216187,23.5273323059082,1.34066653251648,1137,119,70,16.0016231536865,340,240,315,255,12.3369998931885,34.076343536377,895.720275878906,30.8199996948242,-5.38400030136108,36.2039985656738,21.445333480835,13.8393335342407,1.39803973113117,-2.197305047074,1.40199656973988,1.08642648263683,0.254565442715721,-0.22989638522585,0.22433690396684,0.453242015646945,-0.343903031153158,0.0755490808382427,-84.8731020424484,38.1995088028756
"407","Geometric",12.9870004653931,23.054666519165,2.40533328056335,1242,122,76,12.612979888916,348,269,324,298,13.1339998245239,37.6591339111328,835.8955078125,30.3040008544922,-4.57200002670288,34.8759994506836,20.9893341064453,19.1200008392334,1.94571339673846,-2.56761567696277,1.08514452395978,1.36708437346788,0.376542424722619,-0.713883541530099,0.259022090636079,0.647653627453903,-0.481437812349415,-0.000261008283862774,-84.1245081243735,36.9301004103216
"407","Population-Weighted",12.9870004653931,23.054666519165,2.40533328056335,1242,122,76,12.612979888916,348,269,324,298,13.1339998245239,37.6591339111328,835.8955078125,30.3040008544922,-4.57200002670288,34.8759994506836,20.9893341064453,19.1200008392334,1.94571339673846,-2.56761567696277,1.08514452395978,1.36708437346788,0.376542424722619,-0.713883541530099,0.259022090636079,0.647653627453903,-0.481437812349415,-0.000261008283862774,-84.1076749866143,36.9453821205258
"408","Geometric",11.9298334121704,21.5733337402344,1.7793333530426,1269,125,84,11.4877862930298,360,278,340,306,12.6590003967285,37.7384910583496,801.510864257812,28.7040004730225,-4.84000015258789,33.5439987182617,19.5926666259766,17.8373336791992,1.76583578726628,-3.05272078723258,0.802525429943219,1.40936433217805,0.0517000470596256,-0.868744042723697,0.209145412881229,0.712267976187762,-0.373584294699713,0.033365545004202,-83.2830763271897,36.8867133789278
"408","Population-Weighted",11.9298334121704,21.5733337402344,1.7793333530426,1269,125,84,11.4877862930298,360,278,340,306,12.6590003967285,37.7384910583496,801.510864257812,28.7040004730225,-4.84000015258789,33.5439987182617,19.5926666259766,17.8373336791992,1.76583578726628,-3.05272078723258,0.802525429943219,1.40936433217805,0.0517000470596256,-0.868744042723697,0.209145412881229,0.712267976187762,-0.373584294699713,0.033365545004202,-83.2719796660468,36.8851759297422
"409","Geometric",12.5443334579468,22.2773342132568,2.21933341026306,1269,129,81,12.6825904846191,361,275,340,303,13.3133335113525,38.7330780029297,811.30224609375,29.6240005493164,-4.7480001449585,34.3720016479492,20.1719989776611,18.6146659851074,1.95164457203583,-2.83155720973551,0.927595655813978,1.32755532882791,0.308437562102255,-0.986569908575945,0.193885892405176,0.643346237791849,-0.421014036042223,0.0372272233254401,-83.7203690267162,36.9649949424435
"409","Population-Weighted",12.4713335037231,22.203332901001,2.18533325195312,1280,129,83,12.4820203781128,364,277,342,307,13.2366666793823,38.6178855895996,809.82080078125,29.5359992980957,-4.73999977111816,34.2760009765625,20.1106662750244,18.5240001678467,1.94566362922441,-2.91740623508277,0.927994266110868,1.34655212341675,0.29557227523426,-0.992830002947472,0.193941484852343,0.668431522323704,-0.396123798436645,0.038426348192634,-83.7000335221205,36.9312883669663
"410","Geometric",12.0696668624878,22.8939990997314,0.509999990463257,1112,115,70,17.162540435791,327,230,311,230,12.1666669845581,33.6132888793945,903.357421875,30.1040000915527,-6.09200000762939,36.1959991455078,20.7906665802002,0.509999990463257,0.783940281516014,-2.10807502523103,1.46826683918045,0.869442525216039,-0.0882191074722422,-0.313936224648059,0.450384547620537,-0.00249901906822285,0.361818090410712,0.00751310090379784,-84.3177819090498,38.6550705653901
"410","Population-Weighted",11.9350004196167,22.7986679077148,0.332000017166138,1096,115,70,16.4790134429932,324,226,303,226,12.065333366394,33.3002128601074,906.328002929688,30.0440006256104,-6.1879997253418,36.2320022583008,11.5206670761108,0.332000017166138,0.595097835045595,-2.19000723181245,0.8565280194474,1.17742715438548,0.128294100913482,-0.0856620446254928,-0.210503329862209,-0.389901549996702,0.637619741785417,-0.0503912201788654,-84.4829915381443,38.8726344410407
"411","Geometric",11.9131669998169,22.3980007171631,0.749333381652832,1093,122,74,17.1486110687256,334,232,320,239,13.4630002975464,37.1045074462891,875.293579101562,30.0160007476807,-6.26800012588501,36.2840003967285,20.3246669769287,13.061333656311,1.30498814886206,-2.04438914710568,1.09676149429692,1.08053886558108,0.273569990360217,-0.815236271649186,0.162028712595521,0.423488051484897,-0.278018390492847,0.122262034381215,-83.0643974002036,38.3796997607154
"411","Population-Weighted",12.0209999084473,22.4619998931885,0.856000006198883,1081,119,73,16.751838684082,329,229,317,238,13.434666633606,37.0223388671875,872.628051757812,30.1040000915527,-6.18400001525879,36.2880020141602,20.4006671905518,13.1446666717529,1.31082704324557,-1.97116627098498,1.09927904398962,1.11408751823019,0.253112080562555,-0.772960167755619,0.179693264014626,0.413864083790852,-0.292562677385311,0.103564874815987,-82.9268675248073,38.4302591088813
"412","Geometric",12.5859994888306,22.7700004577637,1.8860000371933,1140,129,75,15.5839109420776,341,251,327,256,13.6660003662109,38.4784317016602,844.019165039062,30.4519996643066,-5.06400012969971,35.515998840332,20.7433319091797,13.5059995651245,1.6854884787295,-2.22863186261022,1.13073397691444,1.12322182775935,0.30818758225492,-0.943651728137459,0.227754298689481,0.373842203094094,-0.222933992006161,0.115161902783684,-82.6804688548609,37.9035150781123
"412","Population-Weighted",12.5859994888306,22.7700004577637,1.8860000371933,1140,129,75,15.5839109420776,341,251,327,256,13.6660003662109,38.4784317016602,844.019165039062,30.4519996643066,-5.06400012969971,35.515998840332,20.7433319091797,13.5059995651245,1.6854884787295,-2.22863186261022,1.13073397691444,1.12322182775935,0.30818758225492,-0.943651728137459,0.227754298689481,0.373842203094094,-0.222933992006161,0.115161902783684,-82.6764319665397,37.8972885030222
"413","Geometric",12.4130001068115,22.4753322601318,1.77533328533173,1199,130,77,14.724720954895,349,268,333,281,13.7480001449585,38.8888893127441,838.371276855469,30.1000003814697,-5.2519998550415,35.3520011901855,20.3839988708496,18.6446666717529,1.84254952033963,-2.48641424554581,0.99048541185523,1.25957487289164,0.443314870845309,-1.02989519839209,0.141674526036608,0.62209685990391,-0.461435035307853,0.0961310292200634,-83.4765683747469,37.5684220637396
"413","Population-Weighted",12.4799995422363,22.576000213623,1.8033332824707,1197,130,77,14.5020961761475,348,268,332,280,13.8173332214355,38.9396171569824,841.115356445312,30.2399997711182,-5.24399995803833,35.484001159668,20.4713325500488,18.7346668243408,1.8563870180834,-2.45875909320164,1.01663720247562,1.27346294793148,0.476470021911774,-1.03728123390252,0.146326301820691,0.615438689421194,-0.465650978789674,0.100401288957446,-83.5010648612173,37.5794419329647
"414","Geometric",12.220666885376,22.4813327789307,1.38133347034454,1152,133,76,16.5941257476807,346,251,330,261,14.1440000534058,39.0459365844727,853.78466796875,30.3159999847412,-5.90799999237061,36.2239990234375,20.3873329162598,13.3053331375122,1.59346625909294,-2.23785873202305,1.07773140305413,1.05806215355822,0.475325349296732,-1.14716867980371,0.20265942381854,0.378870858004753,-0.217563156008358,0.128666233691191,-83.1723055028216,37.8469525560677
"414","Population-Weighted",12.246000289917,22.488000869751,1.4226667881012,1143,131,75,16.2901973724365,343,250,327,258,14.1346664428711,39.0589866638184,852.11083984375,30.3320007324219,-5.85599994659424,36.1879997253418,20.3906669616699,13.3140001296997,1.58954588405395,-2.18368907447143,1.06701793384425,1.08185811555604,0.453535775740311,-1.1253672736982,0.215084104960338,0.3669250072764,-0.226044132694889,0.121750524804677,-83.1645935518754,37.85189131808
"415","Geometric",12.2775001525879,22.0573329925537,2.00399994850159,1166,123,79,13.2451591491699,344,258,330,259,12.7889995574951,37.6856460571289,811.737182617188,29.2999992370605,-4.63599967956543,33.9359970092773,20.1280002593994,7.78999996185303,1.48552229204395,-2.56508150991403,1.04981215991675,1.17327956699618,-0.158805675985599,-0.842191179559231,0.374140193599617,0.236098163869511,0.123894622225513,0.047744553756378,-82.403131010152,37.4599135478762
"415","Population-Weighted",12.6343336105347,22.5766658782959,2.22733330726624,1147,121,77,13.4160642623901,338,252,325,254,13.3199996948242,38.439338684082,823.498352050781,30.0319995880127,-4.61999988555908,34.6520004272461,20.6093330383301,7.97399997711182,1.568456586612,-2.30733529430402,1.14786483797931,1.18066989841931,0.0195044871045861,-0.923855428797245,0.398506856456006,0.180290527723329,0.104976905503811,0.0254042917791176,-82.4331232857717,37.445193588177
"416","Geometric",12.7950000762939,22.9006671905518,2.25533318519592,1130,120,76,12.9923810958862,330,254,317,255,13.9359998703003,39.3316764831543,835.85498046875,30.6439990997314,-4.78800010681152,35.431999206543,20.8933334350586,13.6680002212524,1.76398692138695,-2.10519633141089,1.12618682504843,1.3378770351384,0.314764686205753,-1.01777799477781,0.319473019639507,0.36813769036228,-0.193133529751786,0.0621778172665956,-82.7699048541994,37.5480688468366
"416","Population-Weighted",12.6961669921875,22.7800006866455,2.18599987030029,1138,121,76,13.1828126907349,333,255,320,256,13.7503328323364,39.0191078186035,834.202392578125,30.4200000762939,-4.82000017166138,35.2400016784668,20.7919998168945,13.5693330764771,1.73345947385547,-2.18180139815673,1.1083023662291,1.30808378749379,0.259167782620683,-0.980645491915981,0.303796771749486,0.377187097248536,-0.197400933605281,0.0645455822222594,-82.7438806243398,37.5520435317824
"417","Geometric",12.5618333816528,22.5346660614014,2.14933347702026,1215,126,83,11.9133443832397,350,275,334,282,13.6943330764771,39.3334503173828,826.901245117188,30.0520000457764,-4.76399993896484,34.8160018920898,20.5153331756592,13.5840005874634,1.80982954013101,-2.6282694060741,1.1013861154261,1.36626228537983,0.295812377458924,-1.13245375220678,0.308246953267123,0.458474821622038,-0.111718523597489,0.044648135134413,-83.2400258735653,37.2306990425948
"417","Population-Weighted",12.6730003356934,22.7226676940918,2.19133329391479,1207,126,82,12.1762208938599,349,275,333,278,13.9200000762939,39.5859413146973,833.088195800781,30.3519992828369,-4.8120002746582,35.1640014648438,20.6906661987305,18.8053340911865,1.96852195181823,-2.5301263121883,1.07641998246716,1.44709517172515,0.448064557480851,-1.13484690630741,0.182383553724692,0.635325180904285,-0.404009105651399,0.0956574864004343,-83.2285548294351,37.251796288279
"418","Geometric",12.2398338317871,22.021333694458,1.99200010299683,1144,113,78,11.1128950119019,326,259,311,263,13.2496662139893,38.7371864318848,812.118469238281,29.3959999084473,-4.80800008773804,34.2039985656738,20.0553340911865,13.21399974823,1.61296369135288,-2.33580755186078,0.888673677029796,1.47539761034737,0.00292576704557201,-0.897631067990618,0.378358717666432,0.446611652502208,-0.150635714607958,0.0154273535386542,-82.885522911409,37.2180514345224
"418","Population-Weighted",12.3808336257935,22.1886672973633,2.12466669082642,1133,111,77,10.886531829834,321,255,307,262,13.360333442688,38.9650421142578,813.446228027344,29.6159992218018,-4.67199993133545,34.2879981994629,20.2220001220703,13.3226661682129,1.6477030049995,-2.22880361569686,0.902706626966187,1.49699667140306,0.030010391712365,-0.88941861408737,0.403630176994243,0.426648615993762,-0.162691696637176,-0.00458539703242222,-82.8775886113916,37.2051373211883
"420","Geometric",14.2503328323364,24.9053325653076,2.81733322143555,1303,129,86,14.5823860168457,379,275,298,323,12.2026662826538,33.998291015625,888.672790527344,32.0319976806641,-3.8600001335144,35.8919982910156,14.1306667327881,20.4913330078125,2.01703661418906,-2.97190657434795,1.04041435498583,1.61599314867808,0.978366556826229,0.0565702158079914,-0.295101168596774,0.544732791017517,-0.0831540429702852,0.0754054081900596,-88.5640018773701,36.901497513823
"420","Population-Weighted",14.2503328323364,24.9053325653076,2.81733322143555,1303,129,86,14.5823860168457,379,275,298,323,12.2026662826538,33.998291015625,888.672790527344,32.0319976806641,-3.8600001335144,35.8919982910156,14.1306667327881,20.4913330078125,2.01703661418906,-2.97190657434795,1.04041435498583,1.61599314867808,0.978366556826229,0.0565702158079914,-0.295101168596774,0.544732791017517,-0.0831540429702852,0.0754054081900596,-88.5682829469599,36.9120161747979
"421","Geometric",14.1038331985474,24.3299999237061,3.23799991607666,1306,130,77,14.3844547271729,368,273,337,320,12.3610000610352,35.2567024230957,851.345336914062,31.5880012512207,-3.47200012207031,35.060001373291,22.3466663360596,20.1966667175293,2.20756383334621,-2.82507688558603,1.47555820506207,1.20459492179238,0.498503626889868,-0.312891905069023,0.215203090452733,0.697218766778573,-0.506048634269122,0.0261403116100168,-86.0863246975437,36.886783759301
"421","Population-Weighted",13.9378337860107,24.2620010375977,2.96466684341431,1303,132,78,14.4624891281128,366,269,326,324,12.4270000457764,35.1999778747559,858.157409667969,31.4759998321533,-3.82800006866455,35.3040008544922,13.7220001220703,20.0146675109863,2.02768335580135,-2.91393779462085,0.882801508375899,1.4650012993099,0.786915870556546,-0.148550911632369,-0.373543780664523,0.368792353722181,-0.224052128326356,-0.0318608611230024,-86.2353057649092,36.9046715548934
"422","Geometric",13.5635004043579,23.9806671142578,2.35733342170715,1289,128,78,14.1229772567749,367,266,308,324,12.0603332519531,34.0918502807617,871.484924316406,31.0879993438721,-4.28800010681152,35.3759994506836,13.2880001068115,19.8659992218018,1.82628067685116,-2.9205343178742,0.790544203372991,1.51280070759717,0.759580134075933,0.0393107174062724,-0.321401998487047,0.425270778499376,-0.21892929255281,-0.0135362314460591,-87.1537694052624,36.9302607939919
"422","Population-Weighted",13.5851669311523,24.0353336334229,2.36066651344299,1295,131,78,14.4929647445679,370,265,311,326,12.1856660842896,34.3064956665039,874.40185546875,31.1119995117188,-4.40799999237061,35.5200004577637,13.2953338623047,19.8933334350586,1.84257579621829,-2.93074257600991,0.797806753748084,1.46445437517405,0.811516604575418,-0.00838243023561239,-0.334668001176437,0.410800878932867,-0.228692139922445,-0.011091644558014,-87.125307822401,36.868896297394
"423","Geometric",13.5150003433228,24.1566677093506,1.98133337497711,1214,120,75,14.1214914321899,355,260,293,289,12.1499996185303,33.7800254821777,892.865966796875,31.2800006866455,-4.6879997253418,35.9680023193359,13.3306665420532,19.8766670227051,1.66860658945986,-2.57660978751556,0.844484378122992,1.597036661009,0.742417407433022,0.113571690176013,-0.352733347478393,0.413452608683304,-0.24805817258838,0.0358715167531187,-87.0168072626541,37.5196733826876
"423","Population-Weighted",13.4885005950928,24.220666885376,1.81733334064484,1209,121,76,14.3350877761841,357,260,291,284,12.1590003967285,33.573558807373,902.145446777344,31.3159999847412,-4.90000009536743,36.2159996032715,13.2926664352417,19.9320011138916,1.62843554277947,-2.57396637055857,0.87466699379849,1.59732859084642,0.781506200872528,0.121969132244206,-0.372967988979218,0.429741049298622,-0.241724108758377,0.068568645742197,-87.0668289606643,37.6133716089068
"424","Geometric",13.7258329391479,24.3999996185303,2.08533334732056,1202,123,75,16.0653095245361,363,247,288,285,11.8923330307007,33.1558303833008,899.302185058594,31.4039993286133,-4.46400022506714,35.8680000305176,13.6153335571289,20.1446666717529,1.69349843098407,-2.53420173905909,0.868771637597903,1.46744762469071,0.730447476078903,0.279838252321817,-0.367467483352053,0.428785012035633,-0.268954289272158,0.0789669182722047,-87.7023613578233,37.4727267127051
"424","Population-Weighted",13.613166809082,24.2986660003662,1.98866653442383,1188,122,74,16.203254699707,360,246,287,278,11.7643327713013,32.857593536377,898.940673828125,31.2919998168945,-4.51200008392334,35.8040008544922,13.4693326950073,20.017333984375,1.63783568349216,-2.50458225898838,0.851232636156351,1.46761201816143,0.66917113065302,0.327018340130719,-0.388333735672886,0.423599781128536,-0.275997744820132,0.0939869538949415,-87.6165066575459,37.5651597953843
"425","Geometric",13.0423336029053,23.1533336639404,2.35333323478699,1297,127,81,12.0511026382446,361,287,336,313,12.3446664810181,35.819019317627,839.671813964844,30.1359996795654,-4.32800006866455,34.4640007019043,21.1259994506836,19.0853328704834,1.93792942797603,-3.01617217410136,1.22565691243271,1.38240128654307,0.29497840788471,-0.52356499177636,0.225020109085724,0.754283379849175,-0.421465650986601,0.0418368222962398,-84.7009522364029,37.1517076751577
"425","Population-Weighted",13.109167098999,23.1973342895508,2.43400001525879,1297,127,81,12.0764350891113,360,287,335,314,12.3976669311523,35.9519386291504,838.202453613281,30.2439994812012,-4.23999977111816,34.484001159668,21.1806659698486,19.1326675415039,1.96633375898134,-2.99748389765724,1.22979930182014,1.38851784387862,0.312866580665868,-0.532716527291262,0.233900579481163,0.751516262442708,-0.415573272727886,0.0408540927771377,-84.7087041094689,37.1369168473759
"426","Geometric",13.3944997787476,23.2186660766602,2.97333335876465,1305,123,79,11.5262041091919,356,285,335,323,12.5909996032715,37.0279960632324,817.876770019531,30.2800006866455,-3.72399997711182,34.0040016174316,21.2613334655762,19.3206672668457,2.11830570629225,-2.92264435302455,1.15417018357189,1.41833813370318,0.277934230442132,-0.599425192300831,0.288985043944907,0.709468716388705,-0.424696241735325,-0.0502065503001926,-84.8185313365915,36.8093477339462
"426","Population-Weighted",13.2273330688477,22.9686660766602,2.87333345413208,1316,125,80,11.5097370147705,360,288,338,324,12.3173332214355,36.5933837890625,811.522583007812,29.931999206543,-3.7279999256134,33.6599998474121,21.003999710083,19.1433334350586,2.07741192323975,-3.05930196116374,1.11164687954788,1.40177428642492,0.189094200432633,-0.55606628764373,0.270246264666631,0.726782751345622,-0.411909409789622,-0.0255509575054326,-84.7795248394498,36.8350521092892
"427","Geometric",13.5481672286987,23.8846664428711,2.54999995231628,1307,133,77,14.5536823272705,369,276,333,318,12.7196664810181,35.809871673584,859.251953125,31.2600002288818,-4.26000022888184,35.5200004577637,13.4006662368774,19.5833339691162,1.94876185327684,-2.92695375971315,0.837529279243027,1.444077245136,0.808006979936721,-0.32941799545808,-0.412568674091257,0.338289406532788,-0.225576094583132,-0.025843555200388,-85.7240043403716,37.3154388765648
"427","Population-Weighted",13.3538331985474,23.6373329162598,2.33466649055481,1312,132,78,14.4050626754761,371,278,333,318,12.4630002975464,35.3299713134766,858.360534667969,30.8519992828369,-4.42400026321411,35.2760009765625,13.2226667404175,19.3986663818359,1.86802999194337,-3.02247876454669,0.799194486761766,1.45636079324542,0.72178519475375,-0.280156240846246,-0.414690802955938,0.377073009747388,-0.214717752710633,-0.0203396678562311,-85.738006027057,37.3931442465084
"430","Geometric",10.3728332519531,21.6526660919189,-1.74866664409637,976,110,52,22.7068710327148,316,183,306,183,11.451000213623,31.0022754669189,946.388671875,28.9479999542236,-7.98799991607666,36.9360008239746,19.4946670532227,-1.74866664409637,-0.0226068808613509,-1.56963800669549,1.20005561948039,0.400131811952969,-0.393975890169603,0.0781241906971434,0.266329582554038,-0.180364161741486,0.108614766795332,0.00123382368080992,-82.915663539856,40.2016757101504
"430","Population-Weighted",10.7545003890991,22.1420001983643,-1.44599986076355,966,109,52,22.8144092559814,314,182,304,182,11.603666305542,31.1960067749023,953.22998046875,29.4759998321533,-7.71999979019165,37.1959991455078,19.9939994812012,-1.44599986076355,0.0762846020318661,-1.46838113353083,1.3093380467092,0.419384046805206,-0.310123134462769,0.0874108391795733,0.279893446235875,-0.181607433820546,0.112971933813978,-0.00795652598823488,-82.9334762532636,40.1259950339551
"431","Geometric",11.2068338394165,22.2486667633057,-0.717333257198334,971,110,56,21.0378036499023,307,186,293,186,11.8763332366943,32.6165390014648,929.686340332031,29.4119987487793,-7,36.4119987487793,20.300666809082,-0.717333257198334,0.315545734274158,-1.47745402853365,1.23756728090826,0.567938311693478,-0.331367162050442,-0.0275192916464125,0.391482347945907,-0.143961876244897,0.169077784731713,0.0131689750031754,-82.9943981657329,39.679208539227
"431","Population-Weighted",11.1313333511353,22.2313327789307,-0.838000059127808,964,108,55,21.6815567016602,308,184,295,184,11.8213329315186,32.3836669921875,933.024658203125,29.3999996185303,-7.10400009155273,36.5039978027344,20.2806663513184,-0.838000059127808,0.270841913212716,-1.44559436133648,1.24633636746715,0.539768272706572,-0.347753642590962,-0.00205790838916248,0.366993411550972,-0.141389438255866,0.159441630971876,-0.00277469813727496,-82.9480386852005,39.7859175059626
"432","Geometric",11.6746664047241,23.1339988708496,-0.509999990463257,965,108,54,22.3212261199951,312,184,302,184,11.6413335800171,31.3681106567383,956.376159667969,30.3159999847412,-6.7960000038147,37.1119995117188,21.0886669158936,-0.509999990463257,0.350033468549683,-1.40680225820715,1.52515389624691,0.493550149698383,-0.237402788033361,0.162179100452469,0.31921698206639,-0.148409309771528,0.132741070638962,-0.017036519708069,-82.9823300451144,39.9887548837131
"432","Population-Weighted",11.4619998931885,22.9066677093506,-0.743333339691162,968,109,53,22.5925579071045,314,183,304,183,11.6006669998169,31.255163192749,956.25537109375,30.0839996337891,-7.03200006484985,37.1160011291504,20.8486671447754,-0.743333339691162,0.281773775144838,-1.43015169160754,1.4776995967294,0.449472689868317,-0.262127447495174,0.154574962132825,0.301888478719528,-0.164675767178025,0.11599047255498,-0.0149250294064637,-82.9907274012697,40.004311674157
"433","Geometric",9.95866680145264,21.5,-2.43133330345154,909,100,47,23.175573348999,294,168,279,168,11.2399997711182,30.0663375854492,967.571044921875,28.8959999084473,-8.48799991607666,37.3839988708496,19.3819999694824,-2.43133330345154,-0.299216266393628,-1.21801488520281,1.1256980989528,0.447564632261598,-0.442974370884676,0.311055468397322,0.343485934863259,-0.174778821480928,0.0903312831861376,-0.0155187857720397,-83.3897421300116,40.5504303325818
"433","Population-Weighted",9.95866680145264,21.5,-2.43133330345154,909,100,47,23.175573348999,294,168,279,168,11.2399997711182,30.0663375854492,967.571044921875,28.8959999084473,-8.48799991607666,37.3839988708496,19.3819999694824,-2.43133330345154,-0.299216266393628,-1.21801488520281,1.1256980989528,0.447564632261598,-0.442974370884676,0.311055468397322,0.343485934863259,-0.174778821480928,0.0903312831861376,-0.0155187857720397,-83.3752351161895,40.5464592387814
"434","Geometric",9.74616622924805,21.6426658630371,-2.90866661071777,867,96,42,23.6538047790527,274,153,274,156,10.5029993057251,28.0828876495361,992.818298339844,28.7080001831055,-8.6919994354248,37.4000015258789,21.6426658630371,-1.61066663265228,-0.478880641634954,-1.04270684495955,1.30068434459022,0.35260927451386,-0.652946218714351,0.650233224516909,0.450623301211054,-0.0444153274310531,-0.129544086987265,-0.0151642092771152,-83.301222187275,41.4192101027882
"434","Population-Weighted",9.7504997253418,21.6580009460449,-2.91866660118103,865,96,42,23.6382446289062,273,152,273,155,10.582332611084,28.228588104248,994.215393066406,28.7880001068115,-8.69999980926514,37.4879989624023,21.6580009460449,-1.61666655540466,-0.474787825416348,-1.01294541839829,1.30322095138601,0.356145771187263,-0.629945647473657,0.630339913539531,0.454187216391888,-0.0523884764660744,-0.129265976750369,-0.0133741022224287,-83.3459170018056,41.4433919991046
"435","Geometric",9.41866683959961,21.3426666259766,-3.48133325576782,880,92,42,22.954927444458,272,152,269,152,11.6013336181641,30.0646152496338,1003.89770507812,28.9839992523193,-9.60400009155273,38.5879974365234,19.3286666870117,-3.48133325576782,-0.612965313063569,-0.854900884375532,1.13396911838453,0.456654246372327,-0.344876952539548,0.276556388266171,0.370704897586908,-0.251667387247174,0.0231897876721683,-0.0850440093372125,-84.2191645501847,41.4582203242102
"435","Population-Weighted",9.45916652679443,21.2906665802002,-3.39733338356018,867,95,43,22.2588787078857,266,154,266,154,11.4356670379639,29.9206352233887,999.729248046875,28.7840003967285,-9.43599987030029,38.2200012207031,19.3693332672119,-3.39733338356018,-0.598775004690866,-0.909321976808988,1.10852499866943,0.488932034723731,-0.409260336941671,0.323531476734994,0.400496589009351,-0.227449577995542,0.0324378334966436,-0.0570823236243617,-83.982516966684,41.5094015265442
"436","Geometric",10.2224998474121,22.3873329162598,-2.56599998474121,855,95,43,22.3965377807617,265,153,265,155,10.7243328094482,28.0859336853027,1008.56378173828,29.7880001068115,-8.39599990844727,38.1839981079102,22.3873329162598,-1.19733333587646,-0.36994749480072,-0.891352596937551,1.50115905315347,0.459386244865838,-0.462264359937119,0.691458724693205,0.506835579615923,-0.0585833995796108,-0.120216886055515,0.00165452843930455,-83.5450374606414,41.6584977282959
"436","Population-Weighted",10.1599998474121,22.2953338623047,-2.621333360672,850,94,43,21.9858531951904,262,153,262,155,10.8240003585815,28.3054389953613,1006.83294677734,29.7280006408691,-8.51200008392334,38.2400016784668,22.2953338623047,-1.24333333969116,-0.38738218121548,-0.860900265548134,1.46823959814548,0.491928299707868,-0.452145499408464,0.655481154254429,0.526694214791388,-0.0611153257841624,-0.116641811429485,-0.00209607336865811,-83.5894369231914,41.6609716675279
"437","Geometric",10.6949996948242,21.5453338623047,-0.817333281040192,985,109,58,20.9822731018066,312,187,308,187,11.9739999771118,33.3314781188965,903.928955078125,28.7479991912842,-7.17599964141846,35.923999786377,19.5146656036377,-0.817333281040192,0.284343066905014,-1.60792238159974,1.07803319203103,0.571933929473058,-0.457762632677736,-0.222262129099479,0.314576025390711,-0.146713468081024,0.170292012363522,-0.00368211014746039,-81.6634241696395,39.8480728560901
"437","Population-Weighted",10.7431669235229,21.5779991149902,-0.838000118732452,987,109,58,21.3660697937012,316,188,309,188,11.8916673660278,33.0875549316406,905.741516113281,28.8080005645752,-7.13199996948242,35.9400024414062,19.5633335113525,-0.838000118732452,0.284390479453951,-1.63279040817507,1.09999217973775,0.551265402589458,-0.455885096527486,-0.189058336098733,0.305231766865953,-0.1376278694001,0.175530323686736,-0.00104309194715077,-81.7961720712368,39.8781084185152
"438","Geometric",10.3929996490479,21.3746662139893,-1.34066665172577,1019,111,58,20.3992862701416,320,194,314,194,11.6020002365112,32.0037498474121,918.129638671875,28.6560001373291,-7.5959997177124,36.2519989013672,19.3273334503174,-1.34066665172577,0.131413854491236,-1.80828033934232,1.13766407585194,0.541281015912087,-0.443873026163406,-0.119656678266077,0.294466889230944,-0.147268180684393,0.159115923621673,0.00509076938182683,-81.8899897199931,40.2616976518014
"438","Population-Weighted",10.3946666717529,21.3299999237061,-1.29666662216187,1023,112,59,20.1614608764648,320,196,314,196,11.5900001525879,32.0271911621094,914.351867675781,28.6079998016357,-7.57999992370605,36.1879997253418,19.2846660614014,-1.29666662216187,0.144631275338601,-1.85110991820836,1.12795856891264,0.55877235222129,-0.447434035553997,-0.132180668722781,0.299954359500173,-0.135666990202215,0.172080496956158,0.0172347837741623,-81.8916146247908,40.2417674296991
"439","Geometric",10.2666664123535,21.1280002593994,-1.3013334274292,988,108,58,19.2431335449219,312,197,301,197,11.7039995193481,32.729305267334,905.017272949219,28.2560005187988,-7.50400018692017,35.7600021362305,19.0846672058105,-1.3013334274292,0.139943703000024,-1.75299779203817,0.985975615754685,0.651719992878286,-0.505479860476592,-0.160598995509578,0.382743708878267,-0.119674835051668,0.190865980199143,-0.0107963630169094,-80.8994127086331,40.2455581850035
"439","Population-Weighted",10.219500541687,21.0566673278809,-1.31800007820129,1001,110,59,19.3957557678223,319,200,303,200,11.5856666564941,32.5440063476562,902.934509277344,28.1240005493164,-7.47599983215332,35.5999984741211,19.0053329467773,-1.31800007820129,0.143424963151742,-1.85565606679806,0.975473989780939,0.628056525359614,-0.521674676240534,-0.146912281609899,0.375141537015243,-0.104598062738717,0.203100681248537,0.00553174564825663,-80.7740187238274,40.2622870212948
"440","Geometric",8.77299976348877,19.8780002593994,-3.09066653251648,1081,103,60,15.7331199645996,299,207,299,219,10.2466669082642,28.837854385376,933.572265625,26.6599998474121,-8.87199974060059,35.5319976806641,19.8780002593994,-2.18866658210754,-0.443178319766262,-2.26919822430775,0.991635748923494,0.73741068904418,-0.80420737899277,0.204588132561485,0.570202294361259,0.103848699506621,0.0843084411845236,-0.0360693756843142,-81.2881844374719,41.5485405382776
"440","Population-Weighted",10.444167137146,21.9693336486816,-1.69333338737488,971,96,54,17.1258430480957,280,187,280,191,10.5230007171631,28.9125175476074,959.657836914062,28.9160003662109,-7.48000001907349,36.3959999084473,21.9693336486816,-0.565999984741211,-0.0851357655273287,-1.56976957887003,1.40370168798766,0.758636312062346,-0.616251989304168,0.489385633057974,0.594097236501381,0.0443144610149511,0.00673513833121422,-0.0341794170445179,-81.5892537668467,41.4992361134643
"441","Geometric",10.606499671936,22.07200050354,-1.47000002861023,954,95,53,17.7308158874512,278,183,278,186,10.6763334274292,29.3467102050781,954.725463867188,29.076000213623,-7.30399990081787,36.3800010681152,22.07200050354,-0.329333424568176,-0.0236432935516691,-1.45512775827019,1.39404168204788,0.746618633215305,-0.610369688129218,0.464576385874361,0.588445853087039,0.0304787546124992,-0.000969298135143709,-0.0334203893283725,-81.6661283135475,41.4199203162538
"441","Population-Weighted",10.61549949646,22.1100006103516,-1.48333334922791,947,95,53,17.6836986541748,277,182,277,185,10.6416664123535,29.2321357727051,957.111267089844,29.1359996795654,-7.26800012588501,36.4039993286133,22.1100006103516,-0.355333417654037,-0.0305277682314999,-1.44020981355198,1.40693439621091,0.74957272724931,-0.611514817912722,0.488990987615099,0.58992593486182,0.0292056026945615,-0.00158631116729133,-0.0281574557505288,-81.6760056298424,41.4426254825053
"442","Geometric",9.67533302307129,20.9593334197998,-2.33400011062622,958,99,55,17.8093814849854,284,188,282,188,10.7406673431396,29.6900329589844,941.523986816406,28.0400009155273,-8.13600063323975,36.1760025024414,18.8306674957275,-2.33400011062622,-0.293676225384673,-1.66718651218705,1.03259336013317,0.763826588388739,-0.652469393065924,0.30706137851147,0.427783482971651,-0.0854273273368496,0.163528719091131,-0.0195084472414815,-81.5987013970919,41.1227273831206
"442","Population-Weighted",9.95833301544189,21.228666305542,-2.04533338546753,954,97,54,17.6753444671631,281,188,279,188,10.779333114624,29.7574348449707,940.771789550781,28.3279991149902,-7.89599990844727,36.2239990234375,19.1213340759277,-0.794000029563904,-0.189060506334351,-1.59292212101537,1.06113520456826,0.811542784150463,-0.610575151681187,0.350951883913022,0.419368228571209,-0.0413413980503298,0.0876511174449035,-0.0246262908359517,-81.5661802592121,41.1372375907983
"443","Geometric",9.94833374023438,21.2726669311523,-2.10933327674866,958,100,55,18.1805038452148,286,188,283,188,10.8059997558594,29.7718753814697,945.0830078125,28.3400001525879,-7.95599985122681,36.2960014343262,19.1786670684814,-2.10933327674866,-0.217759368035908,-1.63789222300366,1.10668486987347,0.743339872761702,-0.602328663836231,0.313756718569504,0.42571764299651,-0.085944410556432,0.162334159194293,-0.0180611788524827,-81.5521879046397,41.0760362003161
"443","Population-Weighted",10.1816663742065,21.5833339691162,-1.95800006389618,963,101,55,18.1047096252441,287,189,284,189,10.9139995574951,29.8196716308594,952.056335449219,28.6879997253418,-7.91200017929077,36.5999984741211,19.5233325958252,-1.95800006389618,-0.164153610294616,-1.61273213384081,1.19591246957208,0.738317322433449,-0.521311973114832,0.306105556507022,0.431248062505912,-0.0954461008739586,0.156441412054898,-0.019840706841543,-81.5269185466591,41.0690226864118
"444","Geometric",9.66600036621094,20.7700004577637,-2.09666657447815,988,107,50,21.005973815918,307,184,299,184,12.039999961853,32.575756072998,925.943298339844,28.5920009613037,-8.36800003051758,36.9599990844727,18.7019996643066,-2.09666657447815,-0.0955758263100777,-1.47846237019913,0.945390462839466,0.487922600075789,-0.368524055746912,-0.193117032436683,0.337417387169039,-0.259170523545765,0.092655293683375,-0.0209291063377275,-80.7769725332346,41.0949649730065
"444","Population-Weighted",9.84766674041748,21.009334564209,-1.98066663742065,986,107,50,21.1508522033691,307,184,300,184,12.1560001373291,32.7090721130371,930.665649414062,28.8840007781982,-8.27999973297119,37.1640014648438,18.96266746521,-1.98066663742065,-0.0480634544205442,-1.43527928818143,1.01028020836614,0.486207226827609,-0.311004048953064,-0.209284133303722,0.336358315632924,-0.263868303489004,0.0928201783228973,-0.0268462094635953,-80.741030274909,41.1043204221549
"445","Geometric",10.0893335342407,21.308666229248,-1.79399991035461,987,107,51,21.013219833374,309,185,302,185,12.3106660842896,33.004467010498,935.277526855469,29.2080001831055,-8.09200000762939,37.2999992370605,19.2993335723877,-1.79399991035461,0.0323232033687173,-1.41314292810574,1.09009330364256,0.500972121036675,-0.245991496823882,-0.248820313316488,0.340213561560528,-0.263692900812406,0.100774771399035,-0.0353089994268643,-80.6659163248906,41.0650000700435
"445","Population-Weighted",9.98149967193604,21.1186676025391,-1.80733335018158,979,107,50,21.2415027618408,306,182,299,182,12.2436666488647,32.9982376098633,927.802734375,29.0160007476807,-8.08800029754639,37.1040000915527,19.0786666870117,-1.80733335018158,0.00853393464228561,-1.38546563673221,1.01641044702005,0.488876386717708,-0.303810784119777,-0.224647229440389,0.339781794505394,-0.272478959276457,0.0916454042635939,-0.0235879907839284,-80.6680484948621,41.0739001357942
"446","Geometric",9.86100006103516,20.949333190918,-1.99400007724762,965,110,56,20.8207740783691,301,184,301,184,11.3620004653931,31.4214611053467,926.465942382812,28.1959991455078,-7.96400022506714,36.1599998474121,20.949333190918,-1.99400007724762,-0.0661488636653166,-1.64246121650419,1.14222616123662,0.480227621485861,-0.613389383690192,-0.0337368636891858,0.46901142713194,-0.0521446726017695,0.0922951589543387,0.0506283466729838,-81.5259458250186,40.6502314480955
"446","Population-Weighted",10.0900001525879,21.4046669006348,-1.98533344268799,961,107,56,19.7989521026611,295,186,292,186,11.2113332748413,30.6454544067383,945.54833984375,28.6200008392334,-7.96400022506714,36.5839996337891,19.3553333282471,-1.98533344268799,-0.116900117691973,-1.62223289579763,1.1456509451027,0.623845774109056,-0.487603305224234,0.14582547151847,0.370629229573721,-0.113212031007359,0.16452677222884,0.0191142521003036,-81.4996606487677,40.7508446571631
"447","Geometric",10.3291664123535,21.7180004119873,-1.78600001335144,963,106,56,19.2690525054932,294,188,288,188,11.3796672821045,30.9062099456787,950.657836914062,28.9680004119873,-7.85200023651123,36.8199996948242,19.7000007629395,-1.78600001335144,-0.0492149356871814,-1.56658096590882,1.21032957759603,0.664601996659392,-0.401194112130878,0.130046444448027,0.410393982376661,-0.116914946555956,0.169858630065776,0.00666839760656794,-81.3619952279487,40.8209799157566
"447","Population-Weighted",10.158332824707,21.5279998779297,-1.95200002193451,956,105,56,19.0172462463379,290,188,284,188,11.1266670227051,30.3476619720459,949.288024902344,28.7280006408691,-7.93599987030029,36.6640014648438,19.4860000610352,-1.95200002193451,-0.127674307212324,-1.59936638943796,1.16714715643363,0.690477605383217,-0.472330317571353,0.217337309699452,0.420443023771302,-0.0947746648069529,0.177154371206148,0.0172064748057348,-81.3931042588462,40.8371554919179
"448","Geometric",9.54516696929932,21.068000793457,-2.87400007247925,953,106,48,23.7335529327393,305,173,302,173,10.8783330917358,29.4454669952393,969.681396484375,28.2479991912842,-8.69600009918213,36.9440002441406,18.9899997711182,-2.87400007247925,-0.397151651348024,-1.52101924248876,1.11364962938304,0.3237565680371,-0.565777620853345,0.291899868772222,0.237375548700648,-0.172318039786188,0.0651843427965255,-0.0226115719506395,-82.7542031636924,41.0075585383304
"448","Population-Weighted",9.54516696929932,21.068000793457,-2.87400007247925,953,106,48,23.7335529327393,305,173,302,173,10.8783330917358,29.4454669952393,969.681396484375,28.2479991912842,-8.69600009918213,36.9440002441406,18.9899997711182,-2.87400007247925,-0.397151651348024,-1.52101924248876,1.11364962938304,0.3237565680371,-0.565777620853345,0.291899868772222,0.237375548700648,-0.172318039786188,0.0651843427965255,-0.0226115719506395,-82.7676852795437,41.0165011027427
"449","Geometric",9.33183288574219,20.7233333587646,-2.9026665687561,1010,107,54,21.7362937927246,314,185,304,185,11.0483331680298,29.9737739562988,956.620178222656,27.9799995422363,-8.88000011444092,36.8600006103516,18.558666229248,-2.9026665687561,-0.370135966723076,-1.77466056612046,1.05571889382569,0.447961046960225,-0.511613072327124,0.11576725194811,0.272160243908444,-0.137579792552505,0.136713397737389,-0.00451421863803907,-82.5511342940549,40.7464842915906
"449","Population-Weighted",9.46516704559326,20.8880004882812,-2.78666663169861,1009,107,54,21.9450778961182,314,184,304,184,11.1789999008179,30.2135143280029,958.427307128906,28.2199993133545,-8.77999973297119,37,18.7280006408691,-2.78666663169861,-0.32308789987396,-1.72609675345795,1.0921381199615,0.444437248938703,-0.464632978449505,0.0899477705448097,0.271516190833564,-0.146537667570474,0.13788767784358,-0.00578140891135277,-82.5326679578514,40.7491408166827
"450","Geometric",11.5570001602173,22.9446659088135,-0.607333242893219,1028,114,63,17.5426940917969,305,205,280,205,12.3280000686646,32.822151184082,950.527038574219,30.4160003662109,-7.14400005340576,37.560001373291,11.1766672134399,-0.607333242893219,0.2980002387205,-1.73872708605246,0.842951553276541,1.09823624370583,0.296982772364409,0.0385018486381586,-0.195732870296491,-0.504823635740463,0.579385133557488,-0.0333302460841946,-84.4699593595527,39.4331141132456
"450","Population-Weighted",11.5706663131714,22.9513339996338,-0.56799978017807,1046,116,64,17.5700817108154,311,209,285,209,12.1546669006348,32.5199775695801,948.466430664062,30.3400001525879,-7.03599977493286,37.3759994506836,11.1646671295166,-0.56799978017807,0.316993778856942,-1.86189738767688,0.862780788426949,1.07849406882729,0.271518773598668,0.067455498062197,-0.214025765529691,-0.490084462160567,0.586745261770154,-0.0258083920942861,-84.4471133157768,39.3997896066867
"451","Geometric",11.2058334350586,22.0939998626709,-0.611333429813385,1089,121,69,18.0540733337402,327,223,304,223,11.4756669998169,32.0477752685547,917.617065429688,28.9039993286133,-6.9040002822876,35.8079986572266,20.2013339996338,-0.611333429813385,0.427907595678895,-2.24261518682701,1.30386982243398,0.733598396501154,-0.290497768909222,-0.113471649845899,0.451327410497433,0.0320495893964539,0.340671017861178,0.081272801535527,-83.837925525464,39.1525763360284
"451","Population-Weighted",11.3129997253418,22.2320003509521,-0.467999964952469,1094,120,70,17.6643924713135,326,223,303,223,11.6726665496826,32.3880882263184,916.979125976562,29.2320003509521,-6.80800008773804,36.0400009155273,20.3040008544922,-0.467999964952469,0.48197367348135,-2.20093210039951,1.34087873928001,0.776651797936999,-0.22009034952213,-0.168176311364119,0.460519415869226,0.0209224694238575,0.352804702295937,0.0829602351066203,-84.0212375736233,39.1493726701629
"452","Geometric",12.4139995574951,23.7073345184326,0.335999935865402,1067,116,66,16.8227844238281,316,216,292,216,12.3846664428711,33.0504531860352,943.331237792969,31.1680011749268,-6.30400037765503,37.4720001220703,12.0353326797485,0.335999935865402,0.602221446002734,-1.87480602853944,1.05789365867841,1.13775212576876,0.387023122917018,0.0142695531277086,-0.202073741675574,-0.485965088367794,0.596100671159467,-0.0445218916374268,-84.4762164336471,39.1793277820044
"452","Population-Weighted",12.4139995574951,23.7073345184326,0.335999935865402,1067,116,66,16.8227844238281,316,216,292,216,12.3846664428711,33.0504531860352,943.331237792969,31.1680011749268,-6.30400037765503,37.4720001220703,12.0353326797485,0.335999935865402,0.602221446002734,-1.87480602853944,1.05789365867841,1.13775212576876,0.387023122917018,0.0142695531277086,-0.202073741675574,-0.485965088367794,0.596100671159467,-0.0445218916374268,-84.4837966738078,39.1779184810979
"453","Geometric",10.5988330841064,22.0013332366943,-1.71533334255219,965,105,55,20.5689468383789,301,185,282,185,11.400333404541,30.7751121520996,957.500854492188,29.1400012969971,-7.9040002822876,37.044002532959,20.0446662902832,-1.71533334255219,-0.0248764179187504,-1.49366051750118,1.25568093695429,0.603251235786642,-0.34511294123261,0.185330323694047,0.425410771070625,-0.103453131487164,0.174923665792683,0.00906308553835744,-84.3012048905611,39.9726967347292
"453","Population-Weighted",10.7691669464111,22.2446670532227,-1.54066669940948,986,107,56,20.2102451324463,306,191,285,191,11.099666595459,30.015323638916,960.0859375,29.2600002288818,-7.71999979019165,36.9799995422363,15.8673334121704,-1.54066669940948,-0.0471355303323096,-1.68684142463845,1.06406941727529,0.740825809282109,-0.236232953610142,0.37206283907948,0.0909098794308641,-0.258265333112208,0.31615541654744,-0.0207683913603168,-84.2118328710148,39.8759500698255
"454","Geometric",11.627833366394,23.1253337860107,-0.655333340167999,996,111,58,19.7907009124756,306,192,284,192,11.3990001678467,30.6754570007324,960.324890136719,30.2119998931885,-6.94799995422363,37.1599998474121,21.1126670837402,-0.655333340167999,0.30135514568633,-1.56734308542063,1.5255265681516,0.637753826058211,-0.192746900673925,0.266702873085382,0.447939356218361,-0.0978365300529534,0.194992968540522,0.0501340493551722,-84.1779805489759,39.749225895869
"454","Population-Weighted",11.627833366394,23.1253337860107,-0.655333340167999,996,111,58,19.7907009124756,306,192,284,192,11.3990001678467,30.6754570007324,960.324890136719,30.2119998931885,-6.94799995422363,37.1599998474121,21.1126670837402,-0.655333340167999,0.30135514568633,-1.56734308542063,1.5255265681516,0.637753826058211,-0.192746900673925,0.266702873085382,0.447939356218361,-0.0978365300529534,0.194992968540522,0.0501340493551722,-84.167933364864,39.7365358593195
"455","Geometric",10.8033332824707,22.1853332519531,-1.40066659450531,993,109,53,22.3041400909424,318,182,302,182,11.275333404541,30.6128730773926,951.721069335938,29.3159999847412,-7.51599979400635,36.8320007324219,20.1326656341553,-1.40066659450531,0.0805845858104921,-1.5735938472379,1.32427173850096,0.42371591899306,-0.382364698067753,0.199572934528435,0.30275707238914,-0.165464846350943,0.111042525234848,0.00482315244222797,-83.8138612417834,39.9288032822964
"455","Population-Weighted",10.8033332824707,22.1853332519531,-1.40066659450531,993,109,53,22.3041400909424,318,182,302,182,11.275333404541,30.6128730773926,951.721069335938,29.3159999847412,-7.51599979400635,36.8320007324219,20.1326656341553,-1.40066659450531,0.0805845858104921,-1.5735938472379,1.32427173850096,0.42371591899306,-0.382364698067753,0.199572934528435,0.30275707238914,-0.165464846350943,0.111042525234848,0.00482315244222797,-83.813987203455,39.9405685817422
"456","Geometric",11.4134998321533,22.046667098999,-0.0166666898876429,1045,109,67,17.5375003814697,312,219,307,219,12.4123334884644,34.4366149902344,891.800476074219,29.3040008544922,-6.74000024795532,36.044002532959,19.9526672363281,-0.0166666898876429,0.585520050198438,-1.88733542394004,1.21427357279187,0.886460360661537,-0.228225532575705,-0.446143575522053,0.434945396704071,-0.0237077862008641,0.331711053254173,-0.0303975576686258,-82.8563293499693,38.9721134423276
"456","Population-Weighted",11.5526666641235,22.246000289917,0.0973333120346069,1043,108,66,17.4093532562256,311,220,306,220,12.6333332061768,34.8025703430176,895.621643066406,29.6040000915527,-6.69600009918213,36.2999992370605,20.1620006561279,0.0973333120346069,0.632724400084076,-1.81130352189861,1.25426563816279,0.898609751690771,-0.149924418528184,-0.491369388122926,0.451850806326486,-0.0429706211008564,0.325139235710031,-0.0503238229816128,-82.8268161495562,38.9203218314218
"457","Geometric",11.21399974823,21.8279991149902,-0.117333330214024,1050,115,68,16.853006362915,316,217,312,217,12.3713331222534,34.5993194580078,886.520202636719,29.1520004272461,-6.60400009155273,35.7560005187988,19.8360004425049,-0.117333330214024,0.591232746617581,-1.97868535115787,1.17658813096739,0.843293655923751,-0.271727301377249,-0.484186147650939,0.424715867051874,-0.0683438677754301,0.304868046294354,0.0160042118458936,-81.7923871194209,39.3527688410665
"457","Population-Weighted",11.298999786377,21.9133338928223,-0.00666666030883789,1052,115,69,16.6126594543457,315,218,311,218,12.4139995574951,34.7303047180176,885.448608398438,29.2439994812012,-6.5,35.7439994812012,19.9166660308838,-0.00666666030883789,0.628281599172445,-1.9824467720181,1.19290885259045,0.871838466943131,-0.255040883261928,-0.497272662677196,0.435210568148634,-0.0586319358321727,0.319280647281498,0.0196696481083175,-81.8095458456966,39.3197050075514
"458","Geometric",10.054666519165,21.7413330078125,-2.56933331489563,892,94,46,22.4156150817871,281,163,267,163,11.0839996337891,29.6427040100098,984.272094726562,28.8719997406006,-8.52000045776367,37.3919982910156,19.7813339233398,-2.56933331489563,-0.370265986471385,-1.08788437335805,1.1712618827521,0.523384476865509,-0.479429914053146,0.443245378575392,0.413281842916697,-0.146706532639582,0.0839695056963526,-0.0563338822495272,-84.2315097590092,40.825396108501
"458","Population-Weighted",10.0796661376953,21.7439994812012,-2.52066659927368,893,94,46,22.2053718566895,281,164,267,164,11.0340003967285,29.5500793457031,982.107238769531,28.8439998626709,-8.49600028991699,37.3400001525879,19.7700004577637,-2.52066659927368,-0.364926316061414,-1.10633151547649,1.16983126248059,0.532587730972556,-0.491836426820498,0.459056154658499,0.416281243014954,-0.144642368362808,0.082541020679089,-0.0557251096388547,-84.1846974705892,40.8014525696872
"460","Geometric",10.1626663208008,21.8800010681152,-2.73399996757507,995,110,54,21.2348670959473,306,185,299,185,11.1866664886475,29.5943565368652,994.690368652344,28.8999996185303,-8.89999961853027,37.7999992370605,19.961332321167,-2.73399996757507,-0.287070652220581,-1.63784373063884,1.37753115637753,0.45507372019958,-0.297522349756744,0.208440572559085,0.335061573585683,-0.128162390534936,0.126634693464808,-0.0121790838692922,-86.135243009531,40.1705538091329
"460","Population-Weighted",10.6066665649414,22.3526668548584,-2.15466666221619,983,111,53,21.9957141876221,306,182,298,182,11.1546659469604,29.5315742492676,988.135986328125,29.423999786377,-8.34799957275391,37.7719993591309,20.3186664581299,-2.15466666221619,-0.138662157379191,-1.55368710423105,1.4523346514877,0.428150079382735,-0.277467240266825,0.290299113156484,0.317613972321921,-0.143549102582221,0.11614188905028,0.0100778734350191,-86.0506391777888,40.0602636592256
"461","Geometric",11.2738332748413,22.8460006713867,-1.27333331108093,1034,113,59,20.4862461090088,318,197,302,197,11.3843336105347,30.3582229614258,972.897644042969,29.8400001525879,-7.65999984741211,37.5,20.7700004577637,-1.27333331108093,0.162228021938283,-1.7542979807405,1.55552153821978,0.548904954893123,-0.167725769158352,0.165509069002278,0.359673948608831,-0.093183419080912,0.192112817723216,0.016841685670561,-86.1765102768818,39.6183473785369
"461","Population-Weighted",11.3281669616699,22.945333480835,-1.23866665363312,1029,113,59,20.6039505004883,318,196,302,196,11.3163328170776,30.1062393188477,975.080932617188,29.9200000762939,-7.66799974441528,37.5880012512207,20.8486671447754,-1.23866665363312,0.157928639106402,-1.74603777424523,1.58648821419379,0.543395956236045,-0.165864110255432,0.204602083861675,0.351858140113853,-0.0893806877238724,0.18859456208912,0.0232427252800365,-86.1785116301993,39.6621312639115
"462","Geometric",11.6546669006348,23.5873336791992,-1.24799978733063,1017,113,58,20.9684181213379,317,192,302,192,11.2886667251587,29.52366065979,1001.14416503906,30.5359992980957,-7.69999980926514,38.2360000610352,21.5060005187988,-1.24799978733063,0.156971684089193,-1.64245685487103,1.78263630119894,0.507605035297151,-0.0587187483639622,0.307364944591665,0.342977964510958,-0.102263380846912,0.164589161179738,0.0135158876993165,-86.1384912297921,39.7838621125087
"462","Population-Weighted",11.4953327178955,23.3413333892822,-1.33000004291534,1012,113,57,21.1489181518555,316,191,302,191,11.235333442688,29.5107517242432,994.314819335938,30.3239994049072,-7.7480001449585,38.0719985961914,21.2553329467773,-1.33000004291534,0.122158355987746,-1.64329061703303,1.71282166054555,0.491125084914539,-0.111451117539046,0.309346623413038,0.334772929914725,-0.111344169348161,0.15423110812284,0.0173605439951836,-86.1394594576331,39.7944507213156
"463","Geometric",9.55200004577637,21.5480003356934,-3.58000016212463,969,112,39,27.0027770996094,308,153,305,153,11.2326669692993,28.992015838623,1012.88739013672,28.7119998931885,-10.032000541687,38.7439994812012,19.4973335266113,-3.58000016212463,-0.593752172252173,-1.21265838791947,1.27132599197734,-0.0181379357679747,-0.323283689014951,0.311715756273748,0.162986559599835,-0.327660334094292,-0.0830534365870051,-0.026157587287648,-87.0540380034106,41.4107060282744
"463","Population-Weighted",9.62383365631104,21.6560001373291,-3.39133334159851,965,110,38,26.9221305847168,302,150,299,150,10.904333114624,28.2466411590576,1009.34716796875,28.8519992828369,-9.7519998550415,38.6040000915527,14.8680000305176,-3.39133334159851,-0.656804458288369,-1.2415156364575,0.988966561148253,0.151743400091578,-0.268751444894507,0.564011879955358,-0.181790194114893,-0.51363499489573,0.0513381182020611,-0.0559001074121243,-87.2421288088655,41.5133043810016
"464","Geometric",9.91133308410645,22.0020008087158,-3.19733333587646,962,108,38,27.1394901275635,302,149,298,149,10.7560005187988,27.8306770324707,1015.45135498047,29.1000003814697,-9.54800033569336,38.6480026245117,15.1400003433228,-3.19733333587646,-0.619583759208575,-1.21507540450238,1.07344981480528,0.162187002444136,-0.265787691908661,0.662364940283326,-0.188610492155732,-0.496943995010607,0.0547306878744595,-0.0685160949124779,-87.3356936794802,41.5525008466868
"464","Population-Weighted",9.91133308410645,22.0020008087158,-3.19733333587646,962,108,38,27.1394901275635,302,149,298,149,10.7560005187988,27.8306770324707,1015.45135498047,29.1000003814697,-9.54800033569336,38.6480026245117,15.1400003433228,-3.19733333587646,-0.619583759208575,-1.21507540450238,1.07344981480528,0.162187002444136,-0.265787691908661,0.662364940283326,-0.188610492155732,-0.496943995010607,0.0547306878744595,-0.0685160949124779,-87.3467856081178,41.5469734859061
"465","Geometric",9.6031665802002,21.5120010375977,-3.26200008392334,972,106,45,23.0332012176514,295,167,294,167,10.9616670608521,28.9042987823486,999.371215820312,28.5960006713867,-9.32800006866455,37.923999786377,15.0340003967285,-3.26200008392334,-0.573609091824758,-1.4368622364817,0.967294410337628,0.441070233811739,-0.308571409397624,0.448415788979515,-0.0481952416668914,-0.410914205881921,0.147673604395479,-0.0831571360595,-86.0878282561184,41.4333957891238
"465","Population-Weighted",9.53966617584229,21.3999996185303,-3.24199986457825,960,104,45,22.7460403442383,291,166,291,166,10.8620004653931,28.8361473083496,995.152465820312,28.5,-9.16800022125244,37.6679992675781,21.3999996185303,-3.24199986457825,-0.498457508176658,-1.33830835172016,1.33774030481631,0.278881631090239,-0.535067932291531,0.369685474606945,0.451987175417213,-0.13604252160633,-0.0467045102098423,-0.0233357510849032,-86.0393921479821,41.5519063862805
"466","Geometric",9.82583332061768,21.7439994812012,-2.96000003814697,986,105,47,20.78098487854,294,176,294,180,10.7223329544067,28.6173095703125,995.515319824219,28.6879997253418,-8.77999973297119,37.4679985046387,21.7439994812012,-1.3659999370575,-0.351386966708391,-1.49718975930019,1.40899820333885,0.388545245704886,-0.484438981741921,0.422979792481803,0.463322582357028,-0.0581959262820653,-0.123086499312014,-0.0351687082791779,-86.298101622084,41.6606001294283
"466","Population-Weighted",10.1411666870117,22.2280006408691,-2.73533344268799,985,104,47,20.6978969573975,293,176,293,181,10.7743330001831,28.3177394866943,1006.26434326172,29.3999996185303,-8.64799976348877,38.0480003356934,22.2280006408691,-1.12666666507721,-0.293179810006977,-1.42748006284448,1.55980938383394,0.409926106984572,-0.366842894009155,0.47578788632659,0.468378814097314,-0.0638947721873938,-0.125993126901755,-0.03614905193146,-86.259767656739,41.6772182934808
"467","Geometric",9.49766635894775,21.4433326721191,-3.38733339309692,913,100,44,23.1040687561035,287,161,279,162,11.1566667556763,29.1205539703369,1002.48681640625,28.7240009307861,-9.58800029754639,38.3120002746582,19.4300003051758,-1.90799999237061,-0.549480941024368,-1.15101364697952,1.17348462607275,0.398248050623843,-0.362794378956268,0.384717201080192,0.304678845122518,-0.156834945310943,-0.0553211599183441,-0.0305780208265133,-85.2136150806763,41.1716346746539
"467","Population-Weighted",9.52550029754639,21.5259990692139,-3.4026665687561,911,100,44,23.1209259033203,287,160,279,162,11.1470003128052,29.0044765472412,1006.35681152344,28.8239994049072,-9.60799980163574,38.431999206543,19.496000289917,-1.91733336448669,-0.554726373122,-1.13902290022216,1.20056739757177,0.394467695646261,-0.34349291651881,0.401926333608065,0.302572349306845,-0.159285926572672,-0.0587910013098502,-0.0316523595634865,-85.1950510530486,41.1995693119891
"468","Geometric",10.1511669158936,22.3099994659424,-2.86666679382324,907,100,45,23.1078071594238,287,161,278,162,11.1636667251587,28.8168983459473,1015.85186767578,29.7159996032715,-9.02400016784668,38.7399978637695,20.2313327789307,-1.32600009441376,-0.388646942519187,-1.07463550263394,1.40042480917332,0.427551475088063,-0.234558928875133,0.485102928654102,0.305198336576816,-0.151558191153157,-0.0473211188677084,-0.0222460359166479,-85.159151551137,41.0844601905274
"468","Population-Weighted",10.1511669158936,22.3099994659424,-2.86666679382324,907,100,45,23.1078071594238,287,161,278,162,11.1636667251587,28.8168983459473,1015.85186767578,29.7159996032715,-9.02400016784668,38.7399978637695,20.2313327789307,-1.32600009441376,-0.388646942519187,-1.07463550263394,1.40042480917332,0.427551475088063,-0.234558928875133,0.485102928654102,0.305198336576816,-0.151558191153157,-0.0473211188677084,-0.0222460359166479,-85.1381330378877,41.0981099307251
"469","Geometric",10.048999786377,21.9379997253418,-2.90733337402344,947,105,47,23.5035495758057,297,169,288,171,10.8953332901001,28.6297397613525,1001.31475830078,28.9519996643066,-9.10400009155273,38.0559997558594,19.9186668395996,-1.22866666316986,-0.383541599162787,-1.35260164189861,1.31460008842659,0.370627011004917,-0.348388757935791,0.46109550027597,0.27311578818679,-0.097230882337837,-0.0343968469012121,-0.010330194745291,-86.1374877835813,40.7626788257881
"469","Population-Weighted",10.0648336410522,21.9426670074463,-2.85599994659424,943,108,48,23.886116027832,297,172,288,173,10.7463331222534,28.4054069519043,1000.32641601562,28.9039993286133,-8.92799949645996,37.8320007324219,19.9260005950928,-1.21466648578644,-0.365087172731097,-1.41921517208125,1.31624087299213,0.358537140454841,-0.377011097133497,0.503068794158188,0.268080466120111,-0.0677240145940184,-0.00837117477245947,0.0186769520833019,-86.0960978535388,40.6832290756669
"470","Geometric",11.3211669921875,22.3873329162598,-0.546000063419342,1119,123,70,17.8524990081787,337,229,311,229,11.7176666259766,32.1631164550781,924.346130371094,29.568000793457,-6.86400032043457,36.431999206543,16.199333190918,-0.546000063419342,0.444398571783545,-2.34757246397678,1.16280264930097,0.854160936966814,-0.0093943469877338,-0.117882318860486,0.114088083361773,-0.173368442566528,0.478375698665531,0.0466618314612463,-85.087580339208,39.1498417866771
"470","Population-Weighted",11.3648338317871,22.3733329772949,-0.440666705369949,1110,122,70,17.7828044891357,335,229,309,229,11.8263330459595,32.3973617553711,919.52392578125,29.6440010070801,-6.8600001335144,36.5040016174316,16.1639995574951,-0.440666705369949,0.466068601026759,-2.30341563788758,1.14623617196591,0.880161938900375,0.00783615460179362,-0.148919633088076,0.121540059809431,-0.173433102505261,0.484986458989601,0.0478951089102164,-85.0348755064116,39.1438108579498
"471","Geometric",12.2399997711182,23.0179996490479,0.661999881267548,1171,121,74,16.0471057891846,347,251,314,259,11.8199996948242,33.0278282165527,899.998229980469,30,-5.78800010681152,35.7880020141602,11.9246664047241,13.3553333282471,1.10315429496186,-2.61730836178544,0.760504906848526,1.38567721438433,0.37349447438985,0.00919221509842484,-0.464344875006457,0.194874647417047,0.00346500229074953,0.0348800462031856,-86.0408294427137,38.4216062659387
"471","Population-Weighted",12.3056669235229,23.0393333435059,0.822666704654694,1172,121,75,15.7922143936157,346,252,314,260,11.5366668701172,32.5306434631348,894.377258300781,29.9160003662109,-5.5479998588562,35.4640007019043,11.9720001220703,13.3886661529541,1.11750354825486,-2.6867238383428,0.771548519654286,1.40686022411158,0.293733840569112,0.100887671734048,-0.461496492553518,0.219042596939613,0.0174383850052363,0.0489012818344178,-85.8941593564351,38.3942604639447
"472","Geometric",11.7308330535889,22.8039989471436,-0.304000049829483,1107,120,67,18.4223823547363,332,221,304,221,11.6556663513184,31.7523880004883,931.231201171875,29.8959999084473,-6.8120002746582,36.7080001831055,11.4313325881958,-0.304000049829483,0.396985515262477,-2.23842066742302,0.909162857935165,0.98880762163119,0.141400909753627,0.105684458046024,-0.266435310691127,-0.407601354990846,0.599128847170562,-0.0143021299662812,-85.7433869261236,39.0429059570742
"472","Population-Weighted",11.7308330535889,22.8039989471436,-0.304000049829483,1107,120,67,18.4223823547363,332,221,304,221,11.6556663513184,31.7523880004883,931.231201171875,29.8959999084473,-6.8120002746582,36.7080001831055,11.4313325881958,-0.304000049829483,0.396985515262477,-2.23842066742302,0.909162857935165,0.98880762163119,0.141400909753627,0.105684458046024,-0.266435310691127,-0.407601354990846,0.599128847170562,-0.0143021299662812,-85.7414172542944,39.0586186195366
"473","Geometric",9.94149971008301,21.4839992523193,-2.70333337783813,998,108,54,21.8188056945801,315,184,297,184,11.2049999237061,29.8799991607666,977.640197753906,28.503999710083,-8.99600028991699,37.5,19.5686664581299,-2.70333337783813,-0.30010769270347,-1.66160168191607,1.24322734371224,0.43462202802986,-0.359530138032781,0.161400728891805,0.332495905204729,-0.118924575959931,0.133491499065403,-0.00280793896615299,-85.1544237159335,40.0830435114322
"473","Population-Weighted",9.98416614532471,21.5473327636719,-2.66266679763794,996,107,54,21.6141548156738,312,185,295,185,11.2150001525879,29.8493537902832,978.577331542969,28.576000213623,-8.99600028991699,37.5719985961914,19.6073341369629,-2.66266679763794,-0.296790733681424,-1.64315867647797,1.25557791533155,0.463439030475772,-0.345509162696918,0.171684497028263,0.344196516970829,-0.11111819791518,0.140482969658372,-0.00905298892736368,-85.2144569316579,40.0633642275905
"474","Geometric",11.5686664581299,22.7273330688477,-0.531999945640564,1153,128,68,18.8219451904297,347,224,319,224,11.8559999465942,31.9637660980225,936.65283203125,29.8920001983643,-7.19999980926514,37.0919990539551,20.5979995727539,-0.531999945640564,0.512456962575715,-2.27992949605326,1.54001666200056,0.579228315593942,0.00826676402615375,-0.20479035623688,0.370995282735318,-0.0792446900635731,0.29076642339536,0.101345317835716,-86.646000974621,38.9945831809056
"474","Population-Weighted",11.4809999465942,22.7019996643066,-0.669999957084656,1142,127,67,18.9203510284424,344,221,317,221,11.7540006637573,31.6751098632812,941.270202636719,29.8320007324219,-7.27600002288818,37.1080017089844,20.5873336791992,-0.669999957084656,0.457080605447573,-2.24111307993572,1.53596883854244,0.56984835639713,-0.0212690418421281,-0.150096182785079,0.371272134589292,-0.0825353584517036,0.276773944311792,0.0980147801206884,-86.5936949506608,39.0545969849105
"475","Geometric",12.6160001754761,23.7639999389648,0.51666671037674,1158,127,70,19.3887844085693,350,228,320,228,11.9053335189819,32.3093070983887,937.533813476562,30.7679996490479,-6.07999992370605,36.8479995727539,21.814001083374,0.51666671037674,0.842644599468087,-2.2366513807848,1.76334741905568,0.613642332241571,0.0774209214126548,-0.144674731304146,0.394450042806933,-0.023409033271452,0.326604883152376,0.0811506786530536,-87.0229703199745,38.4749717378695
"475","Population-Weighted",12.6791667938232,23.8206672668457,0.570666670799255,1160,128,70,19.4384059906006,351,229,320,229,11.8876667022705,32.3174934387207,937.643127441406,30.7880001068115,-5.99599981307983,36.7840003967285,21.9053325653076,0.570666670799255,0.8659866054568,-2.25137659937568,1.7730084145301,0.60417517769189,0.0792670996574371,-0.136068085059444,0.400352555815932,-0.0205827972229231,0.32752698201579,0.0844630145608403,-87.0653814017045,38.4582584753051
"476","Geometric",13.0813331604004,24.2346668243408,0.997999966144562,1153,128,73,18.4858512878418,357,241,293,241,11.3459997177124,31.1395320892334,936.029724121094,31.1000003814697,-5.33599996566772,36.4360008239746,12.8773336410522,0.997999966144562,0.838171121449478,-2.49175655808656,1.21213929989085,1.02410667058062,0.34159478856628,0.33297190662178,-0.163086996884158,-0.291967038851795,0.720842034354894,0.0714191792164829,-87.5130119470647,38.1297339377769
"476","Population-Weighted",13.386833190918,24.5860004425049,1.30466663837433,1149,126,74,18.2309188842773,357,241,288,245,11.5670003890991,31.6072788238525,937.701782226562,31.492000579834,-5.10400009155273,36.5960006713867,13.2346668243408,19.958667755127,1.43311114550903,-2.40096272936046,1.001228375398,1.39169256236805,0.69839530547134,0.451201847831902,-0.560079843316309,0.435013736425028,-0.292258135168923,0.215083773409238,-87.4792134687091,38.0695134928569
"477","Geometric",13.4743337631226,24.6213340759277,1.43933343887329,1147,127,75,18.4076614379883,357,237,286,247,11.3806667327881,31.1970024108887,933.287109375,31.5240001678467,-4.95599985122681,36.4799995422363,13.3140001296997,20.0353336334229,1.44915966713898,-2.4261173931841,1.00555995214447,1.38025120608579,0.668256905217752,0.532797499675896,-0.55145335540749,0.449850332747836,-0.287443306907058,0.236966612961701,-87.5913752124973,38.0149539620306
"477","Population-Weighted",13.9805002212524,25.220666885376,1.86266660690308,1147,125,74,18.06565284729,356,237,285,249,11.4896669387817,31.3069934844971,942.285095214844,32.0960006713867,-4.60400009155273,36.7000007629395,13.7626667022705,20.6359996795654,1.57416637112805,-2.33644428683149,1.1254125399922,1.41198028489328,0.761553710556993,0.576131953870243,-0.542773510456173,0.436195097330833,-0.309101235035108,0.198710642626465,-87.5575148466705,37.9924214959687
"478","Geometric",11.5051670074463,23.1679992675781,-1.20800006389618,1054,120,56,23.2681159973145,333,191,315,191,11.5109996795654,30.127197265625,981.696838378906,30.3880004882812,-7.82000017166138,38.2080001831055,21.1313323974609,-1.20800006389618,0.207200008876632,-1.71514256180304,1.68342634240837,0.308537768148899,-0.0416268456614052,0.155536870659642,0.257288178740073,-0.164577028565812,0.130239860487736,0.0528553379397202,-87.2903362741872,39.4393021655293
"478","Population-Weighted",11.6638336181641,23.3966674804688,-1.11400008201599,1050,120,56,23.3739700317383,332,190,315,190,11.4856662750244,29.9449024200439,986.928833007812,30.6079998016357,-7.7480001449585,38.3559989929199,21.3526668548584,-1.11400008201599,0.229184073034269,-1.6867762862193,1.74732874462396,0.306804859896681,-0.0158311679535713,0.193717451750713,0.253174867749213,-0.162987616685784,0.127326931330233,0.053848453118884,-87.3148060914499,39.4382851106841
"479","Geometric",10.3428335189819,22.2733345031738,-2.77800011634827,950,106,42,26.3103733062744,303,157,301,157,11.4703330993652,29.61767578125,1010.79949951172,29.496000289917,-9.23200035095215,38.7280006408691,20.3339996337891,-2.77800011634827,-0.349914644709903,-1.10116861562753,1.42750276232765,0.136059516826725,-0.244055162644627,0.291135071957835,0.212801304976956,-0.267727494983944,-0.0258848128085922,-0.0606501007858334,-87.1044712978667,40.4927857798451
"479","Population-Weighted",10.4586668014526,22.3819999694824,-2.55599999427795,939,105,41,26.1610164642334,298,159,298,159,11.3873338699341,29.4703235626221,1003.73175048828,29.6680011749268,-8.97200012207031,38.6399993896484,22.3819999694824,-0.78466671705246,-0.231839590720236,-1.04267781690406,1.53244128394134,0.137997775734323,-0.286343494604559,0.329305773579173,0.335544521320825,-0.113986271778648,-0.182845572285339,-0.0261290535148595,-86.9929172816878,40.4230565247416
"480","Geometric",8.38799953460693,20.2893333435059,-4.06466674804688,801,85,41,21.2885513305664,242,142,240,146,9.84533309936523,27.071418762207,989.383178710938,27.3079986572266,-9.0600004196167,36.3680000305176,19.5459995269775,-3.13199996948242,-0.935431766835081,-0.952512450494346,0.859829710987775,0.586152484156694,-0.989099875865748,0.899880432499069,0.539273435239496,-0.0356160822334025,-0.0578068977433414,-0.0144181937475998,-82.80267977407,42.8354544190547
"480","Population-Weighted",9.58066654205322,21.6979999542236,-3.03866672515869,819,84,43,20.7087631225586,250,151,250,154,10.0453329086304,27.146614074707,1002.51361083984,28.7799987792969,-8.22399997711182,37.0039978027344,21.6979999542236,-1.85066664218903,-0.587280702392392,-0.920203485524093,1.29232612893925,0.626137207732297,-0.780920404015504,0.909460688977331,0.582723125828475,0.0124576411288973,-0.084025532683298,-0.0453707135016307,-82.9805763390293,42.6135675449988
"481","Geometric",9.03583335876465,21.0386657714844,-3.60666656494141,857,88,47,18.8371505737305,252,163,252,163,10.5543336868286,28.3292179107666,996.225891113281,28.2119998931885,-9.04399967193604,37.2560005187988,21.0386657714844,-2.28999996185303,-0.67066552760901,-1.09553531873399,1.15830174192408,0.712500279374399,-0.680120604957767,0.586499615183779,0.620795358749445,0.0182753374531164,-0.0359031474853226,-0.0296962392213302,-83.6296977750295,42.2043640370612
"481","Population-Weighted",9.35366630554199,21.4053325653076,-3.26200008392334,833,88,46,19.457160949707,248,158,248,158,10.4106664657593,27.9916820526123,997.256530761719,28.568000793457,-8.62400054931641,37.1920013427734,21.4053325653076,-1.95733344554901,-0.599450507902092,-0.996968424190814,1.22316701662625,0.695713255748268,-0.69790837740535,0.711461522727734,0.618518312426678,0.0190919089429098,-0.0466823152755685,-0.0100355290493113,-83.4693955339368,42.265762421678
"482","Geometric",9.92450046539307,22.0353336334229,-2.75733327865601,852,87,46,19.4894866943359,252,159,252,162,9.97033309936523,26.9148406982422,1004.26800537109,28.988000869751,-8.05599975585938,37.0439987182617,22.0353336334229,-1.48933327198029,-0.492747516891282,-1.06569093336088,1.39984979670362,0.685469522458259,-0.722726423906379,0.927077818439391,0.606456360898504,0.0423058786315515,-0.0617231409481322,-0.0301315444816269,-83.1129495948643,42.3812660418876
"482","Population-Weighted",9.92450046539307,22.0353336334229,-2.75733327865601,852,87,46,19.4894866943359,252,159,252,162,9.97033309936523,26.9148406982422,1004.26800537109,28.988000869751,-8.05599975585938,37.0439987182617,22.0353336334229,-1.48933327198029,-0.492747516891282,-1.06569093336088,1.39984979670362,0.685469522458259,-0.722726423906379,0.927077818439391,0.606456360898504,0.0423058786315515,-0.0617231409481322,-0.0301315444816269,-83.1198132923692,42.3942341208601
"483","Geometric",8.73183345794678,20.7666664123535,-3.92533349990845,781,88,39,23.1072540283203,243,137,243,138,10.1336669921875,27.2938671112061,1001.67822265625,27.8759994506836,-9.2519998550415,37.1279983520508,20.7666664123535,-2.7720000743866,-0.87116623986356,-0.775450002474377,1.03031817528816,0.458494250050596,-0.868552578124072,0.852899518191973,0.541546920509606,-0.0281389251242038,-0.117981036356154,0.0108723526843658,-83.3498520525244,42.6605732167662
"483","Population-Weighted",8.94966697692871,20.9986667633057,-3.70066666603088,796,88,40,22.2306747436523,247,142,247,143,10.0526666641235,27.1019821166992,1001.69989013672,28.0639991760254,-9.02799987792969,37.0919990539551,20.9986667633057,-2.54399991035461,-0.803881743340786,-0.855384022193142,1.10764143191409,0.493248166401258,-0.85281196520086,0.876830173105176,0.546699525890838,-0.0243422393371852,-0.118880531915942,0.000554529175710083,-83.276636009841,42.616549812664
"484","Geometric",7.89183330535889,19.8320007324219,-4.753333568573,748,93,29,29.5649642944336,241,114,230,114,10.8369998931885,28.6269016265869,998.816101074219,27.7200012207031,-10.1360006332397,37.8560028076172,19.1033344268799,-4.753333568573,-1.10770820994693,-0.340843951146088,0.674206940327413,0.0966476510754103,-0.768611679717212,0.684074505402618,0.441572132793763,-0.225274457425793,-0.0817710966403173,0.0603329276381976,-83.2215880360179,43.2909883211078
"484","Population-Weighted",8.33349990844727,20.2840003967285,-4.33466672897339,754,89,31,28.7999248504639,241,117,235,117,10.7543334960938,28.5260829925537,997.824829101562,27.8880004882812,-9.8120002746582,37.7000007629395,19.42799949646,-4.33466672897339,-1.0035184817582,-0.374398450982482,0.783346413169032,0.178642604325058,-0.786417775922006,0.715815304433965,0.43065510555464,-0.190261753822807,-0.0656423821516763,0.0157711436717005,-83.5162328221855,43.0389077180659
"485","Geometric",8.84333324432373,20.9599990844727,-4.02600002288818,764,92,32,28.5470733642578,245,120,235,120,10.7173337936401,28.0705432891846,1012.20733642578,28.5240001678467,-9.6560001373291,38.1800003051758,20.0353336334229,-4.02600002288818,-0.909208680651197,-0.393276713986864,0.97255289212627,0.17609529814884,-0.657195697871534,0.79619010501695,0.438171365822163,-0.188530274746817,-0.0612439914006844,0.0335108605186829,-83.6907375142256,43.0223133933125
"485","Population-Weighted",8.84333324432373,20.9599990844727,-4.02600002288818,764,92,32,28.5470733642578,245,120,235,120,10.7173337936401,28.0705432891846,1012.20733642578,28.5240001678467,-9.6560001373291,38.1800003051758,20.0353336334229,-4.02600002288818,-0.909208680651197,-0.393276713986864,0.97255289212627,0.17609529814884,-0.657195697871534,0.79619010501695,0.438171365822163,-0.188530274746817,-0.0612439914006844,0.0335108605186829,-83.6916659909374,43.0157858007868
"486","Geometric",7.19799995422363,19.1893329620361,-5.46399974822998,759,97,29,29.7325897216797,252,119,231,120,12.0866661071777,30.6022548675537,999.906860351562,27.6119995117188,-11.8839998245239,39.4959983825684,18.1973323822021,-4.44133329391479,-1.22435594667027,-0.260720439505241,0.506002269889774,0.0742453289691289,-0.39399646038137,0.176471369344443,0.416950350930503,-0.264179559496226,-0.120328649230161,0.0808237447670529,-84.3629927104347,44.001253602632
"486","Population-Weighted",7.60166645050049,19.5620002746582,-5.04933309555054,766,98,30,29.6750469207764,251,118,228,118,11.0746669769287,28.9246425628662,997.284118652344,27.4039993286133,-10.8839998245239,38.2879981994629,14.7526664733887,-5.04933309555054,-1.23196433472448,-0.477954853723001,0.346389676605062,0.173405242469717,-0.564086078329618,0.628201830630116,0.153651989717764,-0.393529634901687,0.0577465422446727,0.0630701375387755,-84.2459359790401,43.7244111574193
"487","Geometric",7.99683332443237,19.3593330383301,-3.54866671562195,721,88,30,27.716423034668,235,116,220,117,9.9689998626709,27.4628105163574,946.349731445312,26.8039989471436,-9.49600028991699,36.2999992370605,18.9260005950928,-3.44333338737488,-1.02494142938567,-0.488013653455849,0.479877321537052,0.249362541515522,-1.1542501965292,0.954027168801563,0.502035137284679,-0.115836672981792,-0.112720552903879,0.11558723224244,-83.5606145051192,44.0297631478188
"487","Population-Weighted",8.27050018310547,20.0153331756592,-3.6046667098999,718,92,28,29.6705665588379,234,111,214,111,9.48433303833008,25.8738899230957,972.128601074219,27.3400001525879,-9.31599998474121,36.6559982299805,15.8540000915527,-3.6046667098999,-1.10602912225567,-0.491866389281987,0.427633659095564,0.240155789344996,-1.02380186929083,1.3214938156973,0.207209522973152,-0.254200579688504,-0.00171169603770233,0.128224198756046,-83.66863915205,43.7210739396912
"488","Geometric",8.31999969482422,20.3933334350586,-4.37866640090942,813,97,34,27.6058979034424,255,130,243,130,11.3120002746582,29.516752243042,1002.04382324219,28.2240009307861,-10.1000003814697,38.3240013122559,15.3980007171631,-4.37866640090942,-0.964650923200832,-0.599394327391443,0.589035618050755,0.301057488007637,-0.432830972072606,0.527595400345415,0.142167753375889,-0.398938942003277,0.0863958980676975,-0.00255720703518751,-84.6773671946496,43.0210754436653
"488","Population-Weighted",8.35766696929932,20.3659992218018,-4.38066673278809,798,93,34,27.2037200927734,248,128,242,128,11.1693334579468,29.355899810791,1001.15808105469,28.003999710083,-10.0440006256104,38.0480003356934,19.3400001525879,-4.38066673278809,-0.940805092471112,-0.519417894126228,0.825462655193826,0.231047938763759,-0.624474746401095,0.505643914463581,0.445309906620915,-0.213018945585092,-0.0361170858586776,0.00375881515593282,-84.5752268783367,42.9062230083229
"489","Geometric",8.94449996948242,21.1086673736572,-3.96266674995422,803,91,35,27.2253932952881,249,130,248,130,11.135666847229,29.0202922821045,1013.16912841797,28.7479991912842,-9.62400054931641,38.3720016479492,20.0520000457764,-3.96266674995422,-0.813204593827079,-0.495027876246545,1.04688037949804,0.258701292094986,-0.54253114271407,0.57349762211914,0.422012269831172,-0.196966466270181,-0.0302203068983092,-0.0261689388165918,-84.5814384655691,42.7338615317015
"489","Population-Weighted",8.94449996948242,21.1086673736572,-3.96266674995422,803,91,35,27.2253932952881,249,130,248,130,11.135666847229,29.0202922821045,1013.16912841797,28.7479991912842,-9.62400054931641,38.3720016479492,20.0520000457764,-3.96266674995422,-0.813204593827079,-0.495027876246545,1.04688037949804,0.258701292094986,-0.54253114271407,0.57349762211914,0.422012269831172,-0.196966466270181,-0.0302203068983092,-0.0261689388165918,-84.5654843465548,42.7210624981092
"490","Geometric",9.14866638183594,21.156665802002,-3.55866670608521,916,99,41,24.2691230773926,286,153,280,158,11.2679996490479,29.5468845367432,998.520324707031,28.7679996490479,-9.36800003051758,38.1360015869141,20.1193332672119,-2.15933346748352,-0.55736535286602,-1.03910208416417,1.1407990094584,0.287211843591427,-0.415420044673845,0.336482393001001,0.356684001858402,-0.179293985935133,-0.114080688553618,-0.0399637304106969,-85.5455293700584,42.2005029835855
"490","Population-Weighted",9.19050025939941,21.232666015625,-3.53266668319702,928,102,41,24.4792671203613,291,155,284,161,11.3796663284302,29.7772312164307,1000.12872314453,28.9519996643066,-9.26399993896484,38.2159996032715,20.1866664886475,-2.11199998855591,-0.509114418217695,-1.07215977665559,1.16645925501524,0.247731547474863,-0.357924314480912,0.29083709858905,0.346005430102249,-0.200350488729818,-0.11767224149677,-0.0343981019625403,-85.6102039964789,42.2176329310818
"491","Geometric",9.64066696166992,21.4379997253418,-2.89400005340576,978,99,46,20.007511138916,283,173,283,183,10.2639999389648,27.8701000213623,981.597412109375,28.3039989471436,-8.52400016784668,36.8279991149902,21.4379997253418,-1.41133332252502,-0.415640534846895,-1.49799871949699,1.28933689030216,0.474524340029635,-0.65772750505956,0.607959202583795,0.520409252480233,-0.025846037434457,-0.116734415074767,-0.0552143580434775,-86.3537884571457,41.8720633355439
"491","Population-Weighted",9.63899993896484,21.4886665344238,-2.96066665649414,982,99,46,20.0088348388672,284,173,284,184,10.4379997253418,28.1681785583496,986.741455078125,28.431999206543,-8.62400054931641,37.0559997558594,21.4886665344238,-1.46333336830139,-0.411449156787757,-1.4720003728831,1.3083119547275,0.470185270872017,-0.595754413195381,0.549409422806244,0.522266792094627,-0.0382630099794546,-0.117702099352653,-0.0688405364680182,-86.3216535352766,41.8724037987795
"492","Geometric",8.5605001449585,20.4939994812012,-4.12533330917358,857,95,39,24.4586429595947,265,144,265,144,11.1843328475952,29.5725383758545,995.013671875,27.9559993743896,-9.86399936676025,37.8199996948242,18.4373340606689,-4.12533330917358,-0.830066179399641,-0.877237600493953,0.878819226030574,0.343199342898208,-0.578173752361028,0.374690339634317,0.339250425824482,-0.253926657790793,-0.000634041442289124,-0.0478134379319501,-84.3526398217945,42.0489538117697
"492","Population-Weighted",8.60149955749512,20.521333694458,-4.07200002670288,855,95,40,24.0392189025879,264,146,264,146,11.1490001678467,29.4759922027588,993.784851074219,28.0240001678467,-9.80000019073486,37.8240013122559,20.521333694458,-4.07200002670288,-0.79033535844146,-0.875751304963859,1.02406370947491,0.31533308644493,-0.626020140491213,0.349259152088816,0.505083518870209,-0.156422657994643,-0.0498318027994575,-0.0191434306062915,-84.3057701501383,42.0771610464095
"493","Geometric",7.81083345413208,19.7859992980957,-4.75466680526733,886,105,37,25.3534984588623,283,152,248,156,11.3276662826538,29.7033424377441,996.918762207031,27.6960010528564,-10.4399995803833,38.1360015869141,15.0019998550415,-3.69933319091797,-0.962472385887665,-1.03785336383973,0.473673002882754,0.314290805707529,-0.331793434940774,0.386051788243992,0.198203234247428,-0.356132214857926,0.0532229736398823,0.0275117053383862,-85.55673295391,43.3322433217606
"493","Population-Weighted",8.26900005340576,20.1599998474121,-4.23866653442383,901,107,36,25.5013027191162,281,151,256,156,11.0633335113525,29.3800029754639,989.165649414062,27.8559989929199,-9.80000019073486,37.6559982299805,15.3800001144409,-3.0806667804718,-0.82185314992807,-1.07948727786171,0.552214925754746,0.278034119002957,-0.413215986032742,0.494138862367439,0.16295487111924,-0.366675585624675,0.0118866962528121,0.0183829036351843,-85.556612151651,43.107855362968
"494","Geometric",8.05350017547607,19.6420001983643,-4.06400012969971,844,103,36,24.7499179840088,271,152,220,163,10.7676668167114,29.4907608032227,965.902709960938,27.1599998474121,-9.35200023651123,36.5120010375977,15.2433338165283,-3.12800002098083,-0.83362433478234,-1.01576132853953,0.266085402118488,0.408812242608978,-0.584370501113438,0.654965950770858,0.378313260731448,-0.265295696035958,0.0925729269166906,0.0566886189442565,-86.138910521951,43.3824061270131
"494","Population-Weighted",8.48616695404053,20.1086673736572,-3.68466663360596,844,103,34,24.3055992126465,265,147,225,161,10.4490003585815,28.9381866455078,964.877258300781,27.3439998626709,-8.76399993896484,36.1080017089844,15.5300006866455,-2.58533334732056,-0.739795997875299,-0.996102168820091,0.349639970394248,0.396943330457053,-0.670896676405183,0.82093443875697,0.348269014088194,-0.298175090284356,0.0307085398965973,0.0283914965068655,-86.0685840689186,43.0929809116585
"495","Geometric",9.25583362579346,21.4226665496826,-3.49866652488708,928,109,37,24.9646854400635,288,154,270,161,11.0256662368774,28.9691696166992,1009.60137939453,29.1480007171631,-8.91199970245361,38.060001373291,20.3893337249756,-2.21799993515015,-0.509406387930911,-1.05502315333952,1.16299976044268,0.15265194534961,-0.352942851982186,0.526182550576997,0.409321087652939,-0.239702424862819,-0.139651237158845,0.0227366350400922,-85.6590306219841,42.9533191397651
"495","Population-Weighted",9.25583362579346,21.4226665496826,-3.49866652488708,928,109,37,24.9646854400635,288,154,270,161,11.0256662368774,28.9691696166992,1009.60137939453,29.1480007171631,-8.91199970245361,38.060001373291,20.3893337249756,-2.21799993515015,-0.509406387930911,-1.05502315333952,1.16299976044268,0.15265194534961,-0.352942851982186,0.526182550576997,0.409321087652939,-0.239702424862819,-0.139651237158845,0.0227366350400922,-85.6559764887422,42.9400701272274
"496","Geometric",6.66433334350586,18.5100002288818,-5.73866653442383,792,107,33,29.3306102752686,266,126,230,134,11.2226667404175,29.7021656036377,991.247192382812,26.6040000915527,-11.1800003051758,37.7840003967285,14.0999994277954,-5.01466655731201,-1.3122030040787,-0.75559510998777,0.101542360395718,0.119259304342455,-0.555702603165103,0.42556502563258,0.191547710016772,-0.351293198668692,0.0513824774507174,0.115313146296859,-85.5188307670485,44.4494300053066
"496","Population-Weighted",6.77416658401489,18.5473327636719,-5.53399991989136,788,106,34,28.6491317749023,263,128,229,136,11.1783332824707,29.837532043457,985.0400390625,26.5920009613037,-10.8719997406006,37.4640007019043,14.173999786377,-4.81733322143555,-1.25499003685616,-0.774598717574499,0.0960669634516073,0.176769526780355,-0.596985219789052,0.433311766883549,0.212450628085181,-0.334589122556647,0.0644984840818517,0.110048377173744,-85.5350100787185,44.4940797673443
"497","Geometric",6.44700002670288,18.6100006103516,-6.21866655349731,760,98,31,27.3707847595215,252,123,220,133,10.5339994430542,26.9853458404541,1018.58880615234,26.1560001373291,-12.8800001144409,39.0359992980957,17.9726676940918,-5.86733341217041,-1.66654582895166,-0.673409838266909,0.46445627020323,0.101554117573886,-0.69558849318802,0.672477355394252,0.522481436256952,-0.141853982486942,-0.109956678550447,0.10718597051363,-84.4858234793941,45.516223595588
"497","Population-Weighted",6.26866674423218,18.4366664886475,-6.58199977874756,789,101,33,26.2152824401855,258,133,225,141,11.7180004119873,29.6178340911865,1017.65826416016,26.57200050354,-12.9919996261597,39.5639991760254,17.5179996490479,-5.72133350372314,-1.54258786899011,-0.639967130702139,0.394959978720065,0.170373639486859,-0.399348348581604,0.190416793633531,0.532626635429099,-0.216774940438757,-0.0779375320039252,0.0849425797750073,-84.5120020885983,45.3841740719916
"498","Geometric",5.04716682434082,17.2086658477783,-7.85333299636841,822,103,32,30.4454193115234,277,128,254,131,11.070333480835,28.5553379058838,1022.48254394531,24.8719997406006,-13.8959999084473,38.7679977416992,12.8806667327881,-6.83799982070923,-1.95111784160558,-0.978603702528979,-0.017654173986818,-0.0192687186812927,-0.635830066895111,0.25062369050893,0.0423878902726803,-0.306032402650181,-0.00887140431552824,0.0307366896706401,-86.9303272758404,46.1794446533025
"498","Population-Weighted",4.99399995803833,17.3719997406006,-8.26666641235352,818,97,30,31.9671382904053,275,118,269,118,11.7906665802002,29.1761531829834,1042.18078613281,25.2479991912842,-15.1640005111694,40.4119987487793,16.5633335113525,-8.26666641235352,-2.06283310411643,-0.674550527463301,0.35746798737477,-0.215368987748311,-0.545712057907236,-0.0756078238117166,0.222405039907652,-0.256888801985146,-0.115392821100865,-0.0160753793236816,-87.3874104519539,46.0579280075436
"499","Geometric",4.32049989700317,17.0073337554932,-9.37600040435791,799,98,30,34.4618873596191,272,115,271,120,12.0716667175293,29.0631427764893,1074.1259765625,25.0480003356934,-16.4879989624023,41.5359992980957,16.1273326873779,-8.12266635894775,-2.31694980628663,-0.6083441071401,0.322260132948979,-0.294438584188271,-0.378420525402601,-0.185216938381029,0.139101614399326,-0.16571517570978,-0.145154315000087,-0.0264261058304832,-88.926074273798,46.6533811472919
"499","Population-Weighted",4.24633312225342,16.9506664276123,-9.4466667175293,804,98,30,34.5168418884277,274,116,272,120,12.0566663742065,29.0018920898438,1074.46484375,25.003999710083,-16.568000793457,41.5719985961914,16.0666675567627,-8.18933391571045,-2.33658476692498,-0.630297130831407,0.318190456094978,-0.301701475084513,-0.37825111386515,-0.191179297420678,0.132393095543094,-0.1655147157035,-0.145008565382901,-0.0251707059964172,-88.8846871690858,46.6358881093882
"500","Geometric",9.48433303833008,22.4593334197998,-4.93599987030029,854,122,22,48.6186714172363,328,76,324,76,11.949333190918,28.4969310760498,1106.4462890625,29.7040004730225,-12.2279996871948,41.931999206543,20.4346656799316,-4.93599987030029,-0.975598234792804,-0.142598496042934,1.519987135129,-1.21119644582639,-0.0141603336879371,0.377108930728853,-0.362474317709537,-0.416829677075074,-0.245289385823165,0.0368724287857057,-93.9380483623957,41.6212687902233
"500","Population-Weighted",9.8241662979126,23.0919990539551,-4.75,857,120,23,47.4334106445312,328,81,326,81,11.6856670379639,27.4956874847412,1122.45959472656,30.5359992980957,-11.96399974823,42.5,20.9146671295166,-4.75,-0.937290033466249,-0.174786667646574,1.74562069028622,-1.13485516435466,0.0769009620466303,0.534098358902907,-0.366547199414811,-0.412360591925617,-0.241548739452045,0.0222393851832831,-93.7044298132959,41.6966131116464
"501","Geometric",9.71500015258789,22.7626667022705,-4.67666673660278,889,116,29,41.799674987793,328,98,322,98,11.4619998931885,27.4315528869629,1105.51416015625,29.9799995422363,-11.8039999008179,41.7840003967285,20.6240005493164,-4.67666673660278,-0.926030905420115,-0.485092447357545,1.68307002745446,-0.832925488573065,-0.0181504606556721,0.503307277294375,-0.238457646777863,-0.368657703588134,-0.196210810512848,0.00212250972140471,-93.4700401421665,41.5606381926783
"501","Population-Weighted",9.5,22.6313323974609,-5.0886664390564,877,120,26,45.0030174255371,333,89,327,89,11.6639995574951,27.7186317443848,1119.48303222656,29.8239994049072,-12.2559995651245,42.0799980163574,20.6366653442383,-5.0886664390564,-1.01110922320812,-0.372878158594551,1.65537309856085,-1.04488354749349,0.0160754846042804,0.436702253336393,-0.306139109881106,-0.389992871632063,-0.226905831908654,0.00868861942097515,-93.4818320738972,41.6782640106814
"502","Geometric",10.1754999160767,23.478666305542,-4.40666675567627,877,118,25,45.4862670898438,332,87,329,87,11.5563335418701,27.2092990875244,1123.884765625,30.8999996185303,-11.57200050354,42.4720001220703,21.3066673278809,-4.40666675567627,-0.838835140298814,-0.267785401201331,1.87277144417734,-1.03871643604556,0.0999828297661177,0.585671571281309,-0.340229687710636,-0.41031387740751,-0.241490758620597,0.00114964069119126,-93.5988774120085,41.617442447861
"502","Population-Weighted",9.93649959564209,23.1986675262451,-4.5973334312439,875,119,25,45.7273101806641,332,87,330,87,11.563666343689,27.2856693267822,1120.62280273438,30.6000003814697,-11.7799997329712,42.3800010681152,21.0380001068115,-4.5973334312439,-0.894514923627534,-0.296267364036744,1.80401886855475,-1.05815974089366,0.0677522107127557,0.547479796337929,-0.349676796386283,-0.405963281686383,-0.239502360172924,0.00876473916863091,-93.6148249050275,41.6279933051762
"503","Geometric",10.099666595459,23.3759994506836,-4.47866678237915,870,118,25,45.917106628418,330,86,328,86,11.4860000610352,27.1049652099609,1122.62902832031,30.7520008087158,-11.6240005493164,42.3759994506836,21.2093334197998,-4.47866678237915,-0.868515296589511,-0.26631775581439,1.84278701835748,-1.0483222454468,0.0645228226396045,0.60409327412501,-0.346735881270819,-0.393285609573038,-0.233653099917176,0.00668268209250933,-93.6293843685346,41.5978895461625
"503","Population-Weighted",10.099666595459,23.3759994506836,-4.47866678237915,870,118,25,45.917106628418,330,86,328,86,11.4860000610352,27.1049652099609,1122.62902832031,30.7520008087158,-11.6240005493164,42.3759994506836,21.2093334197998,-4.47866678237915,-0.868515296589511,-0.26631775581439,1.84278701835748,-1.0483222454468,0.0645228226396045,0.60409327412501,-0.346735881270819,-0.393285609573038,-0.233653099917176,0.00668268209250933,-93.6574808899447,41.6037806572532
"504","Geometric",7.55550003051758,21.3920001983643,-7.82066679000854,832,118,20,52.3152961730957,335,69,335,69,11.2349996566772,25.7423686981201,1181.43151855469,28.6480007171631,-14.996000289917,43.6440010070801,21.3920001983643,-7.82066679000854,-1.80321016420744,-0.220835893555277,1.65302271135456,-1.50788221538776,-0.0884350485883611,0.490898162117155,-0.370380476798537,-0.250719590471393,-0.312623254218136,-0.010095627539047,-93.3728810492208,43.1658574561073
"504","Population-Weighted",7.56400012969971,21.3226661682129,-7.81599998474121,831,118,20,52.6012306213379,334,68,334,68,11.3693332672119,26.141206741333,1178.37158203125,28.488000869751,-15.003999710083,43.492000579834,21.3226661682129,-7.81599998474121,-1.78807329428588,-0.194864971300814,1.60765065622064,-1.51340884063647,-0.095837372425788,0.435970583365495,-0.365397600821987,-0.24825367241301,-0.304545791041884,-0.0139511941990776,-93.3118174627979,43.1699846855218
"505","Geometric",7.96749973297119,21.6700000762939,-7.4486665725708,791,114,19,52.0117683410645,320,64,320,64,11.7843332290649,26.9048709869385,1178.11743164062,29.0200004577637,-14.7799997329712,43.7999992370605,21.6700000762939,-7.4486665725708,-1.6902084761387,0.0695695759907811,1.62826034968908,-1.40976460413491,0.00332523807819537,0.396704258484998,-0.294057514097532,-0.262159528959267,-0.292560181789291,-0.0202945353163043,-94.4470210799735,42.7678045530202
"505","Population-Weighted",8.03466701507568,21.695333480835,-7.34000015258789,804,116,19,52.1102333068848,325,65,324,65,11.8773336410522,27.1246299743652,1174.87890625,29.0799999237061,-14.7080001831055,43.7880020141602,19.7106666564941,-7.34000015258789,-1.66795911860517,0.013565217153879,1.50944145414839,-1.3797833266137,0.0790558248406021,0.385802557193717,-0.45706605382362,-0.363865333464557,-0.240777404634057,-0.0325237824345439,-94.4116648672945,42.6779148535872
"506","Geometric",8.21483325958252,21.6406669616699,-6.92733335494995,871,120,22,48.2518692016602,341,80,339,80,11.5209999084473,26.7358207702637,1152.20178222656,28.8959999084473,-14.1960000991821,43.0919990539551,19.6546669006348,-6.92733335494995,-1.53533194864815,-0.382060657872953,1.5460884502688,-1.29481338971356,-0.0055154852127289,0.393627932781587,-0.441009039616053,-0.405823157239159,-0.274311903568522,-0.0275191691372182,-92.4592721692314,42.6604772734507
"506","Population-Weighted",8.21966648101807,21.5919990539551,-6.91199970245361,879,120,22,47.6239776611328,342,82,338,82,11.7213335037231,27.1981945037842,1150.87158203125,28.8279991149902,-14.2679996490479,43.0960006713867,19.6873321533203,-6.91199970245361,-1.51461366332942,-0.379343380488216,1.52261809702563,-1.27453897052711,0.0286191166845166,0.312722561143413,-0.409780363079396,-0.418415357855947,-0.277873965212773,-0.0371962408961736,-92.4134337501655,42.6031106521207
"507","Geometric",8.69783306121826,22.2493343353271,-6.37599992752075,880,118,22,47.1160583496094,338,82,337,82,11.664999961853,26.7006969451904,1154.41162109375,29.7999992370605,-13.8879995346069,43.6879997253418,20.1653327941895,-6.37599992752075,-1.40075023036694,-0.300080341735682,1.70839177617183,-1.21333586695726,0.13508929967944,0.423904498201809,-0.418486068759178,-0.436488254443307,-0.284465134327584,-0.0332512024903168,-92.3095560747555,42.4847473661576
"507","Population-Weighted",8.73633289337158,22.3133335113525,-6.37333345413208,881,119,22,47.081169128418,339,82,337,82,11.5826663970947,26.4710369110107,1156.52807617188,29.8799991607666,-13.8759994506836,43.7559967041016,20.2133331298828,-6.37333345413208,-1.40318376747012,-0.316396872618311,1.73372324110758,-1.22336476438909,0.141399135149085,0.461880903087737,-0.421657534093965,-0.440093174062889,-0.288544861933667,-0.0235549490054843,-92.3450987775661,42.4946392578591
"508","Geometric",9.81383323669434,22.6180000305176,-4.30733346939087,891,113,22,49.0995941162109,337,76,332,76,12.1630001068115,29.3395404815674,1085.45922851562,29.9039993286133,-11.5520000457764,41.4560012817383,20.5539989471436,-4.30733346939087,-0.78293022456162,-0.107163146676309,1.52076607624396,-1.17545181805236,-0.0508283011546576,0.282111648780705,-0.393150781451709,-0.42202793058085,-0.241882272583586,-0.0394406510704422,-94.5530167061092,40.9654223949802
"508","Population-Weighted",9.81383323669434,22.6180000305176,-4.30733346939087,891,113,22,49.0995941162109,337,76,332,76,12.1630001068115,29.3395404815674,1085.45922851562,29.9039993286133,-11.5520000457764,41.4560012817383,20.5539989471436,-4.30733346939087,-0.78293022456162,-0.107163146676309,1.52076607624396,-1.17545181805236,-0.0508283011546576,0.282111648780705,-0.393150781451709,-0.42202793058085,-0.241882272583586,-0.0394406510704422,-94.5755017113626,40.9807785639296
"510","Geometric",8.50416660308838,22.0046653747559,-6.35733366012573,711,108,15,54.4076461791992,292,52,283,52,12.3610000610352,28.6718311309814,1147.78942871094,29.3279991149902,-13.7840003967285,43.1119995117188,20.0179996490479,-6.35733366012573,-1.4522106474087,0.577057833335619,1.29698909206702,-1.27036268215281,0.0441929869068799,0.434752251007574,-0.309065365118115,-0.300165368183994,-0.171187104246665,-0.00617898450019444,-95.8970320739929,42.5933228404256
"510","Population-Weighted",8.56550025939941,22.0593338012695,-6.28866672515869,693,104,15,53.6992416381836,283,50,273,50,12.4496669769287,28.8614311218262,1147.90393066406,29.4200000762939,-13.7159996032715,43.1360015869141,20.0793342590332,-6.28866672515869,-1.45026359112597,0.687881269608671,1.27862020565214,-1.18219630893706,0.0513992258235514,0.448761966079974,-0.256930213975084,-0.289861159526965,-0.15641659021757,-0.0159515789641492,-96.0231481367136,42.6248650362317
"511","Geometric",8.95016670227051,22.6166667938232,-5.82533359527588,670,96,15,52.3621139526367,272,49,257,49,12.4376668930054,28.4536666870117,1148.52331542969,30.3880004882812,-13.3240003585815,43.7120018005371,20.3333339691162,-5.82533359527588,-1.37595240257003,0.875066564013538,1.38945850644326,-1.00554743864369,0.154990549337539,0.593879993539239,-0.199353781686351,-0.291076433008493,-0.128581777869748,-0.0193182356616419,-96.3702618114939,42.52169040307
"511","Population-Weighted",9.3415002822876,23.0939998626709,-5.49200010299683,671,96,14,52.8440055847168,275,48,257,48,12.4183330535889,28.2671699523926,1154.47399902344,30.8959999084473,-13.03600025177,43.931999206543,20.8299999237061,-5.49200010299683,-1.28373966711813,0.932652552485527,1.50579184382516,-1.03556317920664,0.215418743584478,0.664782543856554,-0.20245498295925,-0.301526519349809,-0.143779648314767,-0.0226377234119247,-96.3924687259971,42.4972084345786
"512","Geometric",7.72366714477539,21.5446662902832,-7.51866674423218,691,106,15,54.2847633361816,286,51,286,51,12.5606670379639,28.343412399292,1176.69604492188,29.1160011291504,-15.1999998092651,44.3160018920898,21.5446662902832,-7.51866674423218,-1.76014157812493,0.645686970103724,1.42683946107047,-1.32807100635574,0.101297634574671,0.285949883445624,-0.188134766021909,-0.217933164600275,-0.233314343455447,-0.0154331882405975,-96.0465462474313,43.2770083910493
"512","Population-Weighted",7.75699996948242,21.6280002593994,-7.47733306884766,684,106,14,54.8334007263184,284,48,284,48,12.6520004272461,28.4468021392822,1177.68273925781,29.3159999847412,-15.1599998474121,44.4759979248047,21.6280002593994,-7.47733306884766,-1.74629957920398,0.725421523692729,1.4368074843887,-1.35045448120077,0.132904514692628,0.286229144683781,-0.190932883970584,-0.233163694212828,-0.239965304716272,-0.00808694340643142,-96.1526250699236,43.2583187541154
"513","Geometric",7.44233322143555,21.3193321228027,-7.95466661453247,728,105,13,56.4689102172852,303,51,303,51,11.7626667022705,26.8505001068115,1185.54675292969,28.6079998016357,-15.1999998092651,43.8079986572266,21.3193321228027,-7.95466661453247,-1.89449241471988,0.424384919162125,1.44876394235084,-1.50490045243078,-0.0925541457863697,0.495888969728456,-0.307155759749125,-0.192023005488357,-0.268741157048222,-0.0664967728011119,-95.1347815571578,43.2658634672092
"513","Population-Weighted",7.34899997711182,21.2146663665771,-8.01599979400635,732,106,14,55.8599052429199,302,51,302,51,11.7053337097168,26.7685089111328,1184.20202636719,28.4839992523193,-15.2440004348755,43.7280006408691,21.2146663665771,-8.01599979400635,-1.91690886536567,0.380822221743372,1.42882381351502,-1.48299679342714,-0.112658093192473,0.499054131610892,-0.297303240005306,-0.191941654404815,-0.266281619115248,-0.0504478376589697,-95.1139242275791,43.3021448526544
"514","Geometric",8.66866683959961,21.8886661529541,-6.00866651535034,810,116,19,53.2596664428711,324,63,312,63,11.9186668395996,28.2888698577881,1129.74365234375,28.988000869751,-13.1440000534058,42.1319999694824,19.96266746521,-6.00866651535034,-1.2938029327295,0.0747994671509827,1.35310549017171,-1.36283662730584,-0.0770541817337408,0.413969767210277,-0.396566476013007,-0.330410578080399,-0.203332669131158,0.00897587094709357,-95.0745818726518,42.1082419529932
"514","Population-Weighted",8.66866683959961,21.8886661529541,-6.00866651535034,810,116,19,53.2596664428711,324,63,312,63,11.9186668395996,28.2888698577881,1129.74365234375,28.988000869751,-13.1440000534058,42.1319999694824,19.96266746521,-6.00866651535034,-1.2938029327295,0.0747994671509827,1.35310549017171,-1.36283662730584,-0.0770541817337408,0.413969767210277,-0.396566476013007,-0.330410578080399,-0.203332669131158,0.00897587094709357,-95.0737837122012,42.0913482616012
"515","Geometric",9.66833305358887,22.6926670074463,-4.65933322906494,820,113,19,51.3529777526855,322,66,306,66,12.1540002822876,29.0321044921875,1104.26684570312,29.8680000305176,-11.996000289917,41.8639984130859,20.6466674804688,-4.65933322906494,-0.9268991781423,0.177993592107004,1.45340101036732,-1.2249985840637,-0.0113384899689674,0.42809438168439,-0.327914862394631,-0.371871617676784,-0.212078067620949,0.00459110715905867,-95.5430198789445,41.4440119837684
"515","Population-Weighted",9.93766689300537,22.906665802002,-4.22666645050049,799,111,19,52.2773818969727,320,65,306,65,12.0193338394165,28.912088394165,1094.79895019531,30.0279998779297,-11.5440006256104,41.5719985961914,20.8460006713867,-4.22666645050049,-0.833808903964019,0.224022909754655,1.47626679013919,-1.2186681527593,-0.0705527723867675,0.500543994670663,-0.347691703155814,-0.334025538993772,-0.197843141518769,0.00455362815768232,-95.7376215828202,41.3146777185088
"516","Geometric",10.5683336257935,23.4033336639404,-3.48000001907349,873,115,19,50.7248649597168,338,72,336,72,12.4219999313354,29.7547187805176,1084.08422851562,30.8239994049072,-10.923999786377,41.7480010986328,21.3266658782959,-3.48000001907349,-0.546684031053533,0.083687780167582,1.67341538609361,-1.26295799994762,0.0587486111058573,0.296638786664567,-0.429995155942472,-0.46711207948892,-0.281259809517281,-0.0374326178239455,-95.3571125210133,40.7427808359983
"516","Population-Weighted",10.7228336334229,23.5393333435059,-3.33200001716614,863,113,18,50.9142761230469,336,71,332,71,12.5756664276123,30.0766906738281,1083.69641113281,30.988000869751,-10.8240003585815,41.8120002746582,21.496000289917,-3.33200001716614,-0.502291951315284,0.178916932327049,1.67783166167273,-1.25006904371345,0.0912506545277806,0.279971400871057,-0.407824929868631,-0.470388696356298,-0.280888286215687,-0.0515987173571814,-95.4700755576802,40.7430349622303
"520","Geometric",8.15050029754639,21.2779998779297,-6.4913330078125,864,112,26,42.4356155395508,320,94,320,94,11.3623332977295,26.9863529205322,1120.97045898438,28.507999420166,-13.5959997177124,42.1040000915527,21.2779998779297,-6.4913330078125,-1.44535375959276,-0.466342385791389,1.51766271558513,-0.950627127582084,-0.199398547228066,0.38125637611206,-0.104875207657401,-0.271569752552028,-0.275054820590054,-0.0213610645319327,-90.9693863385286,42.4584446142196
"520","Population-Weighted",8.1966667175293,21.3026657104492,-6.35533332824707,879,112,28,40.7337837219238,317,99,317,99,11.1073331832886,26.6133155822754,1115.69421386719,28.4119987487793,-13.3240003585815,41.7360000610352,21.3026657104492,-6.35533332824707,-1.41907385690094,-0.585389151399594,1.52436504147203,-0.857365340494853,-0.256482708244163,0.456200828104915,-0.0612054223420829,-0.24837443954992,-0.258170644502899,-0.0116852934818044,-90.8202607661321,42.4418859207051
"521","Geometric",7.31683349609375,20.6440010070801,-7.73400020599365,842,111,22,48.2158546447754,323,78,323,78,11.3503332138062,26.6264743804932,1147.2509765625,27.7280006408691,-14.8999996185303,42.6279983520508,20.6440010070801,-7.73400020599365,-1.80234600332901,-0.309811504964657,1.38791217092011,-1.2388395261883,-0.242477657764591,0.365701315891852,-0.237242841436327,-0.233907892616669,-0.277601806298621,-0.043590545934388,-91.7340521214521,43.2072018716659
"521","Population-Weighted",7.3730001449585,20.7199993133545,-7.71266651153564,834,110,21,48.4935913085938,319,76,319,76,11.3206663131714,26.5245246887207,1148.876953125,27.8239994049072,-14.8559999465942,42.6800003051758,20.7199993133545,-7.71266651153564,-1.80594749799101,-0.24688394292069,1.39303520763346,-1.23868651460695,-0.242451014418964,0.411057688520495,-0.227060999831724,-0.233635300384129,-0.279693517025701,-0.0453150267814212,-91.7172667441714,43.214301695819
"522","Geometric",9.33216667175293,22.3413333892822,-5.26200008392334,898,118,25,45.3568992614746,337,90,337,90,11.6116666793823,27.7977256774902,1114.85632324219,29.4720001220703,-12.3000001907349,41.7719993591309,22.3413333892822,-5.26200008392334,-1.0203612370368,-0.414951208069344,1.73114491833138,-1.14350859079136,-0.113891369198888,0.355710853037701,-0.201861977002161,-0.319446651693158,-0.30662322689533,-0.0187894140771208,-91.7673279885291,41.9003020625934
"522","Population-Weighted",9.41083335876465,22.431999206543,-5.09533309936523,910,118,26,44.5251197814941,340,94,340,94,11.407000541687,27.3365612030029,1108.65185546875,29.6720008850098,-12.0559997558594,41.7280006408691,22.431999206543,-5.09533309936523,-0.980979799428566,-0.50647875442562,1.78405586997223,-1.10716334992549,-0.129988049600835,0.417652220252211,-0.202886714326248,-0.317764649697688,-0.306950007431818,-0.00777578434192081,-91.6301495891289,41.8414486388802
"523","Geometric",9.38600063323975,22.3866672515869,-5.16733312606812,905,117,25,44.8638610839844,338,92,338,92,11.4966669082642,27.5911178588867,1110.83374023438,29.5279998779297,-12.1400003433228,41.6679992675781,22.3866672515869,-5.16733312606812,-0.998203389711963,-0.451779910522937,1.74820788990311,-1.1203141660701,-0.137184952985924,0.394333048679186,-0.196637299142692,-0.32064813200175,-0.310955022168988,-0.0253049477142478,-91.7437157234471,41.8696457200727
"523","Population-Weighted",9.42399978637695,22.5340003967285,-5.16866636276245,910,119,26,44.7734489440918,340,93,340,93,11.4899997711182,27.3623542785645,1116.78625488281,29.8080005645752,-12.1840000152588,41.992000579834,22.5340003967285,-5.16866636276245,-0.99327095339468,-0.479830687991463,1.82122882719695,-1.12634494788583,-0.0762749357699024,0.403307692219141,-0.207002577883439,-0.323367886413658,-0.307983689662466,-0.00484855668118772,-91.684384235511,41.887409144125
"524","Geometric",9.6569995880127,22.9160003662109,-5.00800037384033,900,118,25,45.3760986328125,339,91,339,91,11.3640003204346,26.741340637207,1125.47680664062,30.4200000762939,-12.076000213623,42.4960021972656,22.9160003662109,-5.00800037384033,-0.974346735423657,-0.404204710302223,1.94940533428561,-1.14274411920613,-0.0141451716901244,0.518380775901557,-0.223838671356319,-0.325373002566342,-0.318966627778575,0.00226197472778007,-91.674932135621,41.9682127278802
"524","Population-Weighted",9.6569995880127,22.9160003662109,-5.00800037384033,900,118,25,45.3760986328125,339,91,339,91,11.3640003204346,26.741340637207,1125.47680664062,30.4200000762939,-12.076000213623,42.4960021972656,22.9160003662109,-5.00800037384033,-0.974346735423657,-0.404204710302223,1.94940533428561,-1.14274411920613,-0.0141451716901244,0.518380775901557,-0.223838671356319,-0.325373002566342,-0.318966627778575,0.00226197472778007,-91.6743449614585,41.9886555642671
"525","Geometric",10.4438333511353,23.1140003204346,-3.46933317184448,909,118,24,44.7886238098145,336,89,327,89,11.4456663131714,27.9681034088135,1068.87377929688,30.4720001220703,-10.4519996643066,40.923999786377,22.0780010223389,-3.46933317184448,-0.57348866128575,-0.344350634148621,1.72507727954,-1.04361191313282,-0.139586862410381,0.55952346375213,-0.222000590179048,-0.397130973406425,-0.290987214911157,0.0388569866703541,-92.4536466226204,40.9473022293281
"525","Population-Weighted",10.6275005340576,23.4006671905518,-3.39800000190735,905,118,24,44.7665939331055,333,89,326,89,11.5290002822876,27.9857273101807,1078.09533691406,30.7639999389648,-10.4320001602173,41.1959991455078,22.3159999847412,-3.39800000190735,-0.547121572032814,-0.293495255950996,1.79891670504132,-1.0309014204963,-0.0739327973993058,0.567483149631546,-0.217571249976559,-0.397860175806149,-0.287003004927252,0.0302157383834595,-92.4101360459377,40.9976972488789
"526","Geometric",10.3898334503174,22.9386672973633,-3.50600004196167,930,111,30,37.8928565979004,324,111,315,111,11.2076663970947,27.7225360870361,1064.1943359375,30.0559997558594,-10.3719997406006,40.4280014038086,21.8780002593994,-3.50600004196167,-0.602220062389002,-0.614697473011097,1.70253686530683,-0.628172852757446,-0.19006529883908,0.575927480495537,-0.036159196835744,-0.326705503827789,-0.219912257857286,-0.0147773642606995,-91.4261379771592,40.8833833014187
"526","Population-Weighted",10.4861669540405,23.029333114624,-3.33133339881897,920,109,30,36.6745681762695,315,113,306,113,11.0910005569458,27.5676078796387,1060.97717285156,30.1079998016357,-10.1240005493164,40.2320022583008,21.9580001831055,-3.33133339881897,-0.578321234888083,-0.589495675847581,1.69340339034496,-0.532575200365708,-0.21895959632899,0.654500682806644,0.0233935659471795,-0.31172887454292,-0.208767782119892,-0.0156423085758843,-91.3444272825605,40.796431712391
"527","Geometric",9.49149990081787,22.3173332214355,-4.84066677093506,916,112,28,38.9039688110352,324,109,324,109,11.5396661758423,27.9627475738525,1096.35583496094,29.3719997406006,-11.8959999084473,41.2679977416992,22.3173332214355,-4.84066677093506,-0.932576470936044,-0.573086952747991,1.69631461997783,-0.771307754126086,-0.143014350701126,0.360072370155549,-0.0134490254846423,-0.304126781323387,-0.277733821028326,-0.0600577811557654,-90.8756011567551,41.6435313616791
"527","Population-Weighted",9.57866668701172,22.3933334350586,-4.71333312988281,906,110,27,38.8715324401855,322,109,322,109,11.4286661148071,27.844913482666,1094.1083984375,29.3680000305176,-11.6759996414185,41.0439987182617,22.3933334350586,-4.71333312988281,-0.910551626326674,-0.545338132944991,1.69234514282199,-0.756290306059768,-0.188621021762537,0.420115650585515,-0.00280648075905662,-0.296818831535409,-0.282981968014124,-0.0766840665788644,-90.7173035396053,41.6171500280376
"528","Geometric",10.0535001754761,23.0846672058105,-4.25400018692017,907,113,27,38.5164413452148,324,111,324,111,11.1803331375122,27.00563621521,1100.82495117188,30.2479991912842,-11.1520004272461,41.4000015258789,23.0846672058105,-4.25400018692017,-0.789348937592784,-0.560877736972686,1.90193110191841,-0.762505245648164,-0.113266201164378,0.585022450230612,-0.00847283573689123,-0.312944564174869,-0.302224990261732,-0.0439166784858476,-90.615678994206,41.5665665291662
"528","Population-Weighted",10.0535001754761,23.0846672058105,-4.25400018692017,907,113,27,38.5164413452148,324,111,324,111,11.1803331375122,27.00563621521,1100.82495117188,30.2479991912842,-11.1520004272461,41.4000015258789,23.0846672058105,-4.25400018692017,-0.789348937592784,-0.560877736972686,1.90193110191841,-0.762505245648164,-0.113266201164378,0.585022450230612,-0.00847283573689123,-0.312944564174869,-0.302224990261732,-0.0439166784858476,-90.5889802086444,41.5573079378525
"530","Geometric",7.31099987030029,19.9680004119873,-6.45466661453247,811,106,26,39.0673408508301,298,97,280,97,10.6079998016357,26.4011936187744,1066.16516113281,27.2600002288818,-12.9200000762939,40.1800003051758,19.0086669921875,-6.45466661453247,-1.57371656472467,-0.537887420400988,0.961526621790107,-0.641878109275189,-0.573273489599693,0.658699769690898,0.0276340667367518,-0.24472323721129,-0.185306766554476,0.0629954951414406,-88.2449426835358,43.5165310225134
"530","Population-Weighted",7.41533327102661,19.953332901001,-6.21466684341431,811,104,26,38.1107215881348,295,100,280,100,10.6906661987305,26.6706581115723,1056.392578125,27.2999992370605,-12.7840003967285,40.0839996337891,19.0513324737549,-6.21466684341431,-1.51985178344894,-0.531013969126705,0.949892924107905,-0.576949096440327,-0.581776784596381,0.621282709337398,0.0516897328517038,-0.247823366242382,-0.189659435731848,0.0476687162019548,-88.1875144805621,43.361269274455
"531","Geometric",8.05466651916504,20.5860004425049,-5.6526665687561,861,104,30,34.6709213256836,302,115,302,115,11.014666557312,27.3479671478271,1057.51440429688,27.8999996185303,-12.3759994506836,40.2760009765625,20.5860004425049,-5.6526665687561,-1.28002825779376,-0.706258810198841,1.24606680009197,-0.465417378649047,-0.474400693719393,0.418018487593607,0.113917049199412,-0.243068630146218,-0.227847917168084,-0.0179044714441758,-88.3262234142127,42.7553153892484
"531","Population-Weighted",8.03483295440674,20.4466667175293,-5.45133304595947,848,99,30,33.9207458496094,294,117,294,117,10.4916667938232,26.5343112945557,1045.19982910156,27.4759998321533,-12.0640001296997,39.5400009155273,20.4466667175293,-5.45133304595947,-1.30620837054652,-0.757400763465494,1.17494639873548,-0.369885279381379,-0.661830067908808,0.608373499855438,0.152282826177086,-0.177209628914387,-0.212685554163665,-0.0285940710646983,-88.1489905545446,42.8000720240094
"532","Geometric",8.57516670227051,21.1000003814697,-4.86800003051758,824,99,31,33.1944694519043,283,118,282,118,10.1763334274292,25.7915992736816,1048.83752441406,28.068000793457,-11.3879995346069,39.4560012817383,20.3080005645752,-4.86800003051758,-1.1958646757421,-0.715292587549499,1.25718848304614,-0.251701376886723,-0.637221652610175,0.844204790288544,0.152147164490117,-0.163539847641057,-0.163001922977474,-0.000970128237476039,-87.9725515736298,43.0640703433912
"532","Population-Weighted",8.57516670227051,21.1000003814697,-4.86800003051758,824,99,31,33.1944694519043,283,118,282,118,10.1763334274292,25.7915992736816,1048.83752441406,28.068000793457,-11.3879995346069,39.4560012817383,20.3080005645752,-4.86800003051758,-1.1958646757421,-0.715292587549499,1.25718848304614,-0.251701376886723,-0.637221652610175,0.844204790288544,0.152147164490117,-0.163539847641057,-0.163001922977474,-0.000970128237476039,-87.9691559779155,43.0504038708424
"534","Geometric",8.24216651916504,20.4546661376953,-4.86533355712891,881,101,35,30.9705047607422,290,130,289,130,9.73099994659424,25.5031967163086,1024.16662597656,26.8959999084473,-11.2600002288818,38.1559982299805,19.8560009002686,-4.86533355712891,-1.20907241092022,-1.11204152855402,1.10658868787431,-0.177618735610208,-0.866390312217326,0.831671832416264,0.18681507041208,-0.103093274263001,-0.143573255549218,0.00591362393049163,-87.8351567974871,42.7491391274184
"534","Population-Weighted",8.43266677856445,20.546667098999,-4.46133327484131,887,100,35,30.6530380249023,289,131,287,131,9.49866676330566,25.152702331543,1012.82916259766,26.92799949646,-10.8359994888306,37.7639999389648,20.0486660003662,-4.46133327484131,-1.13398135975059,-1.14490317839359,1.11323588192805,-0.149236223509159,-0.939938826527482,0.928168945162575,0.205682146178095,-0.0848444617618334,-0.149280823213127,0.0179836043471369,-87.8262216023475,42.7337688751712
"535","Geometric",7.35616683959961,20.25,-6.99200010299683,847,106,29,39.1581268310547,308,103,308,103,11.8436670303345,28.0629005432129,1099.53771972656,27.8479995727539,-14.3559999465942,42.2039985656738,20.25,-6.99200010299683,-1.60182398175567,-0.48188566643493,1.25492957709154,-0.696997882342238,-0.187332022294621,0.109181537295124,0.00230825561806125,-0.250169979562088,-0.212531444627839,-0.0251867985440691,-89.6770889461645,42.94314729092
"535","Population-Weighted",7.55649995803833,20.3773326873779,-6.73999977111816,834,103,29,38.4503974914551,301,102,301,102,11.9289999008179,28.2892246246338,1095.35583496094,28.076000213623,-14.0920000076294,42.1679992675781,20.3773326873779,-6.73999977111816,-1.54317476625249,-0.390347724641007,1.25771068189289,-0.617503830790974,-0.177383893847147,0.122528183003696,0.0420499512024391,-0.250624919645853,-0.203566956987848,-0.0299216713909722,-89.3654740137901,42.9369019682481
"537","Geometric",7.95149993896484,20.753999710083,-6.09800004959106,827,104,29,38.7997665405273,302,101,302,101,11.4583330154419,27.4254035949707,1086.80358886719,28.3959999084473,-13.3839998245239,41.7799987792969,20.753999710083,-6.09800004959106,-1.42286959314682,-0.429689270021401,1.34348142635471,-0.630254604620089,-0.267158335104941,0.331372760183407,0.018890819799205,-0.229010573298315,-0.218080880357018,0.00217205829982611,-89.3829246789889,43.0740265372099
"537","Population-Weighted",7.95149993896484,20.753999710083,-6.09800004959106,827,104,29,38.7997665405273,302,101,302,101,11.4583330154419,27.4254035949707,1086.80358886719,28.3959999084473,-13.3839998245239,41.7799987792969,20.753999710083,-6.09800004959106,-1.42286959314682,-0.429689270021401,1.34348142635471,-0.630254604620089,-0.267158335104941,0.331372760183407,0.018890819799205,-0.229010573298315,-0.218080880357018,0.00217205829982611,-89.4020438450739,43.0703284949793
"538","Geometric",7.90950012207031,21.1019992828369,-6.78333330154419,850,112,23,44.7953720092773,325,83,325,83,11.3703336715698,26.892936706543,1125.42687988281,28.3839988708496,-13.8959999084473,42.2799987792969,21.1019992828369,-6.78333330154419,-1.53773081162005,-0.358280102950805,1.48009862939232,-1.10749652146162,-0.231946720816401,0.38515818224223,-0.183543317968564,-0.307699487389882,-0.320133299905155,-0.0216299059354202,-90.7427154581269,42.8765394286073
"538","Population-Weighted",7.85449981689453,20.9766654968262,-6.7519998550415,860,114,23,45.0047378540039,329,84,329,84,11.2963333129883,26.8525562286377,1119.66528320312,28.2040004730225,-13.8639993667603,42.068000793457,20.9766654968262,-6.7519998550415,-1.53010716242033,-0.427363824847672,1.44983067337638,-1.14342248536577,-0.270361294956264,0.379367578671499,-0.203296178265854,-0.311621645088249,-0.328271528593733,-0.0117019381814562,-90.6903154598375,42.8313052465455
"539","Geometric",7.33750009536743,20.4160003662109,-7.15199995040894,829,105,27,41.7620277404785,302,90,301,90,12.1283330917358,28.2869987487793,1113.01977539062,28.1119995117188,-14.7639999389648,42.8759994506836,19.2466659545898,-7.15199995040894,-1.67534112096507,-0.24577714073921,1.19912939276486,-0.759175087491511,-0.0630945300185355,0.112618896469494,-0.112424038473374,-0.304796425056293,-0.180334919806182,-0.0234661056500435,-89.5465099029595,43.6348151665383
"539","Population-Weighted",7.51599979400635,20.6359996795654,-6.95333337783813,850,106,28,41.4237747192383,311,93,311,93,12.054666519165,28.1230564117432,1112.4853515625,28.4039993286133,-14.460000038147,42.8639984130859,20.6359996795654,-6.95333337783813,-1.58057859178794,-0.325384891568241,1.36916033766875,-0.809884503003783,-0.0769372142796873,0.0962842403447745,-0.0581922078312455,-0.273879325027814,-0.229168921992799,-0.0178112531726754,-89.4626196663652,43.5812152942283
"540","Geometric",6.48516654968262,20.4733333587646,-9.24733352661133,790,114,20,51.8077239990234,321,72,321,72,12.0369997024536,26.6140441894531,1202.07250976562,28.076000213623,-17.1520004272461,45.2280006408691,20.4733333587646,-9.24733352661133,-2.20838920280163,-0.0501684257980262,1.47002604483684,-1.41277255545829,0.130895704999777,0.164767320542011,-0.301708334283768,-0.224972369005893,-0.25730294856979,-0.0332361125902828,-92.4735365604057,45.0898771389474
"540","Population-Weighted",6.59450006484985,20.542667388916,-9.07133293151855,790,114,20,52.0663604736328,321,71,321,71,11.9143333435059,26.5116443634033,1196.96936035156,28.0960006713867,-16.8439998626709,44.9400024414062,20.542667388916,-9.07133293151855,-2.16094035377654,-0.0578020818279324,1.4706556132582,-1.41959944879883,0.0828691723411308,0.215281382942086,-0.307268354495886,-0.21850615194732,-0.256194313515715,-0.0272528886181585,-92.5702401746803,45.0501949818829
"541","Geometric",5.95149993896484,19.0219993591309,-8.28400039672852,798,96,26,36.7015113830566,273,101,270,101,12.385666847229,28.5515594482422,1104.92150878906,27.2520008087158,-16.1280002593994,43.3800010681152,18.0206661224365,-8.28400039672852,-2.07251195416989,-0.185147760096758,0.85568155753503,-0.424092790108126,-0.0533397943597087,-0.0181831492379546,0.112122479203364,-0.29563465408856,-0.147089173228341,-0.0371570407246188,-88.2490647744678,45.0763191196564
"541","Population-Weighted",6.46783351898193,19.4473323822021,-7.75600004196167,770,89,25,35.0343742370605,265,100,265,100,11.5290002822876,27.3769950866699,1099.24194335938,27.2560005187988,-14.8559999465942,42.1119995117188,19.4473323822021,-7.75600004196167,-1.9583665046528,-0.195089993165861,0.979914877113453,-0.340952086482361,-0.349974476259389,0.3301048172009,0.226090998608953,-0.221151140616276,-0.198296347843989,-0.0774463704378943,-88.1907796939316,44.6809741996422
"542","Geometric",6.80999994277954,19.0873336791992,-6.33666658401489,780,90,31,30.5431251525879,260,113,255,113,9.81066703796387,25.5992774963379,1029.24890136719,25.9519996643066,-12.3719997406006,38.3239974975586,18.3893337249756,-6.33666658401489,-1.69365148026806,-0.744653520848339,0.702557787223735,-0.0553816962537267,-0.999593418526218,0.851321337296187,0.28230101048966,-0.114674967872186,-0.128222078554901,0.0088825335498445,-87.5771192262057,44.5549743307205
"542","Population-Weighted",6.71383333206177,19.0386657714844,-6.6060004234314,762,89,29,31.9688949584961,257,107,257,107,9.82033348083496,25.4755973815918,1037.48266601562,25.8279991149902,-12.7200002670288,38.5480003356934,19.0386657714844,-6.6060004234314,-1.77260072705624,-0.639952429293945,0.742001476659743,-0.150908784267403,-1.03258763356964,0.848135764305055,0.293430688300305,-0.0881160138290876,-0.169109338316518,-0.00374289990355753,-87.6710847171857,44.3816003845092
"543","Geometric",7.53533363342285,20.5533332824707,-6.51733350753784,754,88,25,35.0096092224121,264,97,264,97,10.8726673126221,26.2624797821045,1093.67797851562,28.0880012512207,-13.3120002746582,41.4000015258789,20.5533332824707,-6.51733350753784,-1.66585012738144,-0.173361756336416,1.21079335972425,-0.317148036095793,-0.462294935088353,0.687988571458356,0.222511959944873,-0.19347950183488,-0.219966499548001,-0.0624652317818776,-88.0002852468793,44.526959150731
"543","Population-Weighted",7.53533363342285,20.5533332824707,-6.51733350753784,754,88,25,35.0096092224121,264,97,264,97,10.8726673126221,26.2624797821045,1093.67797851562,28.0880012512207,-13.3120002746582,41.4000015258789,20.5533332824707,-6.51733350753784,-1.66585012738144,-0.173361756336416,1.21079335972425,-0.317148036095793,-0.462294935088353,0.687988571458356,0.222511959944873,-0.19347950183488,-0.219966499548001,-0.0624652317818776,-88.0289470770953,44.5136389960081
"544","Geometric",5.54716682434082,19.0693340301514,-9.45266628265381,826,109,22,45.5861473083496,312,84,302,84,11.6123332977295,26.6582489013672,1151.5,26.6599998474121,-16.8999996185303,43.5599975585938,17.8286666870117,-9.45266628265381,-2.33616076768579,-0.361220698686771,0.965230582357235,-1.06294046370425,-0.145340798248461,0.201115227291567,-0.208995086678158,-0.290491068287219,-0.204599179657159,-0.0217055497674543,-89.8390255696115,44.9308035811134
"544","Population-Weighted",5.79150009155273,19.1686668395996,-9.02799987792969,818,106,22,45.8973617553711,309,83,300,83,11.2763338088989,26.3810901641846,1138.87841796875,26.57200050354,-16.1720008850098,42.7440032958984,17.953332901001,-9.02799987792969,-2.24199125573454,-0.369791675742479,0.945174599426589,-1.03388186345352,-0.295008186259053,0.33447236101193,-0.206868239292287,-0.250844392856881,-0.193369476009264,-0.0304574378257807,-89.7873803329457,44.80472323331
"545","Geometric",4.23416662216187,17.6000003814697,-10.5953330993652,812,111,22,45.1449203491211,311,87,306,87,11.83899974823,27.186092376709,1143.17883300781,24.992000579834,-18.5559997558594,43.5480003356934,16.4713344573975,-10.5953330993652,-2.70014782499447,-0.489935624978026,0.627889112690957,-1.08806894662529,-0.247991902923749,-0.0707604923871358,-0.217161615587313,-0.2745564678534,-0.21347837101893,-0.0215918797321687,-89.8231810611046,45.8777507434219
"545","Population-Weighted",4.2591667175293,17.5820007324219,-10.6126661300659,806,110,22,45.2625999450684,309,86,304,86,12.0123329162598,27.5461692810059,1142.9541015625,25.0520000457764,-18.5559997558594,43.6080017089844,16.4179992675781,-10.6126661300659,-2.68841224834698,-0.432440901833971,0.609236550058011,-1.07276333099554,-0.218890846861399,-0.122118444275886,-0.211289104504722,-0.279730892644517,-0.201804384713173,-0.0266442442996664,-89.745377777738,45.8302277637303
"546","Geometric",7.25216674804688,20.6786670684814,-7.82666683197021,814,106,22,47.4847984313965,312,77,311,77,11.7996664047241,26.9324989318848,1152.36975097656,28.2399997711182,-15.57200050354,43.8120002746582,19.5839996337891,-7.82666683197021,-1.8880919586835,-0.115133333884108,1.34666645941954,-1.09001140192857,-0.0298179385733083,0.291503432499977,-0.266760994423604,-0.2796207467957,-0.22448680523698,-0.0506866406185291,-90.8768245418777,43.9354289067028
"546","Population-Weighted",7.46966695785522,20.8740005493164,-7.56400012969971,802,105,22,47.3993682861328,307,78,307,78,11.5,26.4806118011475,1149.12316894531,28.2479991912842,-15.1800003051758,43.4280014038086,20.8740005493164,-7.56400012969971,-1.82730937532716,-0.110293216362064,1.43770019597139,-1.08966993397632,-0.136006735520456,0.407383231408945,-0.165962863562375,-0.197307209043803,-0.247160587614273,-0.0406335440453466,-91.0345982664526,43.90387816325
"547","Geometric",6.7848334312439,20.5846672058105,-8.67800045013428,795,111,17,52.0933494567871,314,71,314,71,11.9883337020874,26.7716236114502,1183.15942382812,28.3880004882812,-16.3920001983643,44.7799987792969,20.5846672058105,-8.67800045013428,-2.06608125438331,0.0546406421162935,1.42860329388562,-1.38837364678726,0.0799967662653755,0.248971438663899,-0.272020788071659,-0.247565758361003,-0.268831653799833,-0.0387460696091071,-91.524659408284,44.8594958592439
"547","Population-Weighted",6.7558331489563,20.5153331756592,-8.67933368682861,801,109,18,50.9876136779785,313,73,313,73,11.9956665039062,26.8671970367432,1180.341796875,28.2560005187988,-16.3920001983643,44.6480026245117,20.5153331756592,-8.67933368682861,-2.06945801348413,0.0213257521085269,1.41027363357762,-1.32314956212514,0.060223720891074,0.227345970741229,-0.247094646596415,-0.242559266859504,-0.262667743376242,-0.0531402212500211,-91.5821526776686,44.8269387066254
"548","Geometric",4.66783332824707,18.1146659851074,-10.6273326873779,808,115,22,49.6398811340332,326,79,321,79,12.5776662826538,27.7898063659668,1162.74145507812,26.0480003356934,-19.2119998931885,45.2600021362305,17.0986671447754,-10.6273326873779,-2.64234953756312,-0.290533258388984,0.85092162986721,-1.31447618610091,0.0734695565594171,-0.289952037199584,-0.353939886053804,-0.295539405129379,-0.208928483394739,0.00564044545132228,-91.6042762004945,46.060266886501
"548","Population-Weighted",5.135666847229,18.7806663513184,-10.4139995574951,782,114,20,51.6828880310059,318,70,317,70,12.5646667480469,27.5202980041504,1181.13952636719,26.6560001373291,-19,45.6559982299805,17.5593338012695,-10.4139995574951,-2.59403870844167,-0.079387665764295,0.986335793060776,-1.37513956750701,0.137983079832186,-0.16220637402488,-0.393600306656548,-0.292982854437364,-0.209884040317932,-0.00661553397243406,-91.8516500643485,45.9802855386847
"549","Geometric",7.06466674804688,20.1833343505859,-7.30866622924805,801,98,26,39.5662307739258,289,94,283,94,11.5733337402344,27.4041805267334,1108.94384765625,27.7520008087158,-14.4799995422363,42.2320022583008,18.9346675872803,-7.30866622924805,-1.78005812200016,-0.258911939583896,1.09320278563932,-0.589124409098226,-0.228299341549501,0.347632700881455,-0.00956104535751079,-0.261559973078986,-0.159888954954428,-0.047464455297495,-88.9313873365073,44.1869460452681
"549","Population-Weighted",7.17266702651978,20.3473339080811,-7.26466655731201,786,100,26,38.3089904785156,281,96,280,96,11.1453332901001,26.6609268188477,1114.76416015625,27.6599998474121,-14.1440000534058,41.8040008544922,19.1506671905518,-7.26466655731201,-1.78646533992474,-0.32442667891851,1.13374993253253,-0.547015842552794,-0.323961935303677,0.519112570276541,0.0245961238308079,-0.244498127590038,-0.171226271026155,-0.0404661550330856,-88.6310225753669,44.1523242723527
"550","Geometric",6.71299982070923,20.7086658477783,-8.96000003814697,762,113,20,51.6347007751465,316,69,316,69,11.4766674041748,25.6221351623535,1199.17797851562,28.1240005493164,-16.6680011749268,44.7919998168945,20.7086658477783,-8.96000003814697,-2.18697571455617,-0.056233264802016,1.5128939234808,-1.38637887203838,-0.00372671188075843,0.407874155334249,-0.295801537348559,-0.189343114513445,-0.263082805022671,-0.0140985961656229,-92.9756945263636,45.1562263299615
"550","Population-Weighted",7.55583333969116,21.6446666717529,-8.14400005340576,755,110,19,50.7646064758301,312,67,312,67,11.4176664352417,25.3996849060059,1203.97802734375,29.1439990997314,-15.8079996109009,44.9519996643066,21.6446666717529,-8.14400005340576,-1.97312414305499,0.0807606531080052,1.7250854219637,-1.32242458506865,0.0653107165178483,0.559507859823995,-0.263229612834592,-0.216176001122288,-0.28963692650583,-0.0319463166417106,-93.0258858959658,44.9432758241811
"551","Geometric",7.60716676712036,21.7679996490479,-8.19066715240479,756,111,19,50.8276672363281,314,67,314,67,11.4523334503174,25.363956451416,1210.45483398438,29.2999992370605,-15.8520002365112,45.1520004272461,21.7679996490479,-8.19066715240479,-1.97148327487443,0.0831079266930484,1.77309392292733,-1.34152300321604,0.106781970774283,0.55524593458561,-0.27176152639499,-0.226364582605876,-0.295227521774719,-0.0330079920434618,-93.079640769902,44.9624820957826
"551","Population-Weighted",7.73099994659424,21.8673324584961,-8.0406665802002,758,111,19,51.1717681884766,317,67,317,67,11.3733329772949,25.2426605224609,1209.06079101562,29.3680000305176,-15.6879997253418,45.0559997558594,21.8673324584961,-8.0406665802002,-1.93411977459841,0.0656887800022747,1.80103978196442,-1.36106038828485,0.0893408596794323,0.583643785853197,-0.291136007340895,-0.221622459365494,-0.299424479545557,-0.0356258702695759,-93.0978183798093,44.9444079985487
"553","Geometric",6.62683343887329,20.8753337860107,-9.35333347320557,706,101,17,54.4037742614746,292,52,292,52,11.7449998855591,25.7859840393066,1223.61535644531,28.4160003662109,-17.1319999694824,45.5480003356934,20.8753337860107,-9.35333347320557,-2.34326605763646,0.414215278549688,1.4974649240021,-1.35699551482636,0.0634428374875073,0.47585243104862,-0.26027431253804,-0.133546459135996,-0.220491432034759,-0.062632840503289,-94.0638924703322,44.9919333706908
"553","Population-Weighted",6.5,20.5613327026367,-9.27933311462402,752,108,19,51.3666648864746,312,65,312,65,11.4913330078125,25.5362968444824,1206.8212890625,28.0200004577637,-16.9799995422363,45,20.5613327026367,-9.27933311462402,-2.29613259434782,0.0276685275111122,1.48717976341992,-1.35512496790565,-0.0140294033686748,0.416920384195219,-0.284732705528398,-0.195638917200962,-0.273247354694868,-0.0475568034618352,-93.5927300387438,45.0197455018298
"554","Geometric",7.42350006103516,21.5946674346924,-8.44733333587646,753,109,19,51.1282653808594,315,68,315,68,11.3889999389648,25.2125205993652,1214.64184570312,29.076000213623,-16.0960006713867,45.1720008850098,21.5946674346924,-8.44733333587646,-2.04933721100612,0.0623309713506196,1.74745121364446,-1.34313051829707,0.0821260675047683,0.554268375769886,-0.282498200197674,-0.202862344259658,-0.285172221580177,-0.0550853219527776,-93.3166429811332,45.01077418398
"554","Population-Weighted",7.42350006103516,21.5946674346924,-8.44733333587646,753,109,19,51.1282653808594,315,68,315,68,11.3889999389648,25.2125205993652,1214.64184570312,29.076000213623,-16.0960006713867,45.1720008850098,21.5946674346924,-8.44733333587646,-2.04933721100612,0.0623309713506196,1.74745121364446,-1.34313051829707,0.0821260675047683,0.554268375769886,-0.282498200197674,-0.202862344259658,-0.285172221580177,-0.0550853219527776,-93.3097585451327,45.0018747318431
"556","Geometric",2.52366662025452,16.2940006256104,-12.6386661529541,757,103,20,45.928295135498,294,82,294,82,12.2193336486816,27.0962696075439,1172.21545410156,24.2000007629395,-20.8959999084473,45.0960006713867,16.2940006256104,-12.6386661529541,-3.2965721596901,-0.277418939454408,0.471606077135215,-1.09000597928234,-0.186402755080947,-0.278332583592999,-0.123733562469083,-0.200386416540853,-0.215907183734445,-0.0483351429235998,-91.11148948912,47.6432260716889
"556","Population-Weighted",2.47383332252502,16.1926670074463,-12.7466669082642,758,103,19,46.9221649169922,296,79,296,79,12.5023336410522,27.4438781738281,1172.46154785156,24.1400012969971,-21.4160003662109,45.5559997558594,16.1926670074463,-12.7466669082642,-3.33721728934479,-0.205189293318272,0.450072282689975,-1.14576317745014,-0.120425055371604,-0.383153600937515,-0.149924432623799,-0.215161347312901,-0.228056508804781,-0.0511496300782324,-91.5353240378415,47.3765088009897
"557","Geometric",3.41400003433228,17.3466663360596,-12.3833332061768,695,109,15,59.2777709960938,311,58,311,58,12.8233327865601,27.6388759613037,1203.79211425781,25.5160007476807,-20.8799991607666,46.3959999084473,17.3466663360596,-12.3833332061768,-3.13270351668281,0.216741396623142,0.721348238185683,-1.67083650950335,0.0684485622419047,-0.327750404268027,-0.424864741697438,-0.133184438540392,-0.171487720879935,-0.0187028089402145,-92.778752521903,47.2957512890763
"557","Population-Weighted",3.65733313560486,17.6813335418701,-12.231333732605,703,108,14,58.0438117980957,312,59,312,59,12.7340002059937,27.2957210540771,1210.60278320312,25.931999206543,-20.7200012207031,46.6520004272461,17.6813335418701,-12.231333732605,-3.09624738233102,0.224485100939516,0.830404372583346,-1.64275844646421,0.111423382104934,-0.254839922361838,-0.409094265635817,-0.172613564389267,-0.207877824208467,-0.03813094824865,-92.7879952922671,47.1276222865523
"558","Geometric",3.52466654777527,17.4406661987305,-11.8460006713867,747,101,19,49.4807929992676,301,72,301,72,10.9673328399658,24.6479091644287,1184.01428222656,24.8319988250732,-19.6639995574951,44.4959983825684,17.4406661987305,-11.8460006713867,-3.15024907150815,-0.300826894763496,0.776181322461925,-1.24692622760635,-0.398239562352393,0.282536064203454,-0.241951235792785,-0.109902210190616,-0.235489577736781,-0.0554094311002492,-92.0913136188501,46.9702431311141
"558","Population-Weighted",4.13116645812988,18.0799999237061,-11.1260004043579,779,104,20,49.2965431213379,311,74,311,74,11.2323331832886,25.2366619110107,1181.0498046875,25.8320007324219,-18.6760005950928,44.5080032348633,18.0799999237061,-11.1260004043579,-2.86944955883661,-0.308511799789249,0.947084783799219,-1.26583635366027,-0.273423899835205,0.223216186624468,-0.267429772895288,-0.172129731791555,-0.247721052533018,-0.0440684156558905,-92.139022259751,46.8111998275515
"559","Geometric",6.80166673660278,20.3979988098145,-8.5086669921875,845,116,20,49.5433654785156,333,75,333,75,11.1900005340576,25.7881641387939,1167.54455566406,27.6280002593994,-15.7639999389648,43.3919982910156,20.3979988098145,-8.5086669921875,-2.01949324283135,-0.371913541280093,1.42488320404226,-1.40873738581814,-0.195353570611559,0.390092727073538,-0.318391321137883,-0.2744958393306,-0.327328993984334,-0.0266494035132074,-92.279849125724,43.889022923581
"559","Population-Weighted",6.73899984359741,20.3740005493164,-8.63599967956543,850,116,20,49.3823585510254,333,75,333,75,11.21399974823,25.7769393920898,1172.84484863281,27.564001083374,-15.9399995803833,43.5040016174316,20.3740005493164,-8.63599967956543,-2.05490722114812,-0.377976884857926,1.42848343167359,-1.41003008423421,-0.179222152644987,0.377575359229544,-0.315110585779563,-0.277218780062038,-0.330744315445862,-0.0344706732923071,-92.3167583107855,43.9519414550966
"560","Geometric",7.14899969100952,21.1233329772949,-8.61266708374023,755,113,15,54.5591430664062,321,58,321,58,11.7019996643066,26.2188568115234,1203.93432617188,28.3959999084473,-16.2360000610352,44.6319999694824,21.1233329772949,-8.61266708374023,-2.06022216266331,0.154786720466437,1.54756664646706,-1.56928178930388,0.00569885939682283,0.406978684968936,-0.357981538532041,-0.24737136416819,-0.321020220183745,-0.0503947496935698,-94.0339297352629,44.0201742305137
"560","Population-Weighted",7.12666654586792,21.1906661987305,-8.64599990844727,753,114,15,54.6963310241699,322,58,322,58,11.768666267395,26.2015018463135,1207.08508300781,28.576000213623,-16.3400001525879,44.9160003662109,21.1906661987305,-8.64599990844727,-2.06552581368728,0.169227473069347,1.58063814058425,-1.58328448003268,0.0556306114011288,0.390824454007198,-0.365487473753918,-0.25617648136437,-0.323982580308139,-0.0408861672474672,-93.9314905624943,44.1114112920976
"561","Geometric",6.64016675949097,20.7199993133545,-8.89400005340576,680,98,14,52.5789184570312,271,51,269,51,11.8596668243408,26.5411930084229,1199.43762207031,28.1000003814697,-16.5839996337891,44.6839981079102,18.6893329620361,-8.89400005340576,-2.28486658449537,0.554823840642689,1.16320673729178,-1.15357415821004,0.0137527095167331,0.546096762511109,-0.270597066302907,-0.234627896474796,-0.163468232319874,-0.0757434990050196,-95.6518593520318,43.9318913843989
"561","Population-Weighted",6.69449996948242,20.7280006408691,-8.80200004577637,688,100,14,52.9304504394531,275,52,275,52,11.9856662750244,26.8736915588379,1196.79357910156,28.1000003814697,-16.5,44.5999984741211,20.7280006408691,-8.80200004577637,-2.20861835322553,0.555442217645166,1.29323646855464,-1.2545926952667,-0.0244804312916758,0.442319543898412,-0.14171995052641,-0.165824851094915,-0.232537800331323,-0.0574619426430376,-95.6547545794247,43.859977193429
"562","Geometric",6.55683326721191,20.9613342285156,-9.55733299255371,550,89,18,51.7111930847168,240,57,240,57,12.1456670761108,26.3623600006104,1237.81237792969,28.6000003814697,-17.4720001220703,46.0719985961914,20.9613342285156,-9.55733299255371,-2.47507965695421,0.875769972900441,1.38175730129004,-0.924564451956806,0.167850852001734,0.525669521402764,0.0112513332620481,0.0220294783237394,-0.0701908737295696,-0.0729758144579027,-95.7252918895683,45.0820956347933
"562","Population-Weighted",6.69249963760376,21.0979995727539,-9.4060001373291,534,87,18,52.123348236084,234,61,234,61,11.9449996948242,26.0967407226562,1237.01000976562,28.5960006713867,-17.1760005950928,45.7720031738281,21.0979995727539,-9.4060001373291,-2.44519454080924,0.882684189947549,1.38369970218257,-0.881492339724564,0.121133580361144,0.624742237875874,0.0385847522342005,0.0854868425393859,-0.031036095834039,-0.0860785580969497,-95.5319210919421,45.0148234899052
"563","Geometric",5.91083335876465,20.3439998626709,-10.1660003662109,691,104,18,51.8131103515625,279,60,279,60,12.0150003433228,25.9907417297363,1235.25634765625,28.1800003051758,-18.0480003356934,46.2280006408691,20.3439998626709,-10.1660003662109,-2.55656478244508,0.391112629981777,1.39543071317075,-1.23095114795226,0.187788425758592,0.357014803404223,-0.15625835809883,-0.14329089030763,-0.190076477674881,-0.031639204813636,-94.6020018703038,45.829440427755
"563","Population-Weighted",6.03499984741211,20.4833335876465,-10.0786666870117,691,105,17,53.020881652832,280,58,280,58,12.0406665802002,25.9922866821289,1237.58630371094,28.3400001525879,-17.9839992523193,46.3239974975586,20.4833335876465,-10.0786666870117,-2.52705803788906,0.435784773844613,1.42320911187456,-1.29085087802885,0.211271955204134,0.37261541026932,-0.179416735181241,-0.144086951392487,-0.193065442970465,-0.0284941930064375,-94.468982285475,45.7299979216594
"564","Geometric",4.42600011825562,18.6806659698486,-11.7940006256104,697,106,16,54.7464408874512,296,56,296,56,12.7799997329712,27.1822357177734,1235.58190917969,26.6160011291504,-20.3999996185303,47.015998840332,18.6806659698486,-11.7940006256104,-2.98844063714602,0.357656843203653,1.05030350674479,-1.45906036733503,0.230193072848387,-0.129368665094879,-0.28318666005732,-0.18182697753225,-0.212590571890188,-0.051403603014553,-94.4935342431643,46.6243604117029
"564","Population-Weighted",4.50966691970825,18.6760005950928,-11.6426668167114,692,106,16,54.5228500366211,293,56,293,56,12.3920001983643,26.6082630157471,1230.67175292969,26.3279991149902,-20.2439994812012,46.5719985961914,18.6760005950928,-11.6426668167114,-2.99521125190678,0.299874320105039,1.02854385760571,-1.4453591309986,0.113758069407423,0.00794876885374173,-0.273273946472164,-0.149097819545896,-0.21571860799021,-0.046172362186116,-94.5319723029994,46.5275028545555
"565","Geometric",4.45499992370605,19.4813327789307,-12.5533332824707,604,103,12,62.6321258544922,274,45,274,45,11.9399995803833,24.9435939788818,1300.50952148438,27.0400009155273,-20.8279991149902,47.8680000305176,19.4813327789307,-12.5533332824707,-3.25860527023751,0.682574776715198,1.24462308345296,-1.66858275987747,0.238577404099125,0.387383310904289,-0.337560838752823,0.0479459402458903,-0.105739898379937,-0.0777800136476279,-96.0827856704158,46.8490892930559
"565","Population-Weighted",4.80766677856445,19.6106662750244,-11.9886665344238,569,95,11,61.4054679870605,253,42,253,42,11.8833332061768,25.1914978027344,1282.69995117188,27.1480007171631,-20.0240001678467,47.1720008850098,19.6106662750244,-11.9886665344238,-3.14603004861134,0.879353695245458,1.1612839374797,-1.48672891305724,0.134401011942781,0.508418149105515,-0.229477779625105,0.076700677986887,-0.0767905252775229,-0.089214498186159,-96.3131085013402,46.7945497394966
"566","Geometric",3.23250007629395,17.8053340911865,-13.5246667861938,653,102,14,58.3332481384277,286,55,286,55,12.7476663589478,26.5642795562744,1268.52429199219,25.488000869751,-22.5,47.9879989624023,17.8053340911865,-13.5246667861938,-3.51120421851445,0.444847113394583,0.875104337533376,-1.55548171523378,0.242317348439259,-0.162685901361437,-0.305299973802971,-0.0500945621135572,-0.141265744968815,-0.098522171238786,-94.353108290717,47.9088153276936
"566","Population-Weighted",3.39400005340576,18.1206665039062,-13.3606662750244,630,99,12,60.133487701416,281,51,281,51,12.4259996414185,25.9242248535156,1274.46362304688,25.6480007171631,-22.2840003967285,47.931999206543,18.1206665039062,-13.3606662750244,-3.51162573526323,0.5456244080621,0.925776703361161,-1.59687912705581,0.186351032073796,0.0208864806733167,-0.31969858650741,-0.00125977067351235,-0.137439517084303,-0.11636034069802,-94.6530175449721,47.6807220344898
"567","Geometric",3.14316654205322,18.216667175293,-14.0220003128052,520,94,11,65.1217956542969,243,43,243,43,12.150333404541,25.1893463134766,1308.5361328125,25.9759998321533,-22.2600002288818,48.2360000610352,18.216667175293,-14.0220003128052,-3.7090357683726,0.938239348994804,0.878544498664034,-1.57025660176537,0.195775510385815,0.312228138401365,-0.258037185431373,0.202400247236885,0.0353367508959747,-0.0863128343454413,-96.2266573030446,48.4261203787846
"567","Population-Weighted",3.73900008201599,18.8660011291504,-13.4399995803833,516,89,11,63.9602165222168,238,42,238,42,11.9420003890991,24.9331893920898,1313.0986328125,26.5440006256104,-21.3519992828369,47.8959999084473,18.8660011291504,-13.4399995803833,-3.5536509079556,1.00825569074654,1.01266796399024,-1.47362059122993,0.168830679652006,0.47470614285556,-0.216237357929154,0.206009412390418,0.0303664241191813,-0.12274807278502,-96.3937946992105,48.1580359732995
"570","Geometric",7.60449981689453,21.5806674957275,-7.72133350372314,619,95,13,53.442699432373,249,48,240,48,12.7096662521362,28.2411937713623,1186.11694335938,29.4160003662109,-15.5880002975464,45.0040016174316,19.4333324432373,-7.72133350372314,-1.9335287587031,1.02048922543001,1.19327126234499,-1.01083156254632,0.250603856846842,0.472384710109151,-0.145693104576001,-0.222964857841893,-0.0816818804593475,-0.0324508831321051,-97.0661992139644,43.4718262883347
"570","Population-Weighted",7.74366664886475,21.7093334197998,-7.57200002670288,615,95,12,54.8968772888184,251,45,243,45,12.8359994888306,28.468770980835,1184.67993164062,29.5520000457764,-15.53600025177,45.0880012512207,19.6013336181641,-7.57200002670288,-1.88654069699817,1.09147508197717,1.21328808852717,-1.07590706672335,0.271089614047701,0.443457437618028,-0.177931664159628,-0.22287259118015,-0.0874440696083516,-0.0359464291109357,-96.9030579863966,43.3965749971164
"571","Geometric",7.6303334236145,21.757999420166,-7.71866655349731,610,90,13,53.0256881713867,239,46,236,46,12.5593328475952,27.6930084228516,1191.70153808594,29.7159996032715,-15.6359996795654,45.3519973754883,19.5233325958252,-7.71866655349731,-1.97987685891291,1.09499106488669,1.26166663923744,-0.933139314848705,0.255047879209146,0.569487721907919,-0.142858006119327,-0.205515043900279,-0.0758110870926556,-0.0528478747724709,-96.7517707822017,43.5504416955225
"571","Population-Weighted",7.9355001449585,22.2026672363281,-7.48533344268799,606,90,12,53.8972091674805,240,44,238,44,12.4803333282471,27.3140449523926,1199.94055175781,30.3039989471436,-15.3879995346069,45.6919975280762,19.9153327941895,-7.48533344268799,-1.91955775028648,1.1584125516797,1.39021236014952,-0.972670543187058,0.312769839104451,0.659006076808602,-0.174293704361031,-0.214740108288901,-0.0874821596347245,-0.0541979265325607,-96.7376824837674,43.5242033980767
"572","Geometric",6.01883316040039,20.4939994812012,-9.90333366394043,544,93,10,61.5105056762695,243,35,241,35,12.6676664352417,27.4049549102783,1231.95629882812,28.5319995880127,-17.6920013427734,46.2239990234375,18.3173332214355,-9.90333366394043,-2.54948380250476,1.21693741652628,1.02611455736079,-1.31308754081524,0.251812747111708,0.437738638061742,-0.323033469077141,-0.0860063522585939,-0.00101989320955853,-0.0490144836627892,-97.1695342520483,45.0441026377628
"572","Population-Weighted",5.9375,20.3579998016357,-9.92866706848145,554,94,10,60.6768226623535,245,35,243,35,12.6283330917358,27.3435249328613,1227.52966308594,28.42799949646,-17.7560005187988,46.1839981079102,18.1513328552246,-9.92866706848145,-2.56550302221122,1.16734126563315,1.00303164368446,-1.30731917041889,0.233030205943787,0.429176282917496,-0.32479947514154,-0.116237152365273,-0.0230844563564828,-0.0404379656807914,-97.0653483079497,45.0141502091892
"573","Geometric",8.21733379364014,22.314001083374,-6.69266653060913,541,87,10,58.8589210510254,241,36,212,36,13.1840000152588,29.160400390625,1173.64611816406,30.7759990692139,-14.4359998703003,45.2119979858398,19.7913341522217,-6.69266653060913,-1.65931489369535,1.55609504852707,1.17553287316869,-1.03380722610962,0.400515151049244,0.560728503415296,-0.140439044671932,-0.163665883341051,0.0256381644427214,0.011673545717133,-98.5169526610251,43.9104169221933
"573","Population-Weighted",8.2810001373291,22.3540000915527,-6.77066659927368,556,88,11,57.346134185791,242,37,214,37,13.1119995117188,29.0602836608887,1179.05456542969,30.6079998016357,-14.5120000839233,45.1199989318848,19.9580001831055,-6.77066659927368,-1.67280750217115,1.47939284376021,1.21009000453709,-1.00583310707978,0.382507068981654,0.56278038034901,-0.113263427798854,-0.176174717800191,0.00398301240645527,0.0020519576944905,-98.3057571344893,43.8598907197519
"574","Geometric",6.34483337402344,20.7766666412354,-9.40999984741211,499,87,10,61.7301025390625,226,33,212,33,13.5649995803833,28.8396129608154,1223.29577636719,29.6000003814697,-17.435998916626,47.0359992980957,18.4739990234375,-9.40999984741211,-2.39742942032044,1.61974148656684,0.986803126389672,-1.14086915031885,0.521907120506297,0.291333219466284,-0.202119431719637,-0.0822255490884491,0.0893312591236866,-0.00521384721662248,-98.9145850397512,45.360460300104
"574","Population-Weighted",6.29616689682007,20.8346672058105,-9.64133262634277,511,85,10,59.6996040344238,226,34,215,34,13.4736671447754,28.3656139373779,1234.90869140625,29.7000007629395,-17.7999992370605,47.5,18.4033336639404,-9.64133262634277,-2.48513949742167,1.57877210111605,1.06034133468716,-1.08019136138756,0.558603860444496,0.320807337236887,-0.200244614548881,-0.125044487294569,0.0531436234473484,-0.036636565382131,-98.6863798687603,45.3867482726176
"575","Geometric",8.61783313751221,22.2666664123535,-5.30800008773804,486,80,11,60.2322006225586,224,35,190,35,14.2930002212524,31.7989673614502,1117.09252929688,31.6480007171631,-13.3000001907349,44.9480018615723,19.5006675720215,-5.30800008773804,-1.27635398748763,1.95945473554405,0.959115048056246,-0.839500314905326,0.530395399278141,0.266837061562872,-0.0739371264293445,-0.141194630412642,0.145226329775519,0.0758327864662602,-100.631372755985,43.8431140666966
"575","Population-Weighted",8.8556661605835,22.5126667022705,-5.1100001335144,484,79,10,60.6230087280273,223,34,188,34,14.4973335266113,32.1676864624023,1118.80822753906,31.9079990386963,-13.1599998474121,45.068000793457,19.7553329467773,-5.1100001335144,-1.20603172392641,2.05258445070239,0.992555432254876,-0.84486903374577,0.589005758513027,0.238053027019841,-0.0617053735004317,-0.151924845285546,0.143560991309558,0.0622503329713168,-100.591678823053,43.7985801197887
"576","Geometric",6.91216659545898,21.1579990386963,-8.02266693115234,440,80,8,67.0997848510742,213,30,180,30,13.6643333435059,29.5381183624268,1182.51000976562,30.3039989471436,-15.9559993743896,46.2599983215332,18.3073329925537,-8.02266693115234,-2.07337435941784,1.97817477901649,0.809916451385105,-1.10658496871796,0.504431815148277,0.45469279834051,-0.179310401867326,0.0502326542943917,0.246964962212978,0.0554710674923983,-101.590078806387,45.3885673738158
"576","Population-Weighted",6.91333293914795,20.982666015625,-7.80933332443237,449,82,8,65.4154052734375,211,32,185,32,13.2959995269775,29.3276863098145,1168.48803710938,29.7919998168945,-15.5440006256104,45.3359985351562,18.3360004425049,-7.80933332443237,-2.03561966808743,1.83353671682316,0.758196035016665,-1.08342363997614,0.317354541177896,0.523194800637893,-0.15932733271123,0.0421624170636245,0.202975753030067,0.0516067801852297,-101.238843389018,45.3774450923701
"577","Geometric",8.46883296966553,21.25,-3.8066668510437,477,80,12,59.1380500793457,217,40,184,40,15.1736669540405,35.3533706665039,1018.26428222656,30.8319988250732,-12.0880002975464,42.9199981689453,18.3120002746582,-3.8066668510437,-0.872434459356695,2.00614145807532,0.432213333441813,-0.681581683660113,0.343488627425093,-0.180206419250521,-0.01275691163466,-0.174755034425258,0.186007894849352,0.126629148638728,-103.13512101967,44.24230424312
"577","Population-Weighted",8.28783321380615,20.5480003356934,-3.1879997253418,460,85,9,68.7025375366211,226,28,189,28,14.6350002288818,35.6117401123047,966.693054199219,29.7880001068115,-11.3079996109009,41.0960006713867,17.7119998931885,-3.1879997253418,-0.750344681026083,2.01316322403742,0.0976835571999635,-1.06669949368216,-0.0341966938687903,-0.0692170180749652,-0.195631184847347,-0.0282002196734663,0.245723474862637,0.19739473154062,-103.2759303083,44.106820207223
"580","Geometric",5.33116674423218,20.2786674499512,-11.4246664047241,489,81,9,62.535572052002,218,33,218,33,12.7296667098999,26.5201396942139,1287.15856933594,28.3999996185303,-19.6000003814697,48,18.1893329620361,-11.4246664047241,-3.03539608753084,1.48559522487104,1.06062009966379,-1.20607874879117,0.411269315094949,0.499467732147609,-0.252386452609332,0.0418857090683963,0.0780228321104823,-0.135680148949662,-97.3862977250438,46.6554899469111
"580","Population-Weighted",5.51399993896484,20.4033336639404,-11.2726669311523,499,82,10,61.5755996704102,222,35,222,35,12.5513334274292,26.2426471710205,1287.74951171875,28.435998916626,-19.3920001983643,47.8279991149902,20.4033336639404,-11.2726669311523,-2.96809974274959,1.4224543590496,1.24559880758151,-1.25287167324531,0.329584990175215,0.511331146122147,-0.097980883872023,0.120644753298018,0.000566987914419892,-0.117205329727865,-97.0972551732992,46.6975557988117
"581","Geometric",5.73099994659424,21.3353328704834,-11.4046669006348,537,89,13,56.9918212890625,232,44,231,44,12.2053337097168,25.0047798156738,1325.04260253906,29.5400009155273,-19.2719993591309,48.8120002746582,19.0100002288818,-11.4046669006348,-2.97995094666814,1.16444156864069,1.48204129240941,-1.10832248059981,0.5862174679239,0.703524700874487,-0.232715556497012,-0.0607141852488711,0.0123208101182433,-0.127866739284265,-96.8362106508032,46.8664115881727
"581","Population-Weighted",5.80200004577637,21.5006675720215,-11.3646659851074,540,89,13,56.6356391906738,232,44,231,44,12.1260004043579,24.757043838501,1329.02294921875,29.7639999389648,-19.2159996032715,48.9799995422363,19.1380004882812,-11.3646659851074,-2.972872930373,1.16250982136487,1.53804672175078,-1.09846230189727,0.609148975087958,0.750692554714519,-0.232342178653683,-0.0711329513582958,0.00443395425378246,-0.127918695209304,-96.8278388489655,46.8529139868097
"582","Geometric",3.91250014305115,19.246000289917,-13.2993335723877,475,82,12,61.7355270385742,220,40,220,40,12.2143335342407,25.429573059082,1324.44018554688,27.1160011291504,-20.9160003662109,48.0320014953613,19.246000289917,-13.2993335723877,-3.50289974013486,1.23034738368226,1.06231531540629,-1.2646202896539,0.247142966159156,0.487550743648144,-0.101784838956732,0.209984970655495,0.0645436046207581,-0.144682893965124,-97.7239147513056,48.2536240626122
"582","Population-Weighted",4.29699993133545,19.4793338775635,-12.7273330688477,476,78,14,57.5290718078613,215,45,215,45,11.996000289917,25.2249984741211,1307.35791015625,27.3680000305176,-20.1879997253418,47.5559997558594,19.4793338775635,-12.7273330688477,-3.36994162877132,1.16344525059664,1.10795524980814,-1.04778779014266,0.17701501448403,0.579985276325145,-0.0134526559544265,0.184801958827629,0.0493670138301279,-0.14917291894445,-97.2822958942499,48.0081251185012
"583","Geometric",3.81066679954529,18.8686676025391,-12.8280000686646,441,76,11,59.6106758117676,200,42,200,42,12.28600025177,26.0340728759766,1289.63720703125,26.7240009307861,-20.4680004119873,47.1920013427734,18.8686676025391,-12.8280000686646,-3.44137084755731,1.34559884114116,0.835545977038319,-1.0611714540284,0.112985910120446,0.490694005120156,0.0235285756636217,0.228689779849716,0.0857438806284925,-0.135206481113035,-99.333583963873,48.3171831794565
"583","Population-Weighted",3.88733339309692,18.9046669006348,-12.6859998703003,441,76,11,58.7374496459961,198,42,198,42,12.2446670532227,25.9267101287842,1285.8427734375,26.7919998168945,-20.435998916626,47.2279968261719,18.9046669006348,-12.6859998703003,-3.42607610893354,1.34531042210335,0.843572695795203,-1.0260252298725,0.110661903777503,0.516080441854623,0.0417535506873142,0.214507844396281,0.0717095140322409,-0.125595352636935,-99.4101356692671,48.2582134165081
"584","Geometric",4.74383354187012,19.5486660003662,-11.3826665878296,435,87,8,70.815559387207,213,27,209,27,12.4676666259766,26.6517028808594,1254.27502441406,27.7240009307861,-19.0559997558594,46.7799987792969,17.1453323364258,-11.3826665878296,-3.02900987258664,1.55363001482183,0.7186601022668,-1.44873016221346,0.201335894388153,0.576423639700935,-0.378019104544439,0.199989829911542,0.222468072369906,-0.0182018899476615,-99.1138344035087,46.8797837637201
"584","Population-Weighted",4.84716653823853,19.5219993591309,-11.1893329620361,443,87,8,70.0715789794922,215,27,212,27,12.7036666870117,27.2447166442871,1246.14868164062,27.8159999847412,-18.8120002746582,46.6279983520508,17.2259998321533,-11.1893329620361,-2.94702439911348,1.56844796107671,0.706051618193076,-1.4315704903253,0.215385086130291,0.480336111514199,-0.365756297492991,0.161057155300275,0.203910766372994,-0.0202975098383213,-99.0210075852661,46.8677559962901
"585","Geometric",5.76866674423218,20.2473335266113,-9.72133350372314,427,73,10,64.1425476074219,200,30,189,30,13.4833335876465,28.7957744598389,1213.57739257812,29.1040000915527,-17.7200012207031,46.8240013122559,17.7353324890137,-9.72133350372314,-2.5783477482924,1.8639625600478,0.764253362092708,-0.991859822983128,0.392942005243521,0.358216377772516,-0.173177309839609,0.0847575887411368,0.217694646502176,-0.0418565498876282,-101.021763210051,46.7263138562539
"585","Population-Weighted",5.90700006484985,20.4813327789307,-9.7480001449585,428,73,9,64.5425415039062,202,29,192,29,13.2253332138062,28.0983543395996,1223.6171875,29.2679996490479,-17.7999992370605,47.068000793457,17.9873332977295,-9.7480001449585,-2.60841357288664,1.85243301979203,0.858710175875344,-1.03574888788725,0.390094386643958,0.472906270025045,-0.198387473606806,0.0874183841611006,0.194078822065225,-0.0549117147368669,-100.890642428448,46.8093636416049
"586","Geometric",5.86399984359741,19.7786674499512,-8.45466709136963,414,86,9,68.9526519775391,203,29,179,29,13.8793334960938,30.6278877258301,1144.57409667969,28.8880004882812,-16.42799949646,45.3160018920898,17.0866661071777,-8.45466709136963,-2.20330705623357,1.91467476352742,0.39764053964031,-1.16517147068591,0.307723514022789,0.213449739974121,-0.198883001939989,0.104635165110885,0.294672160228055,0.135334505341033,-102.980588728462,46.753155346301
"586","Population-Weighted",5.88316679000854,20.0820007324219,-8.76333332061768,424,87,9,67.8481903076172,204,27,184,27,14.0229997634888,30.3318042755127,1167.82421875,29.2840003967285,-16.9479999542236,46.2320022583008,17.4333324432373,-8.76333332061768,-2.27859093249427,1.94046055493268,0.554611147303924,-1.17221990308007,0.445832687955489,0.186005600649162,-0.204853722039507,0.0529190376027258,0.25150009818742,0.123693321808388,-102.777196029219,46.8789234971055
"587","Geometric",4.10683345794678,18.5386657714844,-11.9519996643066,441,86,12,63.3462142944336,206,41,192,41,13.1836671829224,27.6967792510986,1241.00061035156,27.2000007629395,-20.3999996185303,47.5999984741211,16.2546672821045,-11.9519996643066,-3.21479495765793,1.45135111866939,0.512737820265251,-1.10602271112576,0.37513518618312,0.232043500493924,-0.170763858856901,0.13030083011588,0.229147083314892,0.0208020473300024,-101.669527029953,48.3458216367941
"587","Population-Weighted",4.13016653060913,18.6520004272461,-11.8693332672119,445,84,12,61.1361465454102,204,43,191,43,12.8356666564941,27.2450046539307,1240.44641113281,26.9559993743896,-20.1560001373291,47.1119995117188,16.3600006103516,-11.8693332672119,-3.21818762397636,1.36836635571485,0.526663541650997,-1.02860845353036,0.266022469552974,0.348444904369111,-0.127966272615664,0.123824854174263,0.19843453538982,-0.0100082284458412,-101.549391090725,48.2027011001926
"588","Geometric",5.58016681671143,20.2726669311523,-10.1473331451416,365,63,9,59.6950378417969,170,35,158,35,13.7343330383301,28.7690277099609,1229.51818847656,29.3159999847412,-18.423999786377,47.7399978637695,17.7000007629395,-10.1473331451416,-2.75955875508487,2.11035541813982,0.740813690144773,-0.663747324788319,0.523596516070003,0.390632408863614,0.0302186772208418,0.0944544109592002,0.245426444613695,-0.0849560659236155,-103.527767820267,48.1588896830718
"588","Population-Weighted",5.52533340454102,19.9780006408691,-9.97733306884766,368,65,9,60.778133392334,173,34,158,34,13.5133333206177,28.7419891357422,1211.802734375,28.8199996948242,-18.1959991455078,47.015998840332,17.4860000610352,-9.97733306884766,-2.73127813345693,2.03757461111794,0.625480230208682,-0.720092378398665,0.385608835590572,0.427627241361505,0.0162300413314921,0.125256299072402,0.252190934951815,-0.05685801074929,-103.518154756047,48.0839124519302
"590","Geometric",8.29850006103516,20.3526668548584,-3.17000007629395,355,61,13,48.3067016601562,150,45,107,45,15.3296670913696,36.7300796508789,953.723205566406,30.9680004119873,-10.7679996490479,41.7360000610352,12.6379995346069,-3.17000007629395,-0.864589729332064,2.34985597935237,-0.341550613254467,0.290619652311716,0.297028033642781,0.0224592063810936,0.111107570047278,-0.392590330879732,0.427368555970593,0.131979725326478,-108.5215807246,45.9288009026377
"590","Population-Weighted",8.21666622161865,19.8766670227051,-2.92733335494995,384,72,14,52.6134757995605,169,47,109,47,15.3426666259766,37.5456809997559,923.575439453125,30.4039993286133,-10.460000038147,40.8639984130859,12.5260000228882,-2.92733335494995,-0.727531802499853,2.19435151368733,-0.529481078123936,0.0515125446944709,0.22342865369256,-0.0755902507215085,0.0796717461188703,-0.327926224831335,0.482234450578144,0.228729977110238,-108.815709584586,45.7323828078172
"591","Geometric",7.87599992752075,20.0406665802002,-4.01733303070068,404,71,16,47.722469329834,171,54,109,54,14.9779996871948,35.72314453125,971.801513671875,30.488000869751,-11.4399995803833,41.9280014038086,12.3459997177124,-4.01733303070068,-1.03581002854793,2.00026820501417,-0.337084155394584,0.197120309090207,0.346792021686144,0.0685428640099133,0.124794035094315,-0.381446166237533,0.451740762192263,0.198679618817966,-108.418940136817,45.681508231627
"591","Population-Weighted",8.45766639709473,20.5993328094482,-3.40866684913635,362,64,13,49.6847686767578,156,45,102,45,15.0773334503174,35.9600563049316,968.6904296875,30.8640003204346,-11.0640001296997,41.9280014038086,13.3193340301514,-3.40866684913635,-0.915761887448697,2.30926884191716,-0.255204382212591,0.190227743115848,0.312979431810805,0.14272762448207,0.150478912590823,-0.329846525282882,0.436127739066175,0.156970559512463,-108.515797047008,45.783852843248
"592","Geometric",7.21500015258789,21.3253326416016,-7.68000030517578,327,66,7,69.5812835693359,166,27,148,27,15.2513332366943,31.7524433135986,1165.21362304688,31.3600006103516,-16.6720008850098,48.0320014953613,18.7760009765625,-7.68000030517578,-2.00634084892401,2.71881306923889,0.753666652977003,-0.861434547963544,0.853731753417038,0.0770541921966051,-0.0498665615788534,0.166703703632706,0.392445993332451,0.0588184669364729,-105.646494919363,48.2170974395806
"592","Population-Weighted",7.31699991226196,22.046667098999,-8.71266651153564,327,67,6,70.2817153930664,168,27,148,27,15.1346664428711,30.3835754394531,1234.2177734375,32.015998840332,-17.7959995269775,49.8119964599609,19.4839992523193,-8.71266651153564,-2.25225590039648,2.77103379924291,1.0759698740291,-0.945636109898099,1.11471017281791,0.217189244694766,-0.0621688857484482,0.176564349829362,0.387109066512366,0.00736979420377862,-105.213024658131,48.163496179214
"593","Geometric",7.11566686630249,20.5046672821045,-6.34733295440674,341,67,8,65.026237487793,162,31,133,31,14.1306667327881,31.734338760376,1083.01794433594,30.2320003509521,-14.2959995269775,44.5279998779297,17.6446666717529,-6.34733295440674,-1.72640993374032,2.39231541441877,0.323291944786852,-0.652572786099953,0.274760862492715,0.38502462340615,0.0559613274259528,0.135315656445006,0.374855137001819,0.13215059005265,-105.598422643054,46.4328527550717
"593","Population-Weighted",7.46433353424072,21.2373332977295,-6.61800003051758,344,67,8,64.1872482299805,163,31,130,31,14.9866666793823,32.1519508361816,1121.46862792969,31.5359992980957,-15.076000213623,46.6119995117188,13.2906665802002,-6.61800003051758,-1.80423627597136,2.54837720177853,0.270118688645025,-0.465748719522699,0.846325938462274,0.297653139091658,-0.290943862328874,-0.147173127034375,0.524978400884444,0.0809639944664497,-105.624390457281,46.247646804864
"594","Geometric",7.04383325576782,18.406665802002,-4.19933319091797,366,64,11,55.935619354248,162,43,137,43,14.8229999542236,36.5386505126953,914.585571289062,28.6680011749268,-11.8999996185303,40.568000793457,15.8293333053589,-4.19933319091797,-1.12122532292028,2.1405962845714,-0.463606737632742,-0.231909840182893,-0.256840427398267,-0.205917216089735,0.222924879904923,-0.0533432995934388,0.306619240440728,0.162359982642175,-111.268360065406,47.8045314969508
"594","Population-Weighted",7.02733325958252,18.2986660003662,-4.01800012588501,398,69,13,52.6064987182617,170,49,142,49,14.3866662979126,36.3998260498047,904.278747558594,28.3479995727539,-11.1760005950928,39.5240020751953,15.7653331756592,-4.01800012588501,-1.03764716394784,1.86611436440704,-0.490221792518215,-0.176129410279693,-0.402822510884692,-0.129688661434919,0.265050674036734,-0.101509794029474,0.269422603210404,0.174928111171375,-111.209788003014,47.6415265297195
"595","Geometric",6.04183340072632,18.423999786377,-6.56733322143555,373,63,11,56.4563255310059,169,43,140,43,15.131667137146,35.0659675598145,1011.76470947266,28.4519996643066,-14.6999998092651,43.1520004272461,15.8360004425049,-6.56733322143555,-1.74160099782627,2.15283627075982,-0.238429185676534,-0.336348110392419,0.102117678551734,-0.292886175748144,0.202752233513831,-0.0327515765238373,0.307486544555164,0.0966244831067379,-109.114180434951,48.392247112934
"595","Population-Weighted",5.18366670608521,17.0160007476807,-6.78399991989136,408,73,13,58.006462097168,185,49,154,49,14.206000328064,34.2841987609863,965.842590332031,26.8600006103516,-14.576000213623,41.4360008239746,14.4213333129883,-6.78399991989136,-1.8434096831341,1.66726632256431,-0.579623083483159,-0.489700390387393,-0.293946090605054,-0.21113965302304,0.0967782727009642,0.0229668611847995,0.322071705298627,0.186065348362182,-109.488778896801,48.3138214511449
"596","Geometric",6.92066669464111,18.1100006103516,-4.46799993515015,303,49,9,53.5832099914551,132,34,117,34,13.3199996948242,33.8036727905273,907.102905273438,27.8959999084473,-11.5080003738403,39.4039993286133,15.434666633606,-4.46799993515015,-1.37779817639542,2.16962982931327,-0.552579217375968,-0.0133070214565811,-0.733813505079847,0.389312063971866,0.279851058601824,0.0327418254517632,0.29132286120168,0.111035704404172,-111.679486238237,46.6326183448006
"596","Population-Weighted",6.73950004577637,18.3273334503174,-5.0939998626709,296,49,9,53.506721496582,129,34,116,34,14.2550001144409,35.1558647155762,940.786499023438,28.4479999542236,-12.1000003814697,40.5480003356934,15.7146663665771,-5.0939998626709,-1.42819554972891,2.36514334233772,-0.46630457416579,-0.00594539016562989,-0.430425797055601,0.0982091141675571,0.314563201453845,-0.0157365142067986,0.310526150590632,0.0734632150991411,-111.850294628347,46.5440692086057
"597","Geometric",6.27916669845581,16.6126670837402,-3.74533343315125,254,48,5,66.1296768188477,122,17,106,17,16.0270004272461,41.3963241577148,824.75537109375,27.5879993438721,-11.1280002593994,38.7159996032715,14.521333694458,-3.74533343315125,-0.972375903996367,2.9318457798587,-1.27061291163855,-0.322132765126257,-0.57396146504749,-0.666881513274082,0.216036239859497,0.0939600146662989,0.468819860099902,0.131305342771748,-112.299678614543,45.4702065731425
"597","Population-Weighted",7.13066673278809,18.242000579834,-3.24599981307983,319,58,8,62.2095108032227,148,28,120,28,14.5999994277954,37.6871452331543,874.309509277344,28.8400001525879,-9.89999961853027,38.7399978637695,15.5833330154419,-3.24599981307983,-0.850919729539901,2.45288332575666,-0.725498772207165,-0.326699542848054,-0.530222756002271,-0.0463244707510788,0.174571171784732,0.0359585995745287,0.398818996052391,0.177753134666315,-111.736257848732,45.7723958635141
"598","Geometric",7.29916667938232,18.0240001678467,-3.35133337974548,342,48,18,30.3712024688721,121,69,99,74,13.356333732605,35.815544128418,862.956604003906,28.996000289917,-8.29600048065186,37.2919998168945,11.4266672134399,-0.988000094890594,-0.867308988151702,1.63156477873838,-0.864934652811946,1.09999877887658,-0.634866819890568,0.38755464700312,0.425684760470107,-0.385694101322348,0.185649791105796,0.0686720085462758,-114.19276077821,46.977976547175
"598","Population-Weighted",7.21533346176147,17.8939990997314,-3.37000012397766,334,47,17,30.660120010376,119,65,98,72,13.2320003509521,35.7351188659668,859.00830078125,28.7679996490479,-8.26000022888184,37.0279998779297,15.3546667098999,2.73799991607666,-0.741647195931117,1.70747798593886,-0.715948427866673,1.0186069346477,-0.760074943616962,0.38771722152167,0.639253487260663,-0.0774898050892799,-0.162921507834906,0.129797807423519,-114.205624195457,46.9433461642486
"599","Geometric",3.72399997711182,13.5860004425049,-5.78666639328003,659,72,39,23.6205730438232,214,124,150,198,12.4779996871948,35.4690170288086,789.824523925781,23.8439998626709,-11.3359994888306,35.1800003051758,-4.93866634368896,13.1560001373291,-1.1670702838667,-0.651359325127359,-2.77949214417141,1.69888511795544,-0.323092998405666,0.106166403886099,-0.7812833602898,-0.0530230534166286,-0.236435302408492,0.0318331375973281,-114.563034970863,48.3633391444561
"599","Population-Weighted",5.31183338165283,15.4259996414185,-4.52066659927368,555,63,33,24.3009510040283,175,108,136,166,12.7189998626709,35.5716514587402,811.111022949219,25.9400005340576,-9.81599998474121,35.7560005187988,-3.68866682052612,11.3686666488647,-0.938033554550648,0.035626426292001,-2.37611154964923,1.7752168667281,-0.265705046069998,0.340655842838496,-0.754125354325117,-0.254909017575366,-0.0993816408197364,-0.0161443339307483,-114.475430835304,48.2284086616855
"600","Geometric",8.64233303070068,21.0006675720215,-4.76733303070068,902,104,32,33.0669250488281,306,126,306,126,10.9379997253418,27.6295852661133,1038.806640625,28.1879997253418,-11.3999996185303,39.5879974365234,21.0006675720215,-4.76733303070068,-1.01471178651172,-0.853611818818864,1.31479867097441,-0.368504621093459,-0.495722766797615,0.432426529167061,0.150974662277136,-0.228257060795865,-0.210035328305693,-0.0340469765563542,-88.1546967335325,42.2934596662145
"600","Population-Weighted",9.08566665649414,21.3246669769287,-4.14933347702026,891,104,33,30.9646472930908,296,132,296,132,10.6079998016357,27.2531089782715,1027.09509277344,28.3239994049072,-10.6000003814697,38.923999786377,21.3246669769287,-4.14933347702026,-0.873465867300204,-0.90196558305456,1.33957112495683,-0.22909163662412,-0.576806309055171,0.59743962977952,0.235817711906042,-0.197149649481715,-0.192536774930334,-0.0156445709764808,-87.9962145424912,42.2004161975591
"601","Geometric",8.6696662902832,21.2153339385986,-5.16133308410645,937,109,32,34.2388076782227,318,125,318,125,11.4413328170776,28.3481998443604,1062.59167480469,28.4759998321533,-11.8839998245239,40.3600006103516,21.2153339385986,-5.16133308410645,-1.02049562048016,-0.849959729476042,1.42190286225397,-0.503610106677326,-0.294407559644116,0.235887350915901,0.0979102587709564,-0.28478322679348,-0.224953454410013,-0.0535551249062755,-88.4774314821108,42.0134941618663
"601","Population-Weighted",9.27983379364014,21.7493324279785,-4.239333152771,929,106,34,32.1440200805664,310,131,310,131,11.2976665496826,28.2074966430664,1045.95947265625,29.1760005950928,-10.8759994506836,40.052001953125,21.7493324279785,-4.239333152771,-0.793340921501196,-0.839970128039462,1.5205472123787,-0.322468292535344,-0.297128493908533,0.353521801605057,0.170293868488068,-0.259709330440856,-0.197029337951946,-0.0367586241118238,-88.1738775807081,41.9784113690603
"602","Geometric",9.46933364868164,21.4013328552246,-3.25266671180725,912,102,38,26.6730041503906,288,147,288,147,9.81400012969971,26.2210121154785,996.907409667969,28.0639991760254,-9.36399936676025,37.4279975891113,21.4013328552246,-3.25266671180725,-0.698482820913364,-1.21156611531246,1.32442690608679,0.0479549857755911,-0.813173110434088,0.847070648668066,0.345178315045634,-0.108944296935762,-0.1427256081555,0.013672245757473,-87.6965081752734,42.0465516258994
"602","Population-Weighted",9.46933364868164,21.4013328552246,-3.25266671180725,912,102,38,26.6730041503906,288,147,288,147,9.81400012969971,26.2210121154785,996.907409667969,28.0639991760254,-9.36399936676025,37.4279975891113,21.4013328552246,-3.25266671180725,-0.698482820913364,-1.21156611531246,1.32442690608679,0.0479549857755911,-0.813173110434088,0.847070648668066,0.345178315045634,-0.108944296935762,-0.1427256081555,0.013672245757473,-87.6971478434111,42.0464008122116
"603","Geometric",10.1204996109009,22.4833335876465,-3.1746666431427,933,104,40,26.8999614715576,297,149,297,149,10.5243330001831,27.0743293762207,1033.42712402344,29.4119987487793,-9.46000003814697,38.871997833252,22.4833335876465,-3.1746666431427,-0.548447015807374,-1.09757991932506,1.66529617893488,0.0220038913964537,-0.436959154367131,0.666774969574891,0.329627253768922,-0.150332471795959,-0.129288617886135,-0.0246868401873538,-87.8000365054417,41.8899106697501
"603","Population-Weighted",10.1204996109009,22.4833335876465,-3.1746666431427,933,104,40,26.8999614715576,297,149,297,149,10.5243330001831,27.0743293762207,1033.42712402344,29.4119987487793,-9.46000003814697,38.871997833252,22.4833335876465,-3.1746666431427,-0.548447015807374,-1.09757991932506,1.66529617893488,0.0220038913964537,-0.436959154367131,0.666774969574891,0.329627253768922,-0.150332471795959,-0.129288617886135,-0.0246868401873538,-87.7963216417528,41.8876505372026
"604","Geometric",9.72366714477539,22.0480003356934,-3.72666668891907,938,104,36,30.1374340057373,304,137,297,137,11.3466663360596,28.4920310974121,1038.72290039062,29.3640003204346,-10.460000038147,39.8240013122559,19.8586673736572,-3.72666668891907,-0.687494807751607,-0.87092922786667,1.39863917584896,-0.0988368859231958,-0.207056690236895,0.421248275619386,0.110023223471181,-0.319392494735452,-0.0896725753687804,-0.0554543647824858,-88.1074342436085,41.3846178400569
"604","Population-Weighted",9.80016708374023,22.2253341674805,-3.63599991798401,956,106,38,28.8525428771973,304,144,303,144,10.8263330459595,27.461275100708,1040.98413085938,29.3080005645752,-10.1160001754761,39.423999786377,15.2200002670288,-3.63599991798401,-0.738868560498272,-1.13875192934304,1.18302062036948,0.0937622947011833,-0.173470737859713,0.660541466262003,-0.257390664642834,-0.480680365518511,0.062482322408368,-0.0974123373077422,-87.8707799168354,41.5908725901806
"605","Geometric",9.36916637420654,21.8299999237061,-4.3899998664856,932,106,33,32.378791809082,305,128,305,128,11.4523334503174,28.3867073059082,1056.35913085938,29.0400009155273,-11.3039999008179,40.3440017700195,19.7346668243408,-4.3899998664856,-0.869512232643165,-0.787700603573078,1.3878857592641,-0.273818773231172,-0.193632125942228,0.36658626976219,0.0340645220283795,-0.347836668894168,-0.138841951813167,-0.072891881793587,-88.5321394105436,41.6819728922456
"605","Population-Weighted",9.79483318328857,22.2866668701172,-3.76266694068909,943,105,37,30.1068515777588,305,138,305,138,11.5123329162598,28.5779285430908,1048.41040039062,29.7520008087158,-10.532000541687,40.2840003967285,22.2866668701172,-3.76266694068909,-0.638919728808202,-0.841344031937754,1.64976643765163,-0.172381754181524,-0.171589518945296,0.318046996852866,0.2427208202199,-0.242801902434025,-0.159257127140266,-0.0431138017229648,-88.1625267586315,41.7423581531824
"606","Geometric",10.2368335723877,22.6853332519531,-3.09800004959106,958,104,41,26.5217628479004,302,153,302,153,10.4923334121704,26.9448719024658,1039.49365234375,29.5599994659424,-9.38000011444092,38.939998626709,22.6853332519531,-3.09800004959106,-0.512718493898891,-1.17555148510618,1.74443499141296,0.0299803267243085,-0.401093651389344,0.667159922688236,0.323559239350866,-0.144613098542996,-0.126789135995009,-0.0434784757932067,-87.6838253175785,41.8331221627963
"606","Population-Weighted",10.2038335800171,22.6293334960938,-3.08666682243347,951,103,41,26.4772510528564,301,152,301,152,10.4136667251587,26.8034248352051,1036.93383789062,29.511999130249,-9.34000015258789,38.8519973754883,22.6293334960938,-3.08666682243347,-0.525226512660958,-1.17025397511829,1.72918634696035,0.0413535546924612,-0.434603042699969,0.695812440031242,0.322527456261292,-0.138822961324501,-0.127277464064289,-0.0403653245558306,-87.6887270561631,41.866596577451
"607","Geometric",9.97500038146973,22.3213329315186,-3.28066682815552,924,106,39,27.4098510742188,296,146,296,146,10.5353336334229,27.136137008667,1031.97546386719,29.2439994812012,-9.57999992370605,38.8239974975586,22.3213329315186,-3.28066682815552,-0.584473528598379,-1.07271355302724,1.61033114913491,-0.0241541560155259,-0.458354348408676,0.660302292697799,0.320542373215436,-0.164652138349686,-0.14259821376741,-0.00664776667745085,-87.7983139380099,41.9870012698871
"607","Population-Weighted",9.97500038146973,22.3213329315186,-3.28066682815552,924,106,39,27.4098510742188,296,146,296,146,10.5353336334229,27.136137008667,1031.97546386719,29.2439994812012,-9.57999992370605,38.8239974975586,22.3213329315186,-3.28066682815552,-0.584473528598379,-1.07271355302724,1.61033114913491,-0.0241541560155259,-0.458354348408676,0.660302292697799,0.320542373215436,-0.164652138349686,-0.14259821376741,-0.00664776667745085,-87.7979655682526,41.9780650379568
"608","Geometric",10.1608333587646,22.5699996948242,-3.25866675376892,958,104,40,26.9381694793701,301,151,301,151,10.4903326034546,26.8487243652344,1040.08618164062,29.435998916626,-9.63599967956543,39.0719985961914,22.5699996948242,-3.25866675376892,-0.566974902685346,-1.15132583586262,1.71756009469535,0.000564017878084203,-0.404472641943724,0.66998759583672,0.317165200268608,-0.151237971978415,-0.135798896678482,-0.0429226624485526,-87.7070814177359,41.7160680136711
"608","Population-Weighted",10.2363328933716,22.7040004730225,-3.17733335494995,958,104,41,26.5165157318115,302,153,302,153,10.5193338394165,26.8899116516113,1042.83093261719,29.6000003814697,-9.52000045776367,39.120002746582,22.7040004730225,-3.17733335494995,-0.533880529110657,-1.16822622207342,1.76112096195782,0.0281174565371708,-0.375943407483756,0.661284614873823,0.322908141308052,-0.145919862421259,-0.126993069399632,-0.0447114518699732,-87.7199755098277,41.7500966355894
"609","Geometric",10.275333404541,22.4726657867432,-3.22666668891907,943,102,39,27.8429508209229,304,146,292,146,11.71399974823,29.4884700775146,1037.41528320312,29.7799987792969,-9.94400024414062,39.7239990234375,20.5900001525879,-3.22666668891907,-0.486228341037572,-0.867268886471736,1.48701498162534,0.0544648397625663,-0.103362713623719,0.30616694830896,0.22105393934899,-0.295910674805842,-0.0528943687719764,-0.0813364182073588,-87.925165157916,40.796762884309
"609","Population-Weighted",10.0986661911011,22.2786674499512,-3.36333346366882,961,104,39,28.2092533111572,309,147,296,147,11.5993337631226,29.2942047119141,1035.77807617188,29.5319995880127,-10.0640001296997,39.5960006713867,20.3366661071777,-3.36333346366882,-0.52534048727268,-0.957996605067418,1.44997493800253,0.00685897562198776,-0.135799578747347,0.309169155395177,0.193374900808432,-0.299001502127311,-0.0573923408578155,-0.0735537858302011,-87.8737292669461,40.9530505303956
"610","Geometric",8.23999977111816,20.9946670532227,-5.97066640853882,902,110,31,36.5941505432129,309,113,309,113,11.5873336791992,28.127326965332,1088.71350097656,28.2159996032715,-12.9799995422363,41.1959991455078,20.9946670532227,-5.97066640853882,-1.27252184050988,-0.668008503005751,1.38340190515076,-0.602540112311868,-0.226109060130767,0.225315610624956,0.0741600333074209,-0.25991665400577,-0.212605386347264,-0.0279513941173996,-89.5904853340629,42.1720669769394
"610","Population-Weighted",8.31599998474121,21.03733253479,-5.89066648483276,898,111,30,36.5263404846191,308,112,308,112,11.5939998626709,28.2119903564453,1087.81103515625,28.2040004730225,-12.8919992446899,41.0960006713867,21.03733253479,-5.89066648483276,-1.25069161809768,-0.644641187354672,1.37351944735832,-0.617286039476302,-0.23540609958388,0.237497553364698,0.0814892526479895,-0.277149413698811,-0.228493126973405,-0.026837074970592,-89.3941168843821,42.2104848116411
"611","Geometric",9.12483310699463,22.1306667327881,-5.09333324432373,903,110,29,36.7558898925781,316,112,316,112,11.2803335189819,27.1946315765381,1096.08569335938,29.5839996337891,-11.8959999084473,41.4799995422363,22.1306667327881,-5.09333324432373,-1.03188327857215,-0.608136828532662,1.69723568633374,-0.643493897106421,-0.15388925128553,0.464424832018218,0.0389848233685146,-0.306837885763038,-0.268504328613017,-0.0300372655302708,-89.0830031789751,42.2792067568161
"611","Population-Weighted",9.12483310699463,22.1306667327881,-5.09333324432373,903,110,29,36.7558898925781,316,112,316,112,11.2803335189819,27.1946315765381,1096.08569335938,29.5839996337891,-11.8959999084473,41.4799995422363,22.1306667327881,-5.09333324432373,-1.03188327857215,-0.608136828532662,1.69723568633374,-0.643493897106421,-0.15388925128553,0.464424832018218,0.0389848233685146,-0.306837885763038,-0.268504328613017,-0.0300372655302708,-89.0527942480383,42.2808522236842
"612","Geometric",9.8216667175293,22.67799949646,-4.31599998474121,942,113,31,36.0096893310547,328,120,328,120,10.8900003433228,26.7304859161377,1085.31616210938,29.7080001831055,-11.032000541687,40.7400016784668,22.67799949646,-4.31599998474121,-0.805714229518402,-0.834009309173548,1.83183732468796,-0.646765126139523,-0.232234630199128,0.576522447787629,0.0181535458162834,-0.285771508472185,-0.276356839506466,-0.036159247553944,-90.3127069144667,41.4902648528827
"612","Population-Weighted",10.1700000762939,23.1526660919189,-3.98266673088074,939,115,30,36.8281555175781,330,118,330,118,10.8073329925537,26.3490657806396,1092.63195800781,30.2159996032715,-10.8000001907349,41.015998840332,23.1526660919189,-3.98266673088074,-0.729020634377267,-0.788365810312226,1.95879597518955,-0.704219933621926,-0.178131682785376,0.666618703749833,-0.00685233119060596,-0.29552137987824,-0.298241441428918,-0.0227157081946955,-90.4447656127638,41.5202111692682
"613","Geometric",9.69016647338867,22.1940002441406,-4.28333330154419,901,104,31,33.7590484619141,299,121,299,121,11.8543329238892,29.0177555084229,1067.29211425781,29.6000003814697,-11.2519998550415,40.8520011901855,22.1940002441406,-4.28333330154419,-0.785978112893999,-0.503192834833648,1.5783908393113,-0.366292499571796,-0.125150354270081,0.283206285116747,0.195571437479931,-0.282922074945028,-0.201682507069308,-0.0670055164065411,-89.1797709941031,41.3453183387445
"613","Population-Weighted",9.83516693115234,22.4120006561279,-4.14933347702026,905,105,32,33.2063865661621,300,122,299,122,11.7443332672119,28.7287998199463,1071.21569824219,29.7639999389648,-11.1160001754761,40.8800010681152,20.3746662139893,-4.14933347702026,-0.781702301179171,-0.566842159930652,1.5151874530012,-0.28454635423083,-0.0604347049233953,0.372596273857325,0.0499439139673973,-0.36118075909825,-0.139509795817604,-0.0756481020858769,-89.0860328461888,41.33541274969
"614","Geometric",10.2375001907349,22.7299995422363,-3.60333323478699,937,111,34,33.2567710876465,314,125,310,125,11.2716665267944,28.0445518493652,1060.29919433594,29.8920001983643,-10.3000001907349,40.1920013427734,20.6873321533203,-3.60333323478699,-0.615678042852167,-0.791598845780044,1.60792716174485,-0.350510710077068,-0.152990006377164,0.509850657361818,0.00284258124087264,-0.35885213527299,-0.151273871199189,-0.0308629402571402,-90.4263587038427,40.8274501958069
"614","Population-Weighted",10.1704998016357,22.6333332061768,-3.67533326148987,945,112,34,33.3222694396973,318,126,314,126,11.2163333892822,27.9960403442383,1060.44592285156,29.6840000152588,-10.3800001144409,40.0639991760254,20.6319999694824,-3.67533326148987,-0.633781727903765,-0.850901734506793,1.59445403975911,-0.380274390752496,-0.181482274067018,0.498637229464208,-0.0103332255512,-0.358163430006281,-0.161177853353763,-0.0365835523351116,-90.4215741230957,40.8636815089353
"615","Geometric",10.2731666564941,22.6193332672119,-3.40866661071777,938,104,38,28.8237285614014,306,139,288,139,11.2543334960938,28.1555423736572,1047.15295410156,29.7919998168945,-10.1800003051758,39.9720001220703,20.521333694458,-3.40866661071777,-0.591653961690404,-0.873893054204519,1.53381110252353,-0.0261070676085932,-0.136626356356739,0.525870851982876,0.18362048478937,-0.297809011930999,-0.0712659406614114,-0.0367809330506067,-89.7145553468478,40.6900255634693
"615","Population-Weighted",10.9406661987305,23.4680004119873,-2.86133337020874,934,103,39,28.6509952545166,305,140,287,140,11.3099994659424,27.9480075836182,1059.68957519531,30.7439994812012,-9.72399997711182,40.4679985046387,21.3226661682129,-2.86133337020874,-0.435991487824903,-0.792300564838686,1.75836085444816,0.0195280125399246,-0.00138625074754865,0.602479529990658,0.191496851183306,-0.289248314578325,-0.0598191537099784,-0.0411312188268151,-89.6232953566343,40.6886525436887
"616","Geometric",10.9406661987305,23.4680004119873,-2.86133337020874,934,103,39,28.6509952545166,305,140,287,140,11.3099994659424,27.9480075836182,1059.68957519531,30.7439994812012,-9.72399997711182,40.4679985046387,21.3226661682129,-2.86133337020874,-0.435991487824903,-0.792300564838686,1.75836085444816,0.0195280125399246,-0.00138625074754865,0.602479529990658,0.191496851183306,-0.289248314578325,-0.0598191537099784,-0.0411312188268151,-89.6093226573539,40.706562298049
"616","Population-Weighted",10.6864995956421,23.2073345184326,-3.10599994659424,938,104,38,29.0293235778809,306,139,288,139,11.2843332290649,27.9204597473145,1059.33984375,30.4680004119873,-9.94799995422363,40.4160003662109,21.0639991760254,-3.10599994659424,-0.505362664660911,-0.811750700080867,1.69530772667384,-0.024183751451009,-0.0306118998095792,0.58766378141931,0.179373123319601,-0.300600583191886,-0.0719502027976205,-0.0396328877058995,-89.6057869281202,40.7095865185127
"617","Geometric",10.470666885376,22.6966667175293,-3.02466654777527,951,106,40,27.2600631713867,303,151,287,151,11.3766670227051,28.8689270019531,1038.68725585938,29.7080001831055,-9.69999980926514,39.4080009460449,20.767333984375,-3.02466654777527,-0.446177733415605,-0.982873992920743,1.51922219635011,0.0719788838172744,-0.136040395962144,0.44523419252784,0.257651817944244,-0.260751994910373,-0.0356516359543997,-0.049739671304764,-88.890057023763,40.5205886512522
"617","Population-Weighted",10.6534996032715,23.0599994659424,-2.95066666603088,953,106,40,27.656270980835,304,150,288,150,11.3363342285156,28.4603672027588,1048.87243652344,30.1800003051758,-9.65200042724609,39.8320007324219,21.0166664123535,-2.95066666603088,-0.427431958015962,-0.951016376522778,1.63398727602576,0.0581950264963399,-0.0619806910707882,0.507691090157849,0.23501864622361,-0.266024760195928,-0.0353196962121745,-0.0457872982656526,-88.9612964418782,40.5020063752887
"618","Geometric",10.889666557312,22.9300003051758,-2.42000007629395,1007,115,47,26.2771816253662,326,165,317,165,11.2213335037231,28.9001064300537,1023.23028564453,29.8880004882812,-8.9399995803833,38.8279991149902,21.0160007476807,-2.42000007629395,-0.200646933899087,-1.40584896124707,1.67353986700059,0.0555786603470438,-0.154168103192027,0.339993672843759,0.16061517280003,-0.241807461812072,-0.0112795724837845,-0.0148356339330171,-88.1534432822233,40.1108481035968
"618","Population-Weighted",10.889666557312,22.9300003051758,-2.42000007629395,1007,115,47,26.2771816253662,326,165,317,165,11.2213335037231,28.9001064300537,1023.23028564453,29.8880004882812,-8.9399995803833,38.8279991149902,21.0160007476807,-2.42000007629395,-0.200646933899087,-1.40584896124707,1.67353986700059,0.0555786603470438,-0.154168103192027,0.339993672843759,0.16061517280003,-0.241807461812072,-0.0112795724837845,-0.0148356339330171,-88.1468841805342,40.1073750638882
"619","Geometric",11.3723335266113,23.1466674804688,-1.79466664791107,1032,115,52,22.0280017852783,320,186,309,186,11.2493333816528,29.4485168457031,1007.74395751953,30.0240001678467,-8.17599964141846,38.2000007629395,21.3500003814697,-1.79466664791107,0.0161655969661698,-1.61022254614885,1.69986621764641,0.329074772268165,-0.128544131795963,0.298552246676514,0.31278856669556,-0.182588451813603,0.0659593823069461,-0.0231570045335601,-88.2001914632312,39.6542957020444
"619","Population-Weighted",11.4058332443237,23.1886672973633,-1.75399994850159,1031,115,52,21.9367237091064,319,186,308,186,11.2770004272461,29.4777297973633,1007.88385009766,30.0559997558594,-8.19999980926514,38.2560005187988,21.3726654052734,-1.75399994850159,0.0221245966741942,-1.59777203994109,1.70490590103192,0.337158253610431,-0.115862090389331,0.296372399236296,0.317831698428811,-0.183008056298524,0.0663618712063438,-0.0221299833936745,-88.2332483978906,39.6220231693787
"620","Geometric",11.8396663665771,23.5973339080811,-1.08733332157135,979,108,47,22.1628227233887,299,172,275,172,11.3853340148926,29.5446681976318,995.093811035156,30.6920013427734,-7.84400033950806,38.536003112793,17.3373336791992,-1.08733332157135,0.0465362654913324,-1.21973970418345,1.37539821626474,0.552198591087992,0.0314562580789562,0.562965391503119,0.103562277342624,-0.394961713174735,0.180134925781652,-0.0288987052540318,-89.9825220347165,39.1246536147509
"620","Population-Weighted",12.1613330841064,23.931999206543,-0.65200001001358,973,105,48,20.8208484649658,294,177,274,177,11.3320007324219,29.5381088256836,989.039672851562,30.9640007019043,-7.40000009536743,38.3640022277832,21.8286666870117,-0.65200001001358,0.210579387975681,-1.16974396747399,1.707976404474,0.534097172815237,-0.0843264250515465,0.527535605795596,0.452803661718752,-0.202241220727875,0.0645321934365065,-0.0121435092254125,-90.00010919845,38.955548880137
"622","Geometric",12.8715000152588,24.4099998474121,0.368666648864746,989,105,53,18.3200149536133,296,191,269,191,11.5749998092651,30.6346607208252,966.569274902344,31.57200050354,-6.21199989318848,37.7840003967285,18.1140003204346,0.368666648864746,0.50466033400245,-1.31685712636171,1.49895033134646,0.865946654569767,0.093988769131452,0.516965382115341,0.232982254259494,-0.339875894088864,0.271747344058705,-0.0413213778073901,-89.7218989952926,38.4075684609479
"622","Population-Weighted",12.8044996261597,24.4513320922852,0.123999953269958,964,103,52,19.0642871856689,293,184,268,184,11.5796670913696,30.4663944244385,979.498046875,31.507999420166,-6.5,38.007999420166,18.2226676940918,0.123999953269958,0.418407158218939,-1.20938434224118,1.52006635985841,0.829957006457001,0.0852441740577212,0.542268353945246,0.216897041504282,-0.335828804907114,0.254096925456218,-0.0562165124980041,-89.9057791050048,38.5155129589471
"623","Geometric",11.1569995880127,23.3306674957275,-2.17333340644836,976,115,35,31.8930606842041,320,133,294,133,11.1366662979126,28.3895854949951,1024.68676757812,30.496000289917,-8.73200035095215,39.2280006408691,21.2053337097168,-2.17333340644836,-0.205125333140483,-0.869409520810496,1.60876349438815,-0.265750867315262,-0.148145507384986,0.649040625161582,0.119808103187543,-0.367797062515087,-0.119150770277256,0.0454041476531869,-91.0194348161425,39.9955301298609
"623","Population-Weighted",11.1648330688477,23.4346656799316,-2.32733345031738,983,116,35,33.2139701843262,326,131,300,131,11.0983333587646,28.2342872619629,1036.15478515625,30.4680004119873,-8.84000015258789,39.3079986572266,21.3866672515869,-2.32733345031738,-0.228426154845909,-0.886800390923666,1.66204388582645,-0.351452728174221,-0.140561087814619,0.653499257266739,0.078746996368297,-0.353370659516279,-0.122717001510144,0.0340445621003332,-91.1508382781686,40.008180215251
"624","Geometric",12.0741662979126,23.7226657867432,-0.699333369731903,1050,107,57,19.4730930328369,314,202,293,202,11.3289995193481,29.7724170684814,982.828491210938,30.8479995727539,-7.2039999961853,38.0519981384277,21.716667175293,-0.699333369731903,0.304799600537361,-1.64162087790455,1.77666212689557,0.643765573155528,-0.0331494256979328,0.331936472119575,0.436053558112623,-0.0932195632404623,0.185523793997915,-0.0274493566422701,-88.186443455832,39.0331449207708
"624","Population-Weighted",11.9934997558594,23.6693325042725,-0.805999994277954,1049,107,57,19.5031280517578,314,202,292,202,11.3216667175293,29.7156620025635,985.818298339844,30.7919998168945,-7.30800008773804,38.0999984741211,21.6486663818359,-0.805999994277954,0.273260628222416,-1.64441588327261,1.76677908759314,0.642036404980254,-0.0287231611585722,0.333751183970361,0.437925335308195,-0.0902064224896839,0.18860769351977,-0.027016507107501,-88.2226186259393,39.0094172075492
"625","Geometric",11.5218334197998,23.3973331451416,-1.78800010681152,987,109,49,23.5281887054443,313,170,293,170,11.951000213623,30.3787479400635,1016.52606201172,30.7560005187988,-8.58400058746338,39.3400001525879,21.5419998168945,-1.78800010681152,0.0055953085330317,-1.16690507082794,1.70812865769079,0.316662050667446,0.0741427601893418,0.197959752678077,0.335538972703653,-0.242024362551148,0.0536658301243714,-0.0190391786293014,-89.1978863422539,39.6353517992206
"625","Population-Weighted",11.4820003509521,23.3633327484131,-1.82933342456818,987,109,49,23.6616134643555,314,170,295,170,11.9720001220703,30.4631042480469,1017.04638671875,30.7000007629395,-8.60000038146973,39.3000030517578,21.5286674499512,-1.82933342456818,0.00110067933975017,-1.17321208200406,1.70327269758961,0.305727637593541,0.0669682978935197,0.177944484562242,0.327399913592598,-0.241665906504795,0.0518268436257884,-0.0258675639164729,-89.1529965597952,39.7049246149957
"626","Geometric",11.265832901001,23.2133331298828,-2.14266657829285,948,112,38,27.5619144439697,306,147,280,147,11.7983331680298,30.0732402801514,1023.75006103516,30.3999996185303,-8.83199977874756,39.2319984436035,21.3573341369629,-2.14266657829285,-0.141420066281902,-0.825918596562246,1.54175443739852,0.0151203644975125,-0.0300628664954958,0.392779092248118,0.305285633568495,-0.343517716954379,-0.063239208934987,0.00131780291771404,-90.0102277326772,39.8475881207178
"626","Population-Weighted",11.3315000534058,23.2213325500488,-2.01133346557617,938,109,40,26.3195400238037,300,150,277,150,11.7589998245239,30.0957202911377,1019.45806884766,30.3999996185303,-8.67199993133545,39.0719985961914,17.1673336029053,-2.01133346557617,-0.175346722990337,-0.894114086851212,1.27769961723781,0.259376419103222,0.0486443406059912,0.472994367215166,0.0193891454317996,-0.481715184951986,0.0941636318128659,-0.0485685010137562,-89.8858439357782,39.8110544834205
"627","Geometric",11.8880004882812,24.1140003204346,-1.58266663551331,927,106,42,25.2618503570557,295,153,277,153,11.4786672592163,28.9660511016846,1033.04455566406,31.3680000305176,-8.26000022888184,39.6279983520508,17.6293334960938,-1.58266663551331,-0.0923087555812117,-0.881140305172792,1.53377231529214,0.37628865187525,0.139112351418033,0.67032085008656,-0.00206473240956567,-0.460158830149614,0.120303779326575,-0.0537213487832297,-89.6546709391245,39.7969179250234
"627","Population-Weighted",11.9243335723877,24.1599998474121,-1.58000004291534,931,106,42,25.0687141418457,296,154,277,154,11.5453329086304,29.0638732910156,1035.0654296875,31.42799949646,-8.29600048065186,39.7239990234375,17.7013339996338,-1.58000004291534,-0.0836166424517694,-0.879118247834949,1.54902123865653,0.380908269989775,0.16841833732924,0.649707441075099,0.00709952315074497,-0.465028271731197,0.11890414888852,-0.0589555902158084,-89.6513127679676,39.7809881974757
"628","Geometric",12.7700004577637,24.199333190918,0.334666639566422,1080,115,62,19.4104633331299,333,217,272,217,11.934666633606,31.5198249816895,960.348876953125,31.57200050354,-6.29200029373169,37.8640022277832,12.6660003662109,0.334666639566422,0.581489319261218,-1.8306821677058,1.14463124634907,1.0012292780313,0.473962933138969,0.341941597995978,-0.132982368645865,-0.439163813297841,0.610504816227989,-0.0114242890255602,-88.6339620751231,38.3428943974268
"628","Population-Weighted",12.8251667022705,24.2366676330566,0.406000107526779,1086,116,63,19.4528827667236,336,219,272,219,11.9183340072632,31.5500144958496,959.610290527344,31.564001083374,-6.21199989318848,37.7760009765625,12.7133331298828,0.406000107526779,0.610485554163338,-1.87468652166439,1.15102974080991,1.00223912819444,0.479948861669708,0.338875839960929,-0.128176488403823,-0.423269288809378,0.625920620458859,-0.00293321043577003,-88.6610159336818,38.2967042296833
"629","Geometric",13.3253335952759,24.2686653137207,1.42466676235199,1192,124,78,16.6306133270264,362,251,293,268,11.4340000152588,31.356954574585,919.040405273438,31.2639999389648,-5.19999980926514,36.4640007019043,13.1673336029053,19.8346672058105,1.44860209504195,-2.64910945455214,0.975667691918497,1.48891915135609,0.68577680254055,0.404537042000578,-0.500785487242913,0.495485950088846,-0.242756919547297,0.181399694226539,-88.9062353826753,37.5430883495684
"629","Population-Weighted",13.1346664428711,24.1199989318848,1.22533333301544,1197,126,78,16.9191665649414,365,255,290,267,11.2666664123535,30.9693984985352,921.229553222656,31.007999420166,-5.37200021743774,36.3800010681152,12.9540004730225,19.6753330230713,1.38479720037971,-2.72291964564473,0.939539278169619,1.46970145314736,0.66014354001535,0.450339888898351,-0.503037136724427,0.516899759741273,-0.227184260336112,0.21329079885794,-89.0070382115796,37.5727467341039
"630","Geometric",12.7028331756592,24.0046672821045,0.530666649341583,999,111,52,19.628662109375,297,183,265,183,12.6636667251587,33.0816802978516,943.815002441406,31.6200008392334,-6.65999984741211,38.2799987792969,12.5446662902832,0.530666649341583,0.535570726710653,-1.17738397187921,0.981268761941991,0.937082311765151,0.412599868897912,0.203492661326049,-0.151660309655926,-0.649550973618154,0.421155592850665,-0.0310992906994728,-90.8150295768052,38.3678032558923
"630","Population-Weighted",12.7119998931885,24.0573329925537,0.394666701555252,979,107,51,19.370641708374,291,181,262,181,11.9219999313354,31.4863739013672,951.011047363281,31.3680000305176,-6.49599981307983,37.8639984130859,12.5686664581299,0.394666701555252,0.425912523980783,-1.22362037247591,1.01532100495312,0.963496727393472,0.233076399710249,0.498079552904661,-0.157734103941701,-0.603067166968275,0.408245404154057,-0.0486087975099952,-90.5553445602382,38.5313631778426
"631","Geometric",13.2853336334229,25.0573329925537,0.548666536808014,980,103,51,19.3227367401123,291,182,269,182,11.4353332519531,29.8603858947754,987.028869628906,32.0039978027344,-6.29200029373169,38.2959976196289,18.7339992523193,0.548666536808014,0.498744193811927,-1.16986001084527,1.67438555271201,0.811858969256733,0.132460696013127,0.669538509713597,0.200126948896383,-0.344861133258357,0.228783493959312,-0.060731955933627,-90.3267572308822,38.6319675339822
"631","Population-Weighted",13.2853336334229,25.0573329925537,0.548666536808014,980,103,51,19.3227367401123,291,182,269,182,11.4353332519531,29.8603858947754,987.028869628906,32.0039978027344,-6.29200029373169,38.2959976196289,18.7339992523193,0.548666536808014,0.498744193811927,-1.16986001084527,1.67438555271201,0.811858969256733,0.132460696013127,0.669538509713597,0.200126948896383,-0.344861133258357,0.228783493959312,-0.060731955933627,-90.3224294040422,38.6268336656321
"633","Geometric",12.1325006484985,23.8880004882812,-0.625333487987518,936,109,42,25.281909942627,299,150,266,150,12.4850006103516,31.6813850402832,984.855285644531,31.564001083374,-7.84400033950806,39.4080009460449,17.4700012207031,-0.625333487987518,0.21102374078273,-0.70137641190712,1.3149784206842,0.395345698956696,0.260955123444279,0.315418192010235,0.0717564516866112,-0.53815553108739,0.128784354448172,0.0158908796430579,-91.1123193182645,39.0149400316293
"633","Population-Weighted",12.4998331069946,24.2533340454102,-0.261333376169205,951,107,44,23.1370029449463,295,161,268,161,12.331000328064,31.4919815063477,985.472290039062,31.7600002288818,-7.39599990844727,39.1559982299805,22.1166667938232,-0.261333376169205,0.372597554269383,-0.760971858910303,1.69125448816182,0.40070019504657,0.146589187296345,0.287859693980526,0.440222034807293,-0.326711091585591,0.0191944884937043,0.0153920843713318,-90.7666347283371,38.8341415669165
"634","Geometric",11.4235000610352,23.7140007019043,-2.03400015830994,967,117,37,32.6962203979492,320,128,299,128,11.5016670227051,28.8696441650391,1034.48217773438,31.0400009155273,-8.80000019073486,39.8400001525879,21.5513324737549,-2.03400015830994,-0.136867066175344,-0.771870643637987,1.73128805967675,-0.290512328526443,-0.0122734619380443,0.542570872724308,0.075711945843892,-0.378254436053184,-0.107927278654037,0.0642998959977927,-91.780897512996,39.9353591491417
"634","Population-Weighted",11.510666847229,23.7546653747559,-1.93466651439667,987,115,39,31.2359561920166,324,136,305,136,11.4593334197998,28.8677272796631,1032.27270507812,30.996000289917,-8.69999980926514,39.6959991455078,21.6319999694824,-1.93466651439667,-0.0989973518956935,-0.898229393114547,1.77432579118106,-0.211838355756439,-0.0204848418327366,0.508192866579992,0.0883606234704612,-0.357618640690194,-0.0958792180327076,0.029861699346398,-91.6385423910509,39.867567776831
"635","Geometric",10.9828329086304,23.3106670379639,-2.53399991989136,1012,117,36,33.7737159729004,337,134,320,134,11.3369998931885,28.2859268188477,1038.43200683594,30.6560001373291,-9.42399978637695,40.0800018310547,21.0986671447754,-2.53399991989136,-0.276503436948697,-0.977155611666385,1.73482921376288,-0.410228341557514,-0.0343961885961574,0.487452089118142,-0.0334248660016676,-0.386010528204881,-0.137843733773789,0.016537508724997,-92.6223497810136,40.2065986661091
"635","Population-Weighted",11.0019998550415,23.4973335266113,-2.62200021743774,1007,117,35,34.3937606811523,337,131,320,131,11.4219999313354,28.2582874298096,1049.84118652344,30.8719997406006,-9.54800033569336,40.4199981689453,21.2933330535889,-2.62200021743774,-0.295257718504944,-0.903928679282815,1.78986596814449,-0.450307362820082,0.0238822569496276,0.49236568303684,-0.0437359829231148,-0.398769354917029,-0.150642260799559,0.0090743955058437,-92.5548147424958,40.1980015714341
"636","Geometric",12.4901666641235,23.3786659240723,0.622000098228455,1100,113,58,19.1849937438965,327,214,283,214,12.4890003204346,33.2614250183105,917.344543457031,30.8799991607666,-6.66799974441528,37.5480003356934,12.275333404541,0.622000098228455,0.621348777610776,-1.74561553418878,0.909439025033237,0.967937961960614,0.371090279035541,0.0226422446010863,-0.143346810147388,-0.516857593191468,0.518359896735579,-0.0576656754278769,-90.5961849566199,37.6337989561457
"636","Population-Weighted",12.6099996566772,23.6300010681152,0.639333307743073,1085,112,57,19.5317420959473,321,208,281,208,12.5159997940063,33.1602363586426,926.295288085938,31.1520004272461,-6.59200000762939,37.7439994812012,12.3933334350586,0.639333307743073,0.620053611199704,-1.62989832612915,0.961122199543751,0.960961802307175,0.39485560321953,0.0705323561008519,-0.159159234344238,-0.537955638643093,0.506011079068908,-0.0626511542175046,-90.49555486236,37.7732759330158
"637","Geometric",13.4451665878296,24.5753326416016,1.44133341312408,1187,121,73,16.2641944885254,354,257,291,257,12.3803329467773,32.8460502624512,931.47998046875,32.0960006713867,-5.5959997177124,37.6920013427734,13.1613330841064,1.44133341312408,1.00517813137398,-2.35990927064095,1.3048699164539,1.22332335310608,0.696083599352473,-0.00211541497070637,-0.0768428519601391,-0.328679125581701,0.755031430738752,-0.0121443232251288,-89.8035403959404,37.3633176276774
"637","Population-Weighted",13.6015005111694,24.9053344726562,1.48466670513153,1181,123,73,16.5083694458008,355,259,287,259,12.2543334960938,32.4085807800293,943.495056152344,32.3160018920898,-5.49599981307983,37.8120002746582,13.3246669769287,1.48466670513153,1.01863494417457,-2.36882573773284,1.37238650151351,1.2128568407207,0.745062270804761,0.095018422845452,-0.0689230243987762,-0.313671868673509,0.771515678494134,0.000801572642440487,-89.7057807481461,37.3719701283693
"638","Geometric",14.6440000534058,25.6439990997314,2.83999991416931,1238,132,79,18.6008319854736,385,253,272,294,11.5286664962769,31.8225326538086,921.490417480469,32.5999984741211,-3.62800002098083,36.2279968261719,14.4579992294312,21.0753326416016,1.93908896903196,-2.65977533082598,1.12337004508383,1.38146378269117,0.979133253533893,0.592317759413294,-0.34488517971426,0.524279578355623,-0.1649358156899,0.20260203991645,-89.7301136350711,36.5577275535882
"638","Population-Weighted",14.6023330688477,25.6053333282471,2.76266670227051,1234,131,78,18.7056789398193,384,252,270,294,11.5753335952759,31.8493671417236,923.176635742188,32.5999984741211,-3.74399995803833,36.3439979553223,14.4093332290649,21.0826663970947,1.91529618843189,-2.61897139889782,1.10588527077345,1.37806677888139,0.995757664100508,0.591467071612115,-0.339055967305378,0.519286061907085,-0.176191269826814,0.192605907239472,-89.7694696772011,36.5548401694802
"639","Geometric",13.6341667175293,24.5139999389648,1.93266665935516,1186,126,76,17.3011646270752,358,262,276,269,12.6803331375122,33.5849494934082,910.814636230469,32.2519989013672,-5.50400018692017,37.7560005187988,13.3793334960938,20.211332321167,1.63381981847203,-2.35677565128056,0.960349979206371,1.54327455030853,1.07894046524396,0.0550623355439484,-0.411170840973335,0.450091867226585,-0.177107457442551,0.229153608448758,-90.6063271048963,36.8509773640524
"639","Population-Weighted",13.7755002975464,24.7126655578613,2.04466652870178,1188,126,77,17.1411247253418,359,261,272,272,12.679666519165,33.5654029846191,914.128295898438,32.4360008239746,-5.34000015258789,37.7760009765625,13.521333694458,20.3579998016357,1.67685779136617,-2.35242825866312,0.988847771567172,1.56233183498783,1.11972833303783,0.0881966354604135,-0.38647738685162,0.460694480376516,-0.16299277685989,0.230001388883115,-90.552034081162,36.801825665282
"640","Geometric",12.2516670227051,24.2746658325195,-0.796000003814697,1010,125,33,38.6482315063477,350,116,320,116,12.3246669769287,30.6858539581299,1009.1259765625,31.7959995269775,-8.36800003051758,40.1640014648438,22.0699996948242,-0.796000003814697,0.25017590219061,-0.593001763309831,1.78600364152059,-0.667112922872283,0.167959791796535,0.280116976985915,-0.0975878006946399,-0.481334724864152,-0.176947505771111,0.101472411282196,-94.110595237019,39.0745767315471
"640","Population-Weighted",12.6548337936401,24.8579998016357,-0.449333429336548,1011,129,32,40.7702293395996,359,112,326,112,12.1256666183472,30.1034412384033,1018.06097412109,32.3160018920898,-7.96400022506714,40.2800025939941,22.5986671447754,-0.449333429336548,0.351295293892574,-0.578647167636028,1.93506089108246,-0.806467879166878,0.200944742473033,0.411697567706238,-0.164278213384482,-0.485501715887301,-0.196001242551339,0.127707838812212,-94.3341658548841,39.0448933159128
"641","Geometric",13.0181665420532,25.3066673278809,-0.175333380699158,1004,133,30,42.6576538085938,365,107,327,107,11.900333404541,29.6470699310303,1025.95983886719,32.6279983520508,-7.51200008392334,40.1399993896484,23.0706672668457,-0.175333380699158,0.435620463180926,-0.539567382802812,2.0234025455461,-0.942533889197192,0.191962358664014,0.560113226207284,-0.198622312635086,-0.494661523216813,-0.221472241864317,0.151813528774726,-94.571434015548,39.1388690827462
"641","Population-Weighted",13.1273336410522,25.4853343963623,-0.120666705071926,1011,134,31,42.5860214233398,369,108,330,108,11.8393335342407,29.4159526824951,1031.55810546875,32.7680015563965,-7.48000001907349,40.2480010986328,23.2660007476807,-0.120666705071926,0.454089991095053,-0.583860796074227,2.09283464353549,-0.95125055916865,0.216636082036863,0.582213393422356,-0.209088228175701,-0.487541768166809,-0.221020715627333,0.156609708589921,-94.5477193862361,39.0849668200443
"644","Geometric",11.0656661987305,23.6053333282471,-2.55266666412354,913,117,22,47.2804832458496,337,81,328,81,12.0373334884644,29.5206336975098,1052.21423339844,31.076000213623,-9.69999980926514,40.7760009765625,21.4139995574951,-2.55266666412354,-0.297961188117576,-0.115070919754881,1.66675850168151,-1.08754605478007,-0.0310336194472549,0.440217716898502,-0.338660557595096,-0.480217512845365,-0.262196319945914,0.0178337493709327,-94.7039426599449,40.1396322394829
"644","Population-Weighted",11.2656669616699,23.6300010681152,-2.20466661453247,909,121,24,47.7505073547363,335,83,324,83,11.9200000762939,29.669454574585,1039.93481445312,30.9200000762939,-9.25599956512451,40.1759986877441,21.5326671600342,-2.20466661453247,-0.19302241010135,-0.177469863795696,1.62603379976847,-1.08493944076985,-0.0948815743573079,0.470111083554695,-0.316376928497088,-0.428462082985122,-0.221756536803761,0.0646464226545042,-94.6622348019929,39.9599190129711
"645","Geometric",12.1518335342407,24.5459995269775,-1.23000001907349,915,121,25,47.5056228637695,341,87,325,87,11.7930002212524,29.3913860321045,1037.94287109375,31.8279991149902,-8.29600048065186,40.1240005493164,22.4146671295166,-1.23000001907349,0.0754816668955335,-0.178637262891392,1.83577018464165,-1.05039735942352,-0.0297909424647263,0.600759720183483,-0.307607561980559,-0.415729045757064,-0.215896250540614,0.070448211042074,-94.8409616982102,39.7398722834236
"645","Population-Weighted",12.0973329544067,24.576000213623,-1.33133316040039,917,121,25,47.5928268432617,341,87,326,87,11.6966667175293,29.0846099853516,1042.46435546875,31.8559989929199,-8.35999965667725,40.2159996032715,22.4039993286133,-1.33133316040039,0.0424922886530102,-0.196385686955899,1.86034939128637,-1.05780109973838,-0.0302668464740974,0.637538495975627,-0.319237195155099,-0.412287924504701,-0.216495430690597,0.0696311503769035,-94.8306329799519,39.7661808914157
"646","Geometric",11.4696664810181,23.8746662139893,-2.03999996185303,962,119,31,37.8385047912598,324,117,309,117,12.275333404541,30.0866012573242,1041.38647460938,31.507999420166,-9.29199981689453,40.7999992370605,21.6959991455078,-2.03999996185303,-0.10174321189968,-0.460159971804071,1.74510214544758,-0.561267886054172,0.1779678090465,0.322041239208562,-0.0440333485887482,-0.443477919536706,-0.151937127096943,0.0397322061914523,-93.5647327866921,39.8860292104093
"646","Population-Weighted",11.6070003509521,23.957332611084,-1.878666639328,944,120,28,40.0507049560547,320,107,307,107,12.3806667327881,30.3626308441162,1039.11450195312,31.568000793457,-9.20800018310547,40.7760009765625,21.8253345489502,-1.878666639328,-0.0695090742951615,-0.287976187403128,1.71616111225407,-0.674201255985935,0.160582865284455,0.337193726196585,-0.0766016716739655,-0.464363641298748,-0.180079274231648,0.0513631523806763,-93.628451503211,39.8168227273654
"647","Geometric",13.0893335342407,24.7193336486816,0.54066663980484,1076,133,38,34.0155258178711,366,140,318,140,12.6353340148926,32.0628623962402,972.042724609375,32.4040031433105,-7.00400018692017,39.4080047607422,18.1693344116211,0.54066663980484,0.663279539115674,-0.946263094731089,1.54531165170499,-0.343105221196054,0.410513407883375,0.210382073201018,-0.281198395183546,-0.700386218945132,-0.00147813759871013,0.113663282627615,-94.1444306195073,38.0546659821215
"647","Population-Weighted",13.1781663894653,24.8066673278809,0.670666694641113,1076,134,38,34.403450012207,367,138,320,138,12.6136665344238,32.0958404541016,970.816528320312,32.4680023193359,-6.83200025558472,39.3000030517578,18.2786674499512,0.670666694641113,0.702380543511324,-0.939672021761051,1.56215377678734,-0.370781620461361,0.39623033529254,0.221522313207269,-0.296808053814803,-0.704871389315889,-0.00894704388876238,0.120896728304638,-94.1965070027729,38.0804691290571
"648","Geometric",13.6923332214355,24.5573329925537,2.14199995994568,1142,129,47,28.2832317352295,362,176,300,176,12.7186670303345,33.7544250488281,902.512390136719,32.0639991760254,-5.61599969863892,37.6800003051758,18.2566661834717,2.14199995994568,1.11379088062779,-1.32291264387454,1.36490626103103,0.121359215717109,0.330632876498684,0.0549877158043957,-0.0202164161861684,-0.544566039748314,0.162239732448858,0.110994690301565,-94.3468764086102,36.9285627575044
"648","Population-Weighted",13.7278327941895,24.6446666717529,2.13466668128967,1139,130,46,28.7226581573486,362,174,302,174,12.6890001296997,33.6364135742188,906.118896484375,32.1319999694824,-5.59200000762939,37.7239990234375,18.3306674957275,2.13466668128967,1.1127302613759,-1.30008066317198,1.38872668896078,0.0804120535563301,0.330764407536687,0.0799370157159866,-0.0388977663821692,-0.558968129446881,0.145094623283685,0.110704236428028,-94.4073494641317,36.9600006665808
"650","Geometric",12.8051662445068,24.3953323364258,0.391333341598511,1013,126,40,27.4989833831787,327,156,280,156,12.3203325271606,31.7174682617188,964.17431640625,31.9079990386963,-6.93599987030029,38.8439979553223,17.9046669006348,0.391333341598511,0.545526224034045,-0.945724004843872,1.38097342889031,0.116961683396534,0.303884514268301,0.370724904546372,0.00527101815879694,-0.609433973541722,0.0770756638460377,0.106150773715764,-92.2334567134482,38.4478330735503
"650","Population-Weighted",12.7805004119873,24.3519992828369,0.3773333132267,1016,127,39,28.3685455322266,330,153,282,153,12.2863330841064,31.7148513793945,962.49853515625,31.8159999847412,-6.92400026321411,38.7400016784668,17.8706665039062,0.3773333132267,0.543823776050924,-0.937008949421527,1.36032074882802,0.0521218618937325,0.276846190236,0.380203022040557,-0.0188399080025471,-0.620685992048977,0.0620742835438464,0.110172045405741,-92.3097357972085,38.4213986123862
"651","Geometric",12.8205003738403,24.5499992370605,0.236666604876518,1011,126,40,27.5739231109619,328,155,282,155,12.3090000152588,31.4069194793701,976.313232421875,32.068000793457,-7.12400007247925,39.1920013427734,18.0179996490479,0.236666604876518,0.503340843008166,-0.933657785339994,1.45167922342868,0.101936967181692,0.350428246551809,0.392548931695376,-0.0113313250096004,-0.614588631477609,0.0701761932512412,0.100758978995107,-92.2013111761756,38.522577530193
"651","Population-Weighted",12.9833335876465,24.8073329925537,0.25,1016,127,40,27.9949226379395,332,154,286,154,12.2913331985474,31.1931114196777,986.864013671875,32.2719993591309,-7.13199996948242,39.4039993286133,18.3286666870117,0.25,0.517407319453277,-0.934779734768657,1.54329729265794,0.058136212276227,0.390743904038996,0.415754217137056,-0.0311996976477787,-0.617380713777553,0.0579472500886078,0.0962520057889191,-92.192153371164,38.5562887784895
"652","Geometric",11.9154996871948,23.82200050354,-1.03266668319702,1017,128,39,31.4893341064453,341,142,303,142,11.5356664657593,29.5029830932617,996.987060546875,31.1040000915527,-7.99599981307983,39.0999984741211,17.3153343200684,-1.03266668319702,0.122783511072699,-1.10236177789344,1.41232343732047,-0.181398324473775,0.12109132254198,0.552114160292527,-0.212940886101307,-0.586373973715285,0.029176241234628,0.10763779082424,-92.3834468048914,39.2119382842142
"652","Population-Weighted",12.140832901001,24.0406665802002,-0.805999994277954,1014,128,39,30.2925815582275,340,146,296,146,11.7203330993652,29.813627243042,997.508422851562,31.3880004882812,-7.92400026321411,39.3120002746582,17.5359992980957,-0.805999994277954,0.190734362626181,-1.0637769896336,1.44093609739718,-0.115593749950518,0.21174247630606,0.529137380762485,-0.150118924766789,-0.598618690282532,0.0345545849420377,0.110025481686849,-92.3265677015564,39.0601943777703
"653","Geometric",12.4096670150757,24.3500003814697,-0.462000101804733,1029,124,36,33.8553428649902,346,131,313,131,12.206000328064,30.6498603820801,997.832458496094,31.8239994049072,-8,39.8239974975586,17.6706676483154,-0.462000101804733,0.278196823669698,-0.829450531646691,1.51496387547612,-0.286841888785819,0.281543255221157,0.379793057382536,-0.30659475865032,-0.661276660088103,-0.0210651473457075,0.0533235068979508,-93.2540684672254,38.7054075507967
"653","Population-Weighted",12.4096670150757,24.3500003814697,-0.462000101804733,1029,124,36,33.8553428649902,346,131,313,131,12.206000328064,30.6498603820801,997.832458496094,31.8239994049072,-8,39.8239974975586,17.6706676483154,-0.462000101804733,0.278196823669698,-0.829450531646691,1.51496387547612,-0.286841888785819,0.281543255221157,0.379793057382536,-0.30659475865032,-0.661276660088103,-0.0210651473457075,0.0533235068979508,-93.2605382712409,38.7071908272087
"654","Geometric",12.6888332366943,23.6933326721191,0.886666595935822,1084,117,51,20.4053440093994,321,193,289,193,12.6683330535889,33.4468612670898,918.248657226562,31.2759990692139,-6.59999990463257,37.8759994506836,17.4913330078125,0.886666595935822,0.724572182341587,-1.40116711553448,1.26413408403219,0.623254338138788,0.246268107896479,-0.0322261998757698,0.154669551047626,-0.483099487669158,0.211529371163637,0.00625990419202147,-91.7394286688252,37.6201819737119
"654","Population-Weighted",12.833833694458,23.7993335723877,1.00466668605804,1087,118,51,20.7876682281494,324,190,291,190,12.5909996032715,33.3130493164062,916.249328613281,31.3279991149902,-6.46799993515015,37.7959976196289,17.6433334350586,1.00466668605804,0.758002259018621,-1.40366799383027,1.29144976889355,0.584810753091249,0.224673127112675,0.00148628027284791,0.138251278022003,-0.490564455345466,0.19806067594666,0.0190637292715254,-91.8536603625625,37.7458177540737
"655","Geometric",12.7924995422363,23.7873344421387,0.946666657924652,1087,117,51,20.5147514343262,324,192,289,192,12.6196660995483,33.293758392334,918.726318359375,31.3360004425049,-6.56799983978271,37.9039993286133,17.6059989929199,0.946666657924652,0.738462079099832,-1.40392039356682,1.28976540788059,0.608379911745935,0.248658840121009,-0.00347827015681711,0.153005590624874,-0.484758603848065,0.20575624460065,0.0113426246793216,-91.8561886403566,37.635058999388
"655","Population-Weighted",13.0748329162598,24.0326671600342,1.25599992275238,1082,120,50,20.9891262054443,324,190,286,190,12.80299949646,33.7311630249023,914.709228515625,31.6639995574951,-6.29200029373169,37.9560012817383,17.8800010681152,1.25599992275238,0.848672781343967,-1.32347993835296,1.30988958475347,0.570816659670864,0.307678502723243,-0.022479761200506,0.16738186319432,-0.514013877476916,0.196822421412835,0.0368740059436369,-92.0096780011297,37.7146207569925
"656","Geometric",12.8205003738403,23.6180000305176,1.23599994182587,1112,123,48,24.1201820373535,337,184,287,184,12.353666305542,33.2373733520508,901.050415039062,30.9680004119873,-6.19999980926514,37.1679992675781,17.3986663818359,1.23599994182587,0.810855236649905,-1.42680561864789,1.15337986098855,0.375386723181891,0.134095217095118,0.101202909028862,0.0998220774730874,-0.4952457006899,0.187172275560732,0.0700693907925987,-92.94658580164,37.0723491926958
"656","Population-Weighted",13.0086669921875,23.9846668243408,1.31733322143555,1116,122,48,24.1825904846191,336,185,287,185,12.6879997253418,33.5803527832031,913.057495117188,31.488000869751,-6.2960000038147,37.7840003967285,17.5833339691162,1.31733322143555,0.853513817486117,-1.33756354826689,1.24789485597141,0.397291126265415,0.290452131783262,0.0316003733400641,0.0954053421800547,-0.513235233905234,0.198783870124511,0.0505059671394372,-93.0971933266582,37.0402726923099
"657","Geometric",12.7843332290649,23.6146659851074,1.16799998283386,1109,123,48,24.1119346618652,336,184,286,184,12.3286666870117,33.102424621582,903.245300292969,30.9799995422363,-6.26399993896484,37.2439994812012,17.3706665039062,1.16799998283386,0.788202292591487,-1.42396988619851,1.15748584439622,0.379101616085031,0.140268747954572,0.116373672138308,0.100675140776207,-0.492391375518864,0.190334868215908,0.0739151294783173,-92.9236011493825,37.1058404549902
"657","Population-Weighted",13.0468330383301,24.1046676635742,1.27799999713898,1111,121,48,24.3519687652588,336,183,288,183,12.7150001525879,33.5028457641602,919.641296386719,31.6200008392334,-6.33200025558472,37.9519996643066,17.6580009460449,1.27799999713898,0.842707875100125,-1.30133683463187,1.28861976197778,0.393528918299845,0.313632041726829,0.0388403778608197,0.0811883385722877,-0.51702641009932,0.195914084249198,0.0422052991608999,-93.1420875557527,37.058943318188
"658","Geometric",13.3471660614014,24.5359992980957,1.42866659164429,1126,122,49,25.0418758392334,348,183,300,183,12.2723331451416,32.3364601135254,931.707214355469,31.8759994506836,-6.07599973678589,37.9519996643066,18.1126670837402,1.42866659164429,0.87070306313485,-1.42605708182497,1.46767792522859,0.32012874721063,0.280677967908178,0.199630462941024,0.0107378037686218,-0.495769018658881,0.176341872115695,0.0417944897216695,-93.3023872530681,37.2244541011385
"658","Population-Weighted",13.5275001525879,24.7826671600342,1.53600001335144,1126,121,49,24.9893455505371,347,183,298,183,12.4090003967285,32.4979057312012,937.733459472656,32.1440010070801,-6.03999996185303,38.1840019226074,18.3646659851074,1.53600001335144,0.909453395680234,-1.368627423694,1.52453877357316,0.33753801166974,0.347316547723558,0.186324802057783,0.0262397937030968,-0.496834726678334,0.180928369090224,0.0308556439450298,-93.2971924399408,37.1880673858023
"660","Geometric",12.5131664276123,24.5499992370605,-0.396666646003723,1001,140,30,43.3883628845215,366,105,328,105,11.8050003051758,29.855842590332,1003.11450195312,31.8360004425049,-7.7039999961853,39.5400009155273,22.2006664276123,-0.396666646003723,0.366025399591776,-0.647770160175671,1.79434106552674,-1.02325605204983,0.0617250154639292,0.504923135760046,-0.232938318976185,-0.509608880902248,-0.221541705607887,0.222735931640481,-95.1235772429063,38.8306438028352
"660","Population-Weighted",12.6099996566772,24.7646675109863,-0.446000099182129,1004,137,31,43.3448143005371,368,105,329,105,11.9000005722046,29.8096199035645,1014.05334472656,32.1199989318848,-7.80000019073486,39.9199981689453,22.4633331298828,-0.446000099182129,0.36166771853612,-0.615268209221675,1.88351135467767,-0.997140581503469,0.131219702166597,0.488595900815811,-0.233249557563359,-0.496057161555789,-0.210283207758142,0.200176058812969,-94.9919262694586,38.9571612054832
"661","Geometric",12.626166343689,24.7693328857422,-0.390666723251343,1005,134,30,43.234302520752,367,104,327,104,11.7376661300659,29.5897617340088,1012.04205322266,32.0799980163574,-7.58799982070923,39.6679992675781,22.5,-0.390666723251343,0.362824713673182,-0.601258618208023,1.8730760718419,-0.982678788245075,0.0703607697714146,0.561064691046981,-0.222423574992954,-0.493412548548326,-0.220013016796124,0.179742856744388,-94.7520247682826,39.1220568921374
"661","Population-Weighted",12.8483333587646,25.0019989013672,-0.203333303332329,1003,134,30,42.9906959533691,366,105,325,105,11.78600025177,29.6398754119873,1013.91680908203,32.3279991149902,-7.43599987030029,39.7639999389648,22.7566661834717,-0.203333303332329,0.419517535560893,-0.571257210561718,1.9236808894726,-0.963211881738363,0.11106388824955,0.575445639187728,-0.203185055345979,-0.493925061150804,-0.218162083413509,0.179381264625606,-94.7120423672777,39.1087115129142
"662","Geometric",13.0348329544067,25.2153339385986,-0.0180000457912683,1021,136,31,43.049934387207,373,107,331,107,11.7196664810181,29.4316101074219,1016.14123535156,32.423999786377,-7.39599990844727,39.8199996948242,22.982666015625,-0.0180000457912683,0.468071811636686,-0.650889526495822,1.99923003397752,-0.992569441192543,0.132569811098509,0.586930326452967,-0.225284798607533,-0.488280004662934,-0.225170052211558,0.184243322347727,-94.7321518480633,38.9577448579756
"662","Population-Weighted",13.0348329544067,25.2153339385986,-0.0180000457912683,1021,136,31,43.049934387207,373,107,331,107,11.7196664810181,29.4316101074219,1016.14123535156,32.423999786377,-7.39599990844727,39.8199996948242,22.982666015625,-0.0180000457912683,0.468071811636686,-0.650889526495822,1.99923003397752,-0.992569441192543,0.132569811098509,0.586930326452967,-0.225284798607533,-0.488280004662934,-0.225170052211558,0.184243322347727,-94.7107098081956,38.9522569043504
"664","Geometric",12.1075000762939,24.5386657714844,-1.15399992465973,888,141,20,53.677677154541,356,70,335,70,12.6363334655762,30.8866176605225,1034.58154296875,32.2000007629395,-8.71199989318848,40.9120025634766,22.1540012359619,-1.15399992465973,0.169832452188411,0.0524871117338574,1.75277042642428,-1.50147585689151,0.192597969651135,0.342539870147692,-0.472586636597875,-0.555658053735978,-0.276261969790478,0.215311958382034,-96.109153247331,39.3647088821615
"664","Population-Weighted",12.2624998092651,24.5913333892822,-0.96066677570343,887,140,20,53.150806427002,355,71,332,71,12.6296663284302,30.9489974975586,1029.70593261719,32.2080001831055,-8.60000038146973,40.8079986572266,22.261999130249,-0.96066677570343,0.210053960759374,0.0610749791069385,1.74930441870655,-1.46680158180967,0.182207453641409,0.356230001186138,-0.444774424677062,-0.551036086176256,-0.277588167539968,0.213026429525299,-96.1427265194209,39.2678884131225
"665","Geometric",12.0539999008179,24.439998626709,-1.20266675949097,892,140,20,53.2399520874023,357,70,336,70,12.5426664352417,30.7177391052246,1033.16174316406,32.0359992980957,-8.79600048065186,40.8320007324219,22.0839996337891,-1.20266675949097,0.139305317640239,0.0198633140585192,1.73884670331563,-1.49115896966627,0.154639884989516,0.358756509676055,-0.471603856799002,-0.556321908969881,-0.287879068635578,0.207134484375483,-96.1560637404585,39.3473066962654
"665","Population-Weighted",12.3981666564941,24.7013320922852,-0.900000035762787,886,139,21,52.6560478210449,353,72,328,72,12.8669996261597,31.4596576690674,1032.77209472656,32.2999992370605,-8.60000038146973,40.9000015258789,22.4433326721191,-0.900000035762787,0.250110433966218,0.106666407755891,1.76178142650952,-1.41849093819149,0.241463928488114,0.285218646506422,-0.404990430964593,-0.542509226834008,-0.258291131016545,0.203565093082652,-96.1518720650983,39.228168123002
"666","Geometric",12.7308330535889,25.0026664733887,-0.466666698455811,912,133,24,48.0471611022949,351,84,321,84,12.2836666107178,30.4021053314209,1025.35571289062,32.4560012817383,-7.94799995422363,40.4039993286133,22.7000007629395,-0.466666698455811,0.323920859277691,-0.0944450679949171,1.85452026262767,-1.16316681334462,0.154362086228409,0.50271821957534,-0.297597637881717,-0.513377452060751,-0.245392802442257,0.176602851244035,-95.7591641192035,39.0669692525223
"666","Population-Weighted",12.8909997940063,25.2346668243408,-0.331999987363815,913,132,24,47.7377777099609,352,84,322,84,12.232666015625,30.2041149139404,1028.67614746094,32.6879997253418,-7.8120002746582,40.5,22.9186668395996,-0.331999987363815,0.356148518443984,-0.0855240579938453,1.92187882452152,-1.14953628641762,0.171655298845282,0.543991294517221,-0.298263923048524,-0.51877810421632,-0.254495646605381,0.168170603924408,-95.7135211719719,39.0475619021213
"667","Geometric",13.5638332366943,25.1660003662109,1.17600011825562,1028,136,36,38.8722839355469,353,116,327,116,12.3156671524048,31.6663246154785,965.393981933594,32.5919990539551,-6.30000019073486,38.8919982910156,18.4933338165283,1.17600011825562,0.773732440006287,-0.715093925666695,1.60353527018741,-0.552240262744896,0.223653029503561,0.390421858974991,-0.455072300845265,-0.686391574878246,-0.038639951516745,0.157984253581756,-95.2190327318351,37.6353087305882
"667","Population-Weighted",13.6133337020874,25.2040004730225,1.31800007820129,1069,137,37,37.6966743469238,366,126,324,126,12.2446670532227,31.5942478179932,961.927612304688,32.6440010070801,-6.11199998855591,38.7560005187988,18.5313339233398,1.31800007820129,0.836820361744461,-0.874110056743823,1.60668898084767,-0.519507304898202,0.272554710812629,0.404514343415265,-0.399359912147739,-0.684885222526067,-0.0211883454851872,0.16339167534036,-95.0046903415126,37.5235539590405
"668","Geometric",12.9101667404175,25.0100002288818,-0.0299999713897705,869,138,20,51.0488700866699,343,72,322,72,12.8090000152588,31.5897197723389,1009.84130859375,32.7159996032715,-7.83200025558472,40.5480003356934,22.5440006256104,-0.0299999713897705,0.438188558068093,0.184219919274696,1.76442550076415,-1.31015561538237,0.201470048949835,0.370083495417691,-0.372406966093919,-0.580320932190629,-0.279247037251369,0.220312730212858,-96.3833471927786,38.3618425817251
"668","Population-Weighted",12.9318332672119,25.1133327484131,-0.0946667194366455,875,139,21,51.248649597168,347,73,323,73,12.9450006484985,31.7186126708984,1015.51489257812,32.8600006103516,-7.9520001411438,40.8120002746582,22.6586666107178,-0.0946667194366455,0.445380350322208,0.176868358449043,1.80503670692096,-1.32184224687985,0.272646249791835,0.32212047197163,-0.373609958080232,-0.576681254163795,-0.265486698723263,0.227249290251378,-96.3398746626287,38.408790133651
"669","Geometric",11.5788335800171,24.296667098999,-1.68599998950958,720,105,13,56.1221084594727,298,51,282,51,13.3369998931885,31.7517375946045,1047.92700195312,32.4480018615723,-9.55599975585938,42.0040016174316,21.8926677703857,-1.68599998950958,-0.146284129850548,1.02423897599845,1.53379633385193,-1.17144280668394,0.22721358023329,0.368789425926683,-0.317073826140476,-0.408350147069157,-0.169929453874131,0.0501956046191542,-97.8314859469139,39.771812574666
"669","Population-Weighted",11.6126670837402,24.4993324279785,-1.67533338069916,754,110,15,55.0954895019531,313,57,298,57,13.0706663131714,31.0496635437012,1054.37109375,32.6879997253418,-9.40799999237061,42.0960006713867,21.923999786377,-1.67533338069916,-0.118826820056066,0.790236254514052,1.66673731623977,-1.20727102962104,0.251172975552204,0.410093175126399,-0.381203911946092,-0.443058498408564,-0.193619882303084,0.0635231268205703,-97.6634760078963,39.7631101948391
"670","Geometric",13.8339996337891,26.2859992980957,1.15733325481415,757,106,19,46.0534439086914,288,71,270,71,12.8806667327881,31.5486106872559,1013.65545654297,34.576000213623,-6.2519998550415,40.8279991149902,23.53733253479,1.15733325481415,0.636591687402184,0.838428175406045,1.93268661504519,-0.659702252896831,0.272377838427918,0.708306832671517,-0.0977156186790234,-0.499055585050421,-0.183772881645009,0.0883770695384865,-97.6984825195665,37.4918736654642
"670","Population-Weighted",14.106499671936,26.3360004425049,1.36533319950104,815,116,23,44.618522644043,313,80,282,80,12.5030002593994,31.0865249633789,1007.18310546875,34.2119979858398,-6.00799989700317,40.2199974060059,23.8493328094482,1.36533319950104,0.739642501982684,0.449156498788022,1.99410744623458,-0.729264465095353,0.217442680619971,0.737638012840837,-0.0915618116396795,-0.496020950804076,-0.199925058621288,0.143678267815272,-97.3549971064844,37.6340676580968
"671","Geometric",13.8538331985474,26.0793323516846,1.34933340549469,737,106,17,48.6213989257812,284,64,264,64,13.1510000228882,32.3661155700684,998.639465332031,34.423999786377,-6.20799970626831,40.6319999694824,23.4833335876465,1.34933340549469,0.685726774159786,1.00778500340142,1.80623200114984,-0.743681635637141,0.247794294347727,0.632359367077729,-0.103808811263095,-0.483803709330705,-0.172686521456219,0.108837151212497,-97.896469035735,37.4971569744628
"671","Population-Weighted",13.7278337478638,26.038667678833,1.03733348846436,790,112,22,44.6506233215332,303,77,275,77,12.6176671981812,31.1701259613037,1008.36993408203,34.1040000915527,-6.37599992752075,40.4799995422363,23.4293327331543,1.03733348846436,0.618676466006119,0.565365795529872,1.90983028437523,-0.679072064767942,0.220347025073546,0.711755986906488,-0.0822654014880087,-0.494600240579824,-0.188003349852796,0.133547076095202,-97.4706435306673,37.6279475124692
"672","Geometric",14.2405004501343,26.4659996032715,1.48933327198029,819,118,22,45.3987197875977,317,79,286,79,12.4056663513184,30.9399108886719,1007.35559082031,34.2760009765625,-5.82000017166138,40.0960006713867,24.0246677398682,1.48933327198029,0.7811914833754,0.435203345647575,2.02541715151041,-0.798207002837883,0.198568935540704,0.779083519804075,-0.116516610361342,-0.504628308137688,-0.218828699045582,0.147165324234051,-97.328787578028,37.6987677139606
"672","Population-Weighted",14.2405004501343,26.4659996032715,1.48933327198029,819,118,22,45.3987197875977,317,79,286,79,12.4056663513184,30.9399108886719,1007.35559082031,34.2760009765625,-5.82000017166138,40.0960006713867,24.0246677398682,1.48933327198029,0.7811914833754,0.435203345647575,2.02541715151041,-0.798207002837883,0.198568935540704,0.779083519804075,-0.116516610361342,-0.504628308137688,-0.218828699045582,0.147165324234051,-97.3274472259806,37.6913857086778
"673","Geometric",14.1440000534058,25.6919994354248,1.83333337306976,1046,143,35,37.5891647338867,367,127,301,127,12.7973337173462,32.4475975036621,961.292053222656,33.4000015258789,-6.03999996185303,39.4400024414062,19.0260009765625,1.83333337306976,1.00229139896707,-0.668509614782939,1.6181597085802,-0.524320469178543,0.532674566250601,0.363615657965967,-0.274153850854524,-0.733023274565472,-0.0109828588605036,0.24540632671363,-95.793015460924,37.2359050324404
"673","Population-Weighted",14.1988334655762,25.7600002288818,1.86533343791962,1068,142,36,36.5209846496582,370,132,306,132,12.9183330535889,32.694709777832,961.919128417969,33.431999206543,-6.07999992370605,39.5120010375977,19.1380004882812,1.86533343791962,1.0326628992353,-0.731591276743832,1.65840916021375,-0.481035853264019,0.570435662081669,0.28900539862024,-0.262017421143054,-0.73847113189295,-0.0123504712296827,0.215194769767617,-95.6455206009008,37.2186240039781
"674","Geometric",12.7201662063599,25.5520000457764,-0.422000050544739,732,114,18,52.5843315124512,313,64,277,64,13.6243333816528,32.0935020446777,1045.55676269531,34.1520004272461,-8.30000019073486,42.4519996643066,22.8840007781982,-0.422000050544739,0.283112839653196,0.931007440736085,1.82409000289783,-1.02961758385347,0.536308354023847,0.382140036491012,-0.228174705164991,-0.473537227486783,-0.138618055125097,0.152322447462497,-97.7902583923268,38.9749068786989
"674","Population-Weighted",13.1428327560425,25.914665222168,0.0399998836219311,750,113,20,51.9077339172363,317,69,282,69,13.0836668014526,31.2348823547363,1042.11926269531,34.1839981079102,-7.7039999961853,41.887996673584,23.3039989471436,0.0399998836219311,0.382987357993576,0.767513273213938,1.93373009612311,-0.988942237775132,0.423709505610305,0.561123724026476,-0.233521337230497,-0.418353953588505,-0.131949413792292,0.137118489079989,-97.6098093819658,38.8367899713721
"675","Geometric",12.8125,25.1246662139893,0.255999952554703,639,98,14,52.7326316833496,271,56,256,56,14.2130002975464,34.1068344116211,1006.34979248047,33.8120002746582,-7.8600001335144,41.6720008850098,22.6286659240723,0.255999952554703,0.377359056404117,1.42664383466506,1.53559349045905,-0.800267251763934,0.369067028992465,0.23297906396918,-0.133927258223007,-0.422411691053487,-0.111946442285401,0.0638706247581662,-98.9446205235283,38.2312191146354
"675","Population-Weighted",12.978666305542,25.257999420166,0.44666662812233,660,100,13,51.3161659240723,270,56,252,56,13.576000213623,33.1121940612793,1000.19299316406,33.7080001831055,-7.29200029373169,41,22.7439994812012,0.44666662812233,0.408553458165642,1.30395105091529,1.54846548769185,-0.790330994019101,0.224998186134978,0.481699357146018,-0.0991817997850567,-0.444848333257043,-0.148461353522658,0.0812344328054264,-98.4926583277487,38.1989387300582
"676","Geometric",11.8303337097168,24.5419998168945,-0.935333430767059,577,90,10,58.3244247436523,251,38,232,38,15.1966667175293,34.941291809082,1029.64758300781,33.8479995727539,-9.64400005340576,43.492000579834,21.8786659240723,-0.935333430767059,0.0160082142765434,1.98252052589242,1.34726739919089,-0.896943121722124,0.625002005685778,0.0065608527412511,-0.154434009972907,-0.380368681338993,-0.0329811107193828,0.0799055872650907,-99.4485172629735,39.3232768142988
"676","Population-Weighted",11.6291666030884,24.253999710083,-1.08599984645844,583,89,10,57.6080474853516,250,38,233,38,14.6909999847412,34.1587600708008,1023.99566650391,33.3079986572266,-9.69999980926514,43.007999420166,21.5906658172607,-1.08599984645844,-0.0766664651447413,1.85891371802751,1.28924381607359,-0.883462375626908,0.459054458492344,0.138845674014448,-0.160680934640206,-0.361350169883673,-0.050862219588211,0.0715005538058125,-99.3276978112743,39.2160050751329
"677","Geometric",10.6068334579468,22.9379997253418,-1.30000007152557,483,92,8,70.7244873046875,246,26,207,26,15.7496671676636,37.2332534790039,984.246215820312,32.3040008544922,-9.99600028991699,42.3000030517578,20.292667388916,-1.30000007152557,-0.0777837534383573,2.30726868853715,0.669596582274605,-1.22663032499658,0.451093650119176,-0.248606649925862,-0.240501172331333,-0.133557019576976,0.191065591630764,0.189889049702224,-101.131655316889,39.3372263848647
"677","Population-Weighted",10.6634998321533,22.9360008239746,-1.2059999704361,481,90,8,69.7821273803711,243,27,207,27,15.6470003128052,37.0852317810059,979.642517089844,32.2919998168945,-9.89999961853027,42.1920013427734,20.3280010223389,-1.2059999704361,-0.0711408608088783,2.29606910927524,0.675937908196896,-1.17475251042723,0.409876807519152,-0.216449283734385,-0.225979489584027,-0.134667931390518,0.180318438328392,0.176342108915342,-101.068418451346,39.3217116850495
"678","Geometric",12.308666229248,24.5,0.217333480715752,488,80,10,63.1866493225098,230,35,215,35,15.7533330917358,37.0074577331543,983.95556640625,33.7879981994629,-8.77999973297119,42.5679969787598,21.9893321990967,0.217333480715752,0.295454467723909,2.37223128082169,1.12412352344661,-0.826512292751981,0.524120285063877,-0.141757255616104,-0.135539728183774,-0.196642242972386,0.108966075420119,0.0624511143606848,-100.798594342909,37.884927725876
"678","Population-Weighted",12.3241662979126,24.4393329620361,0.237999990582466,506,83,10,62.9551391601562,239,36,221,36,15.7369995117188,36.9725570678711,980.859252929688,33.6959991455078,-8.86800003051758,42.5639991760254,21.9093341827393,0.237999990582466,0.30654068061144,2.286239606487,1.12482108018782,-0.87513120907044,0.528282050674547,-0.167603161482587,-0.157704122246229,-0.228051936718199,0.0833939540081623,0.0747511434498905,-100.657703041875,37.8618378896199
"679","Geometric",12.8411664962769,24.5913333892822,1.29266667366028,446,75,8,62.930046081543,206,28,187,28,16.0510005950928,38.5581817626953,944.097961425781,33.8400001525879,-7.78800010681152,41.6279983520508,22.2153339385986,1.29266667366028,0.553000586683687,2.69052557797088,0.928220528527498,-0.68441157822313,0.429248210716531,-0.139068702930479,0.00661855643637117,-0.181640330539546,0.135524331649242,0.0796480853206523,-101.430722231458,37.1816836221478
"679","Population-Weighted",12.9518327713013,24.6046657562256,1.42666661739349,469,78,10,59.9551391601562,212,33,191,33,15.9063329696655,38.5439910888672,939.275573730469,33.7319984436035,-7.53599977493286,41.2679977416992,22.2393321990967,1.42666661739349,0.609034170272227,2.51531832777407,0.94927712489215,-0.61451182015654,0.393692934280852,-0.136913707308759,0.0433832534606722,-0.225193621779552,0.106943935258329,0.0861772382032604,-101.209188050745,37.1146426477864
"680","Geometric",9.77133369445801,22.9099998474121,-4.4060001373291,761,111,18,52.123348236084,301,61,279,61,12.4233331680298,29.4727020263672,1102.53112792969,30.3279991149902,-11.8239994049072,42.1520004272461,20.783332824707,-4.4060001373291,-0.887382182899333,0.480211558686036,1.39523238526459,-1.13534949327163,0.0783902031281549,0.477705798609826,-0.232402730383169,-0.334661792037885,-0.152121781513592,0.0548893837583498,-96.4540013071766,41.5435362129589
"680","Population-Weighted",10.0093336105347,23.0459995269775,-4.07399988174438,782,117,19,51.4331855773926,313,62,287,62,12.2546663284302,29.2669734954834,1094.83337402344,30.3559989929199,-11.5159997940063,41.871997833252,20.8859996795654,-4.07399988174438,-0.789453195927204,0.333433554029433,1.43726750158953,-1.18826171783333,0.0528305629734051,0.508838601843979,-0.258601298980998,-0.374692560034509,-0.186939147473791,0.0955794785713172,-96.2453224216476,41.3326617944467
"681","Geometric",10.7003335952759,24.0606670379639,-3.50666666030884,772,112,19,52.6888618469238,316,63,298,63,11.9566669464111,28.1837329864502,1111.32250976562,31.5319995880127,-10.8920001983643,42.423999786377,21.7799987792969,-3.50666666030884,-0.656156114957056,0.391704738462723,1.7619266960774,-1.19092466687526,0.123678460401032,0.704915349291003,-0.342937156584294,-0.338882179636852,-0.186200456920797,0.0488609145301937,-96.0441471198333,41.2464813820433
"681","Population-Weighted",10.7003335952759,24.0606670379639,-3.50666666030884,772,112,19,52.6888618469238,316,63,298,63,11.9566669464111,28.1837329864502,1111.32250976562,31.5319995880127,-10.8920001983643,42.423999786377,21.7799987792969,-3.50666666030884,-0.656156114957056,0.391704738462723,1.7619266960774,-1.19092466687526,0.123678460401032,0.704915349291003,-0.342937156584294,-0.338882179636852,-0.186200456920797,0.0488609145301937,-96.0519951275884,41.2379123930272
"683","Geometric",10.8795003890991,23.7719993591309,-2.83399987220764,760,114,15,54.3307495117188,310,52,288,52,13.1389999389648,31.0820407867432,1072.27807617188,31.7159996032715,-10.5559997558594,42.2719993591309,21.5139999389648,-2.83399987220764,-0.413558028248036,0.754475724555076,1.51084296560996,-1.25374403955727,0.236784740465941,0.334546705677366,-0.308529490499072,-0.456357119507361,-0.207503162098829,0.0915625878088832,-96.8525023385407,40.4152067804978
"683","Population-Weighted",10.6461668014526,23.5753326416016,-3.13266658782959,773,108,15,52.1844253540039,306,57,291,57,12.9156665802002,30.6610641479492,1076.06140136719,31.423999786377,-10.6999998092651,42.1240005493164,21.3193340301514,-3.13266658782959,-0.515983097688597,0.668653128521533,1.50727457707191,-1.14430299973901,0.15804280760987,0.369983308435366,-0.286316108142185,-0.453131183790889,-0.222087357826326,0.0214707343504719,-96.6981592081962,40.5463543307761
"684","Geometric",10.6933336257935,23.6313343048096,-3.07999992370605,777,107,15,51.6260681152344,306,59,293,59,12.942666053772,30.6814575195312,1075.6455078125,31.496000289917,-10.6879997253418,42.1839981079102,21.3526668548584,-3.07999992370605,-0.502265237233456,0.657861550484335,1.53014435790529,-1.11717178245996,0.170792904215059,0.356586485153838,-0.284185566790886,-0.460582970015374,-0.227845516533251,0.00581038493159654,-96.6532183574941,40.5525467106287
"684","Population-Weighted",10.6815004348755,23.6280002593994,-3.08800005912781,789,106,16,50.5427513122559,307,63,297,63,12.9203329086304,30.5821189880371,1075.60168457031,31.511999130249,-10.7360000610352,42.2480010986328,21.3093338012695,-3.08800005912781,-0.506750183033544,0.588768569878972,1.55974782741197,-1.06652899397279,0.178457378927408,0.337181743569422,-0.284520928147153,-0.462959371543179,-0.228553781131337,-0.0109802253532015,-96.5624580294843,40.6146852531877
"685","Geometric",11.1786670684814,24.5613327026367,-2.84200000762939,765,110,17,51.2013626098633,298,59,281,59,12.8360004425049,29.6662654876709,1103.43200683594,32.6800003051758,-10.5880002975464,43.2680015563965,22.1466674804688,-2.84200000762939,-0.456059798711298,0.741494750616954,1.80079919403218,-1.0569578580206,0.388197307339154,0.545860520703434,-0.244453721397025,-0.439494830380979,-0.193763503621202,0.0682391838349931,-96.6787603829621,40.8277176283082
"685","Population-Weighted",11.1786670684814,24.5613327026367,-2.84200000762939,765,110,17,51.2013626098633,298,59,281,59,12.8360004425049,29.6662654876709,1103.43200683594,32.6800003051758,-10.5880002975464,43.2680015563965,22.1466674804688,-2.84200000762939,-0.456059798711298,0.741494750616954,1.80079919403218,-1.0569578580206,0.388197307339154,0.545860520703434,-0.244453721397025,-0.439494830380979,-0.193763503621202,0.0682391838349931,-96.6739611885256,40.8038400063296
"686","Geometric",9.51516628265381,22.5633335113525,-4.28200006484985,701,107,13,54.8727607727051,300,51,271,51,13.3596668243408,31.4819183349609,1086.94836425781,30.3039989471436,-12.1319999694824,42.4359970092773,20.3886661529541,-4.28200006484985,-0.856865316259661,0.870415920998215,1.17809598204686,-1.21906493572864,0.173368699930215,0.195494313807062,-0.239813484070196,-0.385757699895866,-0.166763967413436,0.0424361524504316,-97.6673290339305,41.5430850937124
"686","Population-Weighted",9.95050048828125,23.1593341827393,-4.02333307266235,701,110,12,55.8080444335938,295,53,273,53,12.7176666259766,29.9662265777588,1098.92639160156,30.8320007324219,-11.6079998016357,42.4400024414062,20.9393329620361,-4.02333307266235,-0.810261268003073,0.813531860449357,1.36438587295782,-1.26635163909422,0.136810429137644,0.49501514063984,-0.273979303559815,-0.350423467241712,-0.169721388342224,0.0566066954417834,-97.3772103573356,41.4649184973968
"687","Geometric",9.43883323669434,22.7740001678467,-4.47266674041748,590,98,11,59.0336380004883,261,41,247,41,13.4883327484131,31.0991725921631,1103.62341308594,31.0559997558594,-12.3159999847412,43.3720016479492,20.3506660461426,-4.47266674041748,-0.985563965059093,1.35944243920315,1.18850859081107,-1.14630421337851,0.254468177208397,0.33446666639984,-0.255083861302458,-0.256370535242453,-0.050861149477982,0.0494194587197233,-98.1864311727222,42.4337379847742
"687","Population-Weighted",8.72466659545898,22.2386665344238,-5.56133317947388,550,78,13,49.6001892089844,222,49,212,49,13.0806665420532,30.0152969360352,1124.56420898438,30.2439994812012,-13.3360004425049,43.5800018310547,20.0086669921875,-5.56133317947388,-1.41121309851422,1.39262842614878,1.10041014493555,-0.578506265397243,0.13272566684056,0.501823594005259,0.0467372289714617,-0.208777210050318,-0.0418791667420443,-0.0705930605853842,-97.4916832340951,42.4052600940414
"688","Geometric",9.50266647338867,22.4813346862793,-3.69266653060913,631,97,12,56.322811126709,273,45,252,45,14.2633333206177,33.179801940918,1059.19604492188,30.9680004119873,-12.0200004577637,42.9879989624023,19.8853340148926,-3.69266653060913,-0.750590932676368,1.33240982954291,1.02431017595497,-1.0453958118421,0.309374764716593,-0.0183481855195818,-0.220381848796624,-0.3669936428701,-0.0834426229057063,0.0499840113916365,-99.0933682550085,41.3122362085785
"688","Population-Weighted",9.7993335723877,22.7080001831055,-3.57400012016296,656,104,10,59.4091415405273,289,41,260,41,14.0173330307007,32.882926940918,1062.11535644531,30.8439998626709,-11.7840003967285,42.6279983520508,20.3400001525879,-3.57400012016296,-0.67683000822167,1.26317466447174,1.06868597451284,-1.28923134470048,0.261675279964101,0.0698289359531474,-0.278856332739763,-0.36449636369744,-0.114384090200535,0.072759518649512,-98.793932281078,40.9910711498738
"689","Geometric",10.1409997940063,22.9013328552246,-3.06933331489563,653,107,11,60.250431060791,288,37,262,37,14.0073337554932,32.8563842773438,1050.60290527344,31.2320003509521,-11.3999996185303,42.6319999694824,20.5319995880127,-3.06933331489563,-0.55541955688451,1.29192439308491,1.11588303015898,-1.31722714914091,0.267313100557297,0.0949856035788415,-0.316553381662548,-0.367948186147413,-0.113008996557614,0.127606682506331,-98.9058257927185,40.3402985951094
"689","Population-Weighted",10.2840003967285,23.1886672973633,-3.04266667366028,663,109,11,59.5977554321289,291,39,262,39,14.006667137146,32.6161193847656,1059.83020019531,31.6440010070801,-11.3000001907349,42.9440002441406,20.7573337554932,-3.04266667366028,-0.525349826299336,1.27394176116285,1.20878176280592,-1.31544366737551,0.352348355588121,0.131350607241947,-0.305664080828567,-0.397886639216185,-0.121975603118689,0.138535984072789,-98.7328568386606,40.4441267088508
"690","Geometric",10.1300001144409,22.724666595459,-2.1266667842865,532,92,10,66.6781311035156,263,33,232,33,15.6380004882812,36.3640594482422,1009.64770507812,32.2439994812012,-10.7600002288818,43.0039978027344,19.9646663665771,-2.1266667842865,-0.282050559646941,2.01820341925327,0.818060172780688,-1.18276367346788,0.511759558890702,-0.330755379670106,-0.301288537197647,-0.236673997665483,0.109211691526583,0.134633022469156,-100.995506560026,40.3658543255212
"690","Population-Weighted",10.2089996337891,22.843334197998,-2.15466666221619,530,90,11,65.4462814331055,259,35,232,35,15.8339996337891,36.5546226501465,1014.62176513672,32.3839988708496,-10.9320001602173,43.3159980773926,20.0953330993652,-2.15466666221619,-0.284729982635451,2.04566267094661,0.867841208111277,-1.1054880747259,0.575495785857751,-0.395648814610314,-0.276502013416612,-0.240055968216151,0.113231636936817,0.115315818071209,-100.881958757126,40.31775499257
"691","Geometric",9.34816646575928,22.0219993591309,-2.81666660308838,437,63,20,39.8772850036621,172,64,146,64,15.671667098999,36.3679275512695,1009.34027099609,31.7919998168945,-11.3000001907349,43.0919990539551,19.2746658325195,-2.81666660308838,-0.656434155633053,2.04948481064747,0.612167565137266,0.339574458343132,0.496981161448415,-0.251871566125211,0.498905960900188,-0.288031054728744,0.154780813118891,0.0431986103759577,-101.545059721428,41.3863161545962
"691","Population-Weighted",9.72200012207031,22.1586666107178,-2.16333341598511,452,80,11,62.8026123046875,218,39,180,39,14.7360000610352,35.1996917724609,988.111572265625,31.6040000915527,-10.2600002288818,41.8639984130859,19.3746662139893,-2.16333341598511,-0.442843515600002,2.10339721699789,0.537384314843785,-0.754749807760203,0.218420245817018,0.0871077986915968,-0.0364636351130593,-0.0773204326076478,0.227304902826071,0.157057555728836,-101.687275252616,41.1875789228428
"692","Geometric",8.75516700744629,21.4966659545898,-3.64000010490417,513,87,9,67.5042495727539,253,33,225,33,14.5650005340576,34.1484565734863,1023.48461914062,30.6879997253418,-11.96399974823,42.6520004272461,18.8346672058105,-3.64000010490417,-0.819700292833007,1.83049944405441,0.596534787458486,-1.19763079550078,0.199949869636641,-0.0547438303740626,-0.315624888909719,-0.111886963020602,0.13224665439225,0.11139819987614,-100.887294711981,42.5753470597415
"692","Population-Weighted",8.76300048828125,21.7159996032715,-3.8840000629425,493,83,9,67.5792388916016,244,31,215,31,14.9466667175293,34.2970771789551,1041.33801269531,31.1800003051758,-12.3999996185303,43.5800018310547,18.9599990844727,-3.8840000629425,-0.884053217225447,2.02018808819003,0.661493432099428,-1.13011246718659,0.37538779331578,-0.106369855445052,-0.2818397937074,-0.105657047929747,0.165448553771081,0.10340138935986,-101.142486072205,42.7802365381705
"693","Geometric",8.63549995422363,21.046667098999,-2.86533355712891,422,81,10,68.3797302246094,209,31,169,31,15.1350002288818,35.9398727416992,971.863220214844,30.9720001220703,-11.1400003433228,42.1119995117188,18.1046657562256,-2.86533355712891,-0.657109348741118,2.27556503974936,0.199292516785805,-0.896820661301073,0.22024195736356,-0.0942383342083938,-0.107962753518139,0.000192270011891482,0.327435994047601,0.234628245548557,-102.960457429893,42.2517010120323
"693","Population-Weighted",8.57400035858154,21.0446662902832,-3.1453332901001,407,77,11,65.4162826538086,200,33,159,33,15.8546667098999,36.8850402832031,982.018798828125,31.3159999847412,-11.6680002212524,42.984001159668,18.1506671905518,-3.1453332901001,-0.700275256929001,2.43209011115596,0.212928013227015,-0.722870161153242,0.427372644634412,-0.30966346746724,-0.0043866924828036,-0.0498937670524779,0.335948924103838,0.219444325326935,-103.306074577949,42.1198146129489
"700","Geometric",20.3388328552246,27.4026660919189,12.5973339080811,1593,174,82,18.1778163909912,489,327,475,403,9.60833358764648,37.2936401367188,609.319458007812,32.4000015258789,6.63600015640259,25.7640018463135,27.2119998931885,17.0346660614014,4.649821621136,-4.58763616678736,2.1449991355854,0.32304418878946,-0.756401897404612,0.0529315898997864,0.200100523852665,0.312479192759379,-0.0467779525888861,-0.180335422137033,-89.9851673709635,29.76073869014
"700","Population-Weighted",20.4139995574951,27.6506652832031,12.482666015625,1611,169,80,16.8488388061523,475,328,475,410,10.7446670532227,39.5082588195801,621.967956542969,33.0320014953613,5.83599996566772,27.1960010528564,27.6506652832031,16.8913345336914,4.68482077219068,-4.31539873268252,2.21060311696171,0.40970280492684,-0.434008098569239,-0.329785291932346,0.278799113463467,0.240359817310816,-0.0707171872108213,-0.311186378960827,-90.2029589431377,29.9503449384138
"701","Geometric",20.095666885376,27.3713340759277,12.1866664886475,1576,167,78,17.0237503051758,466,326,455,408,10.3533334732056,38.7069435119629,623.066528320312,32.7239990234375,5.97599983215332,26.7479991912842,27.1019992828369,16.542667388916,4.56086667127465,-4.2601755134844,2.06559254247036,0.448065373954574,-0.53617697519372,-0.115871748611662,0.334338078434632,0.264073985246552,-0.035047748613276,-0.279856254673709,-89.9073875064484,30.0477148898468
"701","Population-Weighted",20.7153339385986,27.949333190918,12.7266674041748,1588,167,79,16.3609848022461,463,329,463,407,11.2180004119873,40.7039184570312,624.710021972656,33.4720001220703,5.91200017929077,27.5599994659424,27.949333190918,17.1539993286133,4.77935880734711,-4.10111768936826,2.22324341271466,0.495560875568352,-0.310561259248278,-0.431537093266398,0.346885974469096,0.227248224373455,-0.050251286461002,-0.332578259161325,-90.0597614580302,29.9733530553505
"703","Geometric",20.3171672821045,27.1933326721191,12.7980003356934,1640,201,88,23.542552947998,545,317,533,371,9.6056661605835,37.8593254089355,589.226257324219,32.1159973144531,6.74399995803833,25.371997833252,26.9286651611328,16.9733333587646,4.81155625298394,-4.99059490060923,2.24860622960334,-0.213162611147868,-0.865039306982734,-0.24089151780541,-0.210552920044322,0.194369656349312,-0.0984068266716724,0.0469350219238497,-90.7971202990787,29.5762805061646
"703","Population-Weighted",20.074499130249,27.0599994659424,12.4353332519531,1687,198,93,20.4515228271484,534,337,531,394,10.4903326034546,39.8205757141113,599.230102539062,32.3040008544922,5.96000003814697,26.3440017700195,26.7826671600342,16.6186656951904,4.80910166227208,-5.05843603299297,2.25599899356973,0.0367874497931234,-0.569099756857202,-0.650180005201089,-0.0980297964951073,0.23438043960303,0.00299767267434026,-0.0540079913120451,-90.8077707818385,29.7009481341152
"704","Geometric",19.1459999084473,26.826000213623,10.9400005340576,1629,163,86,14.3199825286865,441,332,437,428,12.6793336868286,43.0157852172852,649.053649902344,33.2000007629395,3.72399997711182,29.476001739502,12.3066673278809,19.736665725708,4.33088277634187,-4.17622719501923,0.986533549955322,1.26300263371414,0.583672599550767,-0.723359676942926,-0.653039892416331,-0.153226888427818,0.320594274569816,-0.470444913113375,-90.224621783072,30.5607634539388
"704","Population-Weighted",19.4938335418701,27.0553340911865,11.3699998855591,1604,166,84,14.8154382705688,442,329,442,415,12.1029996871948,42.0652008056641,641.381042480469,33.1599998474121,4.38800001144409,28.7719993591309,27.0553340911865,20.1353340148926,4.58809876187661,-4.01684489826762,1.96178361388243,0.74355214650242,0.0152802770109151,-0.759145682017764,0.378195425013873,0.422875325181924,-0.176307964991711,-0.279541069856077,-90.1493329653863,30.4550070918696
"705","Geometric",19.8659992218018,27.5113334655762,11.4779996871948,1552,164,106,14.5773935317993,452,328,452,388,11.0513334274292,39.5368232727051,653.206665039062,32.9000015258789,4.94799995422363,27.9520015716553,27.5113334655762,16.0526657104492,4.44622867732049,-4.40683383581838,2.34820493695821,0.912537914553422,-0.341545615687132,-0.564905394910979,0.312919946565673,0.572860150722314,0.286165949779087,-0.0909349535209663,-92.1552616058308,30.1681492429924
"705","Population-Weighted",19.9675006866455,27.6186676025391,11.5880002975464,1566,162,108,13.578311920166,448,338,445,397,11.414999961853,40.2049903869629,653.783752441406,33.1479988098145,4.75600004196167,28.3919982910156,26.326000213623,16.1613330841064,4.47845846678759,-4.41615492852092,2.28662450537639,1.07502237234906,-0.162664693227561,-0.667540866153224,0.284043111207021,0.558178144196776,0.386188485706773,-0.120464842015767,-92.0797336183735,30.2238656702758
"706","Geometric",19.6311664581299,27.3966674804688,11.2233333587646,1461,143,89,15.2612419128418,413,290,393,370,10.8523330688477,38.7915840148926,658.891723632812,32.8559989929199,4.88000011444092,27.9759979248047,26.007999420166,15.7946672439575,4.17450290159315,-3.60943472268772,1.95157954435651,0.970279193917934,-0.423940264848283,-0.0600022447769878,0.447364388656947,0.403238613273617,0.184308458444393,-0.218637405581977,-93.2191219738497,30.3264837121721
"706","Population-Weighted",19.5376663208008,27.3386669158936,11.1099996566772,1469,143,89,14.7776746749878,412,295,390,376,11.0513334274292,39.1946830749512,661.1357421875,32.8920021057129,4.69599962234497,28.1960029602051,25.9353332519531,15.6880006790161,4.16712499244408,-3.61289033549007,1.93011113639213,1.00457069748441,-0.346901811441483,-0.135294201765939,0.484003894315506,0.40369020063706,0.202085644942407,-0.235660728224815,-93.2387078965443,30.3464967257965
"707","Geometric",19.3251667022705,27.0860004425049,10.9386672973633,1586,152,98,11.4372100830078,426,338,423,426,11.3196668624878,39.8243255615234,658.640563964844,32.7120018005371,4.28800010681152,28.4240016937256,10.9386672973633,19.9733333587646,4.17797336212701,-4.47178144622235,1.03882046547574,1.68431271305994,0.295842689248013,-0.215040987104093,-0.735391879105438,0.0639918668832047,0.518746432554353,-0.412236025001019,-91.2200455321699,30.5604726622116
"707","Population-Weighted",19.5623340606689,27.2573337554932,11.2586669921875,1606,159,96,12.247371673584,439,340,439,424,11.9793329238892,41.4854316711426,653.398254394531,33.1319999694824,4.25600004196167,28.8759994506836,27.2573337554932,20.1333332061768,4.55503690625379,-4.22456841053687,2.10682391598954,1.04747531379514,0.0411609203336116,-0.784282655549958,0.421914813278586,0.610716797435193,-0.0237848121445388,-0.268116920502418,-91.0383612517746,30.4614373107571
"708","Geometric",19.9771671295166,27.6660003662109,11.6333332061768,1598,158,98,11.5460538864136,440,343,440,416,12.0410003662109,41.5722961425781,655.021240234375,33.576000213623,4.61199998855591,28.9640007019043,27.6660003662109,20.5540008544922,4.66387607728485,-4.19592072100081,2.23359460097725,1.11872042139351,0.068748611716662,-0.788229892046053,0.407241276947861,0.61668023064525,-0.00913524756218442,-0.238210606325486,-91.1068224168159,30.443802392665
"708","Population-Weighted",19.9771671295166,27.6660003662109,11.6333332061768,1598,158,98,11.5460538864136,440,343,440,416,12.0410003662109,41.5722961425781,655.021240234375,33.576000213623,4.61199998855591,28.9640007019043,27.6660003662109,20.5540008544922,4.66387607728485,-4.19592072100081,2.23359460097725,1.11872042139351,0.068748611716662,-0.788229892046053,0.407241276947861,0.61668023064525,-0.00913524756218442,-0.238210606325486,-91.0932551795256,30.4343577753109
"710","Geometric",17.8221664428711,26.8913326263428,8.29399967193604,1275,134,69,16.4748821258545,358,248,281,348,12.4363327026367,38.6413536071777,754.922668457031,33.5359992980957,1.35199999809265,32.1839981079102,9.5019998550415,23.3680000305176,3.34449740710264,-2.45099098512785,0.418825874149684,1.60794656763354,0.864477273208877,0.418891982344991,-0.534739226600045,-0.0396283076540366,0.0282866169440605,-0.20361789985521,-93.4057945290383,32.4501866973573
"710","Population-Weighted",17.6531677246094,26.7573337554932,8.12800025939941,1276,133,69,15.8326959609985,353,253,283,343,12.377667427063,38.3399429321289,756.883972167969,33.3520011901855,1.067999958992,32.2840003967285,9.31066703796387,23.2626667022705,3.26628558498108,-2.48125188686369,0.42535362358795,1.65779888993738,0.830528791355499,0.409539510026994,-0.558653488541491,-0.0306060656498401,0.0271337153974649,-0.191407235753642,-93.5637541950163,32.4909500843198
"711","Geometric",18.4498329162598,27.5686664581299,8.83800029754639,1287,132,69,15.73708152771,363,251,289,337,12.4409999847412,38.3508033752441,760.423767089844,34.1879997253418,1.74800002574921,32.439998626709,22.3626670837402,27.0919990539551,3.72378677731674,-2.26110982935263,1.36896400034232,1.3177142064788,0.634985470533462,0.264375817613816,0.263807334850877,0.547158733945988,-0.554669538087979,-0.0488801213781316,-93.7600152579985,32.463609422294
"711","Population-Weighted",18.4498329162598,27.5686664581299,8.83800029754639,1287,132,69,15.73708152771,363,251,289,337,12.4409999847412,38.3508033752441,760.423767089844,34.1879997253418,1.74800002574921,32.439998626709,22.3626670837402,27.0919990539551,3.72378677731674,-2.26110982935263,1.36896400034232,1.3177142064788,0.634985470533462,0.264375817613816,0.263807334850877,0.547158733945988,-0.554669538087979,-0.0488801213781316,-93.7540424815164,32.4750694238589
"712","Geometric",17.9133338928223,26.9939994812012,8.33933353424072,1362,141,78,19.2662315368652,396,251,273,394,12.1660003662109,38.0092468261719,756.922180175781,33.4720001220703,1.46399998664856,32.007999420166,17.8993339538574,26.3773326873779,3.64180861735716,-2.77090857325954,0.86780517848629,1.26937647249943,0.894036368229796,0.384324427173654,0.119063998165922,0.593896068781019,-0.234552122007518,-0.0876272804210998,-91.9541760941899,32.5711018973149
"712","Population-Weighted",18.3535003662109,27.5340003967285,8.66600036621094,1342,143,75,18.4238586425781,389,256,271,383,12.5950002670288,38.6491966247559,765.222290039062,34.1279983520508,1.53999996185303,32.5879974365234,18.431999206543,26.8633327484131,3.75119593192563,-2.58751586364583,0.99544966611341,1.30124762098104,1.03149095793526,0.306845180446386,0.126498448258715,0.527090533726619,-0.277961861614665,-0.0639437076116536,-92.0701513982291,32.5315982049887
"713","Geometric",19.0965003967285,27.5193328857422,9.95333385467529,1533,165,97,16.9524478912354,448,307,320,442,12.0116672515869,39.5276641845703,714.333923339844,33.5279998779297,3.1399998664856,30.3880004882812,11.046667098999,24.1173343658447,4.13339812062804,-3.98026195586951,0.688556442241394,1.50711577218127,1.09334975684772,0.130936731798604,-0.422002890074831,0.315916088546676,0.416736742793395,-0.120686269023549,-91.8698675576467,31.4488314761599
"713","Population-Weighted",18.8301658630371,27.1833324432373,9.96066665649414,1529,167,97,16.5005378723145,448,312,322,441,11.5763330459595,38.5312652587891,697.709228515625,33.2000007629395,3.15599989891052,30.0440006256104,10.9666662216187,23.7133331298828,4.06411578329731,-4.11564933975206,0.65735748044374,1.50312749098813,0.943346344791286,0.232424775847862,-0.417654085847448,0.326686531990515,0.424307451942629,-0.057033883646473,-92.0823819271059,31.3806103899563
"714","Geometric",18.8638343811035,27.423999786377,9.78466701507568,1429,161,95,16.3589534759521,418,294,317,418,12.9736671447754,41.1914710998535,716.225463867188,34.0040016174316,2.50799989700317,31.4960021972656,9.78466701507568,23.9373340606689,4.04261464971843,-3.50387297557458,0.598291989773092,1.64691058904996,1.23471895101263,-0.149611048147657,-0.540103195464435,0.18010886317539,0.415128463754045,-0.116923228704968,-92.8681280372626,31.5587935577714
"714","Population-Weighted",18.8146667480469,27.3040008544922,9.80266666412354,1448,163,98,15.822847366333,423,301,324,423,12.7466669082642,40.9334182739258,710.773803710938,33.8240013122559,2.68400001525879,31.1400012969971,9.80266666412354,23.8333339691162,4.05964452136535,-3.69278348884253,0.619336607046157,1.66876607438073,1.16830043979126,-0.14831321418803,-0.549597782999444,0.217579588166682,0.447743196784494,-0.101566382412028,-92.8250188621421,31.4970193724297
"716","Geometric",16.7883338928223,26.3406658172607,6.65333318710327,1384,148,85,15.8431549072266,390,280,300,370,12.5786666870117,37.4365081787109,794.889831542969,33.2999992370605,-0.300000011920929,33.5999984741211,12.2580003738403,22.4259986877441,3.10856963335457,-3.12316690649977,0.802080034724946,1.55316352314373,1.11893746382438,0.0593418193446658,-0.364587310093961,0.284907167709227,0.106702848795314,-0.00565877133196377,-91.7520637176314,33.6069996955809
"716","Population-Weighted",16.7140007019043,26.2653331756592,6.52466678619385,1371,145,84,15.5836734771729,386,281,295,364,12.434666633606,36.893741607666,797.053771972656,33.2760009765625,-0.428000003099442,33.7040023803711,16.6133327484131,22.4026660919189,3.09371684705629,-3.0261988457925,1.08374292256412,1.45801040839408,0.970332265113046,0.0558411827258733,-0.0285451012614092,0.477631572274779,-0.0353250893972084,0.0535478941936196,-91.8070268033148,33.7451755227263
"717","Geometric",17.0528335571289,26.529333114624,7.13733339309692,1305,131,82,13.0031137466431,372,278,287,332,13.16100025177,39.0302467346191,784.613891601562,33.5200004577637,-0.200000002980232,33.7200012207031,17.0380001068115,22.5939998626709,3.20720432540101,-2.60260038196843,1.09689331829381,1.68024259554043,0.918155497052132,-0.182032392258156,0.0168829590721343,0.393562672134462,-0.0547411424899549,0.00316311698160981,-92.7835581475159,33.4863208245092
"717","Population-Weighted",17.0100002288818,26.4813346862793,7.08466672897339,1311,131,83,12.8105602264404,374,280,290,332,13.1493330001831,39.0280570983887,784.862609863281,33.4640007019043,-0.228000000119209,33.6920013427734,17.0153331756592,22.5433330535889,3.20007707572035,-2.64909239144395,1.10762921633928,1.69111291466709,0.908920276133032,-0.20651957118356,0.00575175749685941,0.40205147757318,-0.0470295485213756,0.00455755686408765,-92.8087954391662,33.4610609208468
"718","Geometric",16.8126659393311,26.4693336486816,6.68666696548462,1265,129,83,15.1334714889526,370,279,298,284,12.5233335494995,37.0995788574219,800.966064453125,33.3359985351562,-0.420000016689301,33.7559967041016,16.6746673583984,22.6446666717529,2.99419110905208,-2.59459397945081,1.24185512633903,1.66369964044847,0.683340084013154,0.000990292982771396,-0.238975172128416,0.452491184923154,-0.0563005084665851,0.156005130049152,-93.8300704513309,33.6542447030906
"718","Population-Weighted",17.1156673431396,26.8246669769287,6.92000007629395,1230,128,80,15.6688642501831,362,270,294,270,12.6139993667603,37.1218376159668,806.544860839844,33.6679992675781,-0.312000006437302,33.9799995422363,16.9886665344238,6.92000007629395,2.60470111053494,-2.38908560415303,1.52566078364858,1.36321034921022,0.463809577544551,-0.0684228397298382,0.121191543774447,-0.205220908195448,0.783298463916047,0.0276854224410918,-93.8902592908055,33.6034015294848
"719","Geometric",15.5236663818359,25.3066673278809,5.30533361434937,1461,164,85,19.247537612915,450,315,322,319,13.4040002822876,38.2228813171387,809.414184570312,32.8720016479492,-2.19600009918213,35.068000793457,15.3193340301514,24.7766666412354,2.99267167606627,-3.35257285179216,1.01185748622149,1.19668325696678,1.28653226863948,-0.542844889328132,-0.404645810572551,0.495149864963991,-0.176143233999822,0.371948323157152,-93.6161160920519,34.4071383573147
"719","Population-Weighted",15.5815000534058,25.5013332366943,5.25733327865601,1433,158,83,19.0410346984863,434,308,319,315,13.6429996490479,38.3920516967773,819.709167480469,33.2280006408691,-2.30800008773804,35.5359992980957,15.4326667785645,21.4886665344238,2.87113377863205,-3.13053309538865,1.10261848924217,1.20254139159058,1.2940990842832,-0.580931122353498,-0.32372904598562,0.346993410490209,-0.0163090935066459,0.289629223961814,-93.3718801921308,34.4273229379088
"720","Geometric",16.2408332824707,26.4113330841064,5.50600004196167,1296,133,82,19.0523910522461,397,265,266,309,12.0843334197998,34.7250938415527,843.189086914062,33.4000015258789,-1.39999997615814,34.8000030517578,16.2646675109863,25.6500015258789,2.79608882150189,-2.65521764100443,1.09944416805495,1.48035279352528,1.01987015925241,0.404056077621219,-0.223595125377038,0.673336578256886,-0.221938275705327,0.23851971016815,-91.9078084641044,34.8868929321747
"720","Population-Weighted",16.1226673126221,26.2240009307861,5.4466667175293,1287,137,80,19.3820343017578,388,261,265,296,12.260666847229,35.1590576171875,837.787963867188,33.2919998168945,-1.58000004291534,34.8720016479492,16.1666660308838,25.5233345031738,2.77062087934096,-2.55707723840225,1.04774511066292,1.43322337801687,0.99762392109357,0.334709718137662,-0.240733087786868,0.619269499151685,-0.251877168441601,0.288439751061318,-92.2323756640554,34.8879671112813
"721","Geometric",16.3819999694824,26.5453338623047,5.61466646194458,1292,136,81,19.0314445495605,391,263,267,301,12.195333480835,34.9276351928711,844.451232910156,33.5480003356934,-1.36800003051758,34.9160003662109,16.4780006408691,25.792667388916,2.82890095415836,-2.5885918892882,1.13836086209344,1.45843946808925,1.03314882984389,0.380257497263044,-0.236003341350297,0.639721629723589,-0.250199844563703,0.267383649596613,-92.0995647033938,34.8860792028488
"721","Population-Weighted",16.2346668243408,26.3553333282471,5.54199981689453,1288,137,80,19.3359355926514,389,261,266,297,12.2640008926392,35.1444282531738,839.434875488281,33.4080009460449,-1.48800003528595,34.8959999084473,16.2840003967285,25.6380004882812,2.80071391702605,-2.55407086719581,1.07896181931589,1.43220018678925,1.01347067102895,0.34535407380592,-0.242107768410646,0.616945801183363,-0.256780814397125,0.281854616083073,-92.1988924766301,34.9143870074709
"722","Geometric",16.7273330688477,26.7973327636719,6.04466676712036,1310,136,81,18.2482776641846,392,273,276,303,12.4546670913696,35.580696105957,837.517517089844,33.9080009460449,-1.09600007534027,35.0040016174316,16.8853340148926,26.0360012054443,2.97108472163708,-2.60843527143579,1.23472508594543,1.50017288018091,1.08554756723255,0.255761915016797,-0.238682947688625,0.617600217029258,-0.246445547730606,0.246102991242512,-92.3691380102536,34.7046405335994
"722","Population-Weighted",16.6166667938232,26.6679992675781,5.96466636657715,1315,137,81,18.5062808990479,394,274,276,302,12.442666053772,35.5993003845215,835.122314453125,33.7599983215332,-1.19200003147125,34.9519996643066,16.738000869751,25.9166660308838,2.94869297178629,-2.63692652670573,1.20120929101185,1.48120334565028,1.07175847229002,0.240953450048522,-0.245285768949133,0.617904337631476,-0.239165826326121,0.258948849142762,-92.3756452566536,34.7254291557972
"723","Geometric",16.2889995574951,26.5699996948242,5.32733345031738,1289,140,82,21.8004570007324,404,254,257,331,11.4546670913696,33.3955307006836,857.148132324219,33.2000007629395,-1.10000002384186,34.2999992370605,16.3506660461426,22.1220016479492,2.68075883429142,-2.77128778005677,1.09895901879811,1.23308272827239,0.950515436788278,0.692762374329187,-0.100644202001937,0.620322987829024,-0.0121758610282359,0.20563272995279,-90.5850226158259,35.0626629584431
"723","Population-Weighted",16.1275005340576,26.453332901001,5.14466667175293,1286,136,79,21.5045070648193,402,249,258,330,11.3070001602173,33.0035018920898,860.293334960938,33.0120010375977,-1.24800002574921,34.2600021362305,16.1986675262451,21.941333770752,2.59294229981726,-2.72369870455334,1.06749487570434,1.21637846808533,0.888703047757039,0.76332358630581,-0.104968535831988,0.585896564235701,-0.0660593499232552,0.154528932161025,-90.4034298715653,35.2065244161517
"724","Geometric",15.2126665115356,25.8726654052734,3.83533334732056,1219,128,77,19.7317962646484,378,242,242,291,11.9006671905518,33.131031036377,888.639587402344,33.0480003356934,-2.87199997901917,35.9200019836426,15.2466669082642,25.8726654052734,2.30046108345032,-2.3336490121657,0.947596262137262,1.47198985363007,1.07218419051545,0.635667746041045,-0.261358927728773,0.688894353724369,-0.361889210616242,0.271178947886593,-90.7491654645336,36.0378828516488
"724","Population-Weighted",15.095666885376,25.6653327941895,3.87800002098083,1222,129,77,19.6767272949219,379,243,243,293,11.6166667938232,32.7821044921875,877.268798828125,32.7280006408691,-2.70799994468689,35.4360008239746,15.0319995880127,25.6653327941895,2.28572324086118,-2.42571873672916,0.88635308538369,1.45799416198245,0.959584213300884,0.701992396122667,-0.26102489468641,0.692546137350313,-0.351329321160587,0.281434858881806,-90.6871616495515,35.9810455799284
"725","Geometric",14.5625,25.0273323059082,3.46133327484131,1187,126,68,18.4419212341309,361,258,258,259,13.4883337020874,36.2862739562988,869.062255859375,33.0480003356934,-4.12400007247925,37.1720008850098,14.5033330917358,25.0273323059082,2.20335235438489,-1.95967784409463,0.819212009691095,1.51897529665716,1.20562449145121,-0.0622334364883161,-0.348392955785315,0.458403468918012,-0.434285261628182,0.267448299890087,-91.8054702335165,36.0103834644654
"725","Population-Weighted",14.7200002670288,25.2273330688477,3.5973334312439,1190,126,69,18.4959754943848,362,256,256,261,13.4566669464111,36.1855087280273,871.62841796875,33.2280006408691,-3.96000003814697,37.1879997253418,14.6519994735718,25.2273330688477,2.24667488722301,-1.95768563017545,0.855607824788642,1.52658617877542,1.23373236540642,-0.0224373879397531,-0.339950172934388,0.47080175995957,-0.426664382710593,0.2691366552321,-91.7811267986985,35.9609675732605
"726","Geometric",14.2358331680298,24.7040004730225,3.28133344650269,1138,136,58,21.2028713226318,349,221,270,221,13.1823329925537,35.8917808532715,864.799255371094,32.3320007324219,-4.39599990844727,36.7280006408691,14.0260000228882,3.28133344650269,1.48080228599567,-1.70650653131038,0.97848464508574,0.782289077772553,0.619556819467966,-0.0894127646253018,-0.0157634145920953,-0.576735826589309,0.527513703323789,0.136115951419857,-92.9525231755237,36.1334208340718
"726","Population-Weighted",14.0061664581299,24.3839988708496,3.05933332443237,1140,134,57,21.4492301940918,349,216,277,216,13.0063333511353,35.6572341918945,860.399658203125,31.9400005340576,-4.53599977493286,36.476001739502,18.3886661529541,3.05933332443237,1.45792813796196,-1.66756364705364,1.21895861151886,0.600574924444523,0.380692609457059,-0.158075735849364,0.286913808743667,-0.402834767469101,0.348835885909094,0.158451336295101,-92.9685054863927,36.2597817166009
"727","Geometric",14.1533336639404,24.5480003356934,3.19466662406921,1182,131,57,24.2742938995361,363,207,281,207,12.4473333358765,34.3886985778809,861.386535644531,31.7999992370605,-4.39599990844727,36.1959991455078,18.546667098999,3.19466662406921,1.44011370295006,-1.73519921309091,1.27587747651161,0.461168695377265,0.262204368628285,0.0571080330378339,0.203760656614442,-0.355670380386997,0.342366730097524,0.165879083697978,-94.0666885956582,36.1222069573527
"727","Population-Weighted",14.110333442688,24.7519989013672,2.87599992752075,1164,129,54,25.4042320251465,362,196,285,196,12.6293334960938,34.2406845092773,882.421936035156,32.0519981384277,-4.83200025558472,36.8839988708496,18.6113338470459,2.87599992752075,1.34166345903313,-1.55083210593513,1.35071352939019,0.372366871489987,0.333989466590207,0.0534167280400648,0.142039120264699,-0.416049306908459,0.288100278250037,0.137496110682492,-94.189394218036,36.2101817536113
"728","Geometric",15.5690002441406,25.7746658325195,4.7960000038147,1199,138,65,20.2040023803711,367,253,264,253,13.235333442688,36.6589088439941,847.385803222656,33.484001159668,-2.61999988555908,36.1040000915527,15.5086660385132,4.7960000038147,2.03179075359542,-1.98130973439584,1.20688926270036,0.954178468469038,0.800162497743392,-0.0874764785321712,0.136785059578534,-0.422785307040251,0.687538978632046,0.141540738741776,-93.3360927992008,35.2764239381489
"728","Population-Weighted",15.8444995880127,26.1326675415039,4.92066669464111,1185,138,64,20.5724849700928,364,253,260,253,13.4709997177124,36.7457733154297,856.716735839844,33.9720001220703,-2.68799996376038,36.6599998474121,15.6359996795654,4.92066669464111,2.06840507450406,-1.86335761367806,1.27794436401157,0.961950657544369,0.933503518072301,-0.0936948529811303,0.136550743335178,-0.438893590051566,0.697713378453967,0.14255615087371,-93.2846619976724,35.2988601753402
"729","Geometric",15.8826665878296,26.216667175293,4.9040002822876,1206,143,66,21.5257663726807,365,237,273,237,13.4359998703003,36.2508125305176,861.063232421875,34.0919990539551,-2.97200012207031,37.0639991760254,20.2880001068115,4.9040002822876,2.09137707092227,-1.80330366140709,1.66803955989552,0.704825366849893,0.808902959481202,-0.182291892940667,0.366360722665204,-0.303693015378562,0.502932238883807,0.254931924562711,-94.0791890924456,35.285885826377
"729","Population-Weighted",15.7803335189819,26.271333694458,4.58933305740356,1217,147,66,22.9684505462646,375,234,268,234,13.456000328064,35.9709167480469,875.07080078125,34.1040000915527,-3.30400013923645,37.4080009460449,15.7933330535889,4.58933305740356,1.97022210064248,-1.86750705297254,1.39259605916352,0.736846885881114,1.0095788988891,-0.0750573669871904,0.0235518117092266,-0.488240679536336,0.655123871402145,0.25694994483399,-94.2182085484999,35.3607169247549
"730","Geometric",15.6566667556763,26.8253345489502,4.09333324432373,866,133,32,42.2419090270996,315,109,241,109,12.9099998474121,33.8454284667969,920.167785644531,34.484001159668,-3.66000008583069,38.1440010070801,20.3059997558594,4.09333324432373,1.51338936811024,0.139178523709908,1.499379808534,-0.347737332894742,0.406707180317784,0.698299240573416,-0.0887908476640485,-0.535797568437813,0.138991496421191,0.319930181783456,-97.8228596622681,35.2882739259729
"730","Population-Weighted",15.7588338851929,26.8186664581299,4.16466665267944,897,137,32,41.1388740539551,327,116,246,116,12.5536670684814,33.2283401489258,915.273071289062,34.2439994812012,-3.53600001335144,37.7799987792969,20.4619998931885,4.16466665267944,1.53816240353636,-0.0722862154482382,1.5220290521633,-0.382508179262045,0.346073270725673,0.783889711236564,-0.0688855114414841,-0.544057935591873,0.108187551853887,0.332026368456635,-97.6047059164838,35.3955717892469
"731","Geometric",15.9385004043579,27.0013332366943,4.31266641616821,916,138,32,40.1499900817871,331,120,248,120,12.5296659469604,33.1472625732422,916.861511230469,34.4000015258789,-3.40000009536743,37.8000030517578,20.7393341064453,4.31266641616821,1.59152184270413,-0.131760441858856,1.5832203563209,-0.369220490650123,0.376674802498124,0.795772138717032,-0.044216147161996,-0.561228922456543,0.0903181333023203,0.325055554993273,-97.4998288011029,35.4440209912374
"731","Population-Weighted",16.1725006103516,27.259334564209,4.50666666030884,916,140,32,40.7288703918457,334,119,250,119,12.5516672134399,33.1423416137695,919.172119140625,34.6720008850098,-3.20000004768372,37.8720016479492,21.0273342132568,4.50666666030884,1.66033899352553,-0.115924836800594,1.64798339417408,-0.409985809690037,0.411956411980989,0.812098045040465,-0.0582443555346777,-0.566683853948592,0.0860205739443599,0.338737835692231,-97.5305673267115,35.4620959050147
"734","Geometric",17.0288333892822,27.3373336791992,6.13333320617676,958,129,44,33.903694152832,318,155,225,155,12.7276668548584,35.0392761230469,857.312622070312,34.5999984741211,-1.72399997711182,36.3239974975586,21.3053340911865,6.13333320617676,2.12246729840125,-0.39638770114111,1.53452218616845,0.221192915245939,0.360949504571593,0.652855256140432,0.241247326261534,-0.356109949268304,0.308523094959205,0.295694346155965,-97.1219479303743,34.1905271014586
"734","Population-Weighted",16.7814998626709,26.9980010986328,5.97599983215332,957,127,43,33.3431053161621,318,155,225,155,12.5903329849243,34.9110832214355,849.774353027344,34.2639999389648,-1.79999995231628,36.0639991760254,20.992000579834,5.97599983215332,2.05819776079099,-0.427577804409526,1.4506985046038,0.235297609009401,0.274829211159364,0.669657187694647,0.246374076725063,-0.36737150321721,0.289669433927022,0.282285767439685,-97.0502545529421,34.1524170180429
"735","Geometric",16.6371669769287,27.7200012207031,5.23066663742065,752,117,27,44.1080589294434,275,94,210,94,14.3976669311523,36.5757217407227,908.917602539062,36.1479988098145,-3.21600008010864,39.3639984130859,21.2293338775635,5.23066663742065,1.80484960215731,1.03808761337339,1.53330682362656,-0.152908849931556,0.714490346779098,0.461075822193141,0.0212905106746782,-0.547433840032471,0.183738598373271,0.26262009907524,-98.7852061967696,34.5215301319653
"735","Population-Weighted",16.4363327026367,27.4393329620361,5.08133363723755,780,122,29,42.8598251342773,288,101,210,101,13.9340000152588,35.8790817260742,903.024230957031,35.5960006713867,-3.24000000953674,38.8360023498535,20.970666885376,5.08133363723755,1.76055113951244,0.761202203135894,1.4746951771633,-0.164258274831904,0.620280672675975,0.555166966848757,0.0483771394740687,-0.529957020396208,0.187826351846264,0.303655753312811,-98.5453362642339,34.5999852109664
"736","Geometric",15.2135000228882,26.6213340759277,3.64933323860168,680,112,16,50.0483474731445,263,67,217,67,14.3689994812012,36.0017051696777,929.117919921875,35.1479988098145,-4.76399993896484,39.9119987487793,19.8326663970947,3.64933323860168,1.27810959588919,1.4066537275375,1.26775395528246,-0.482894033229346,0.550368031324378,0.47641123852945,-0.182221447316356,-0.618155654668942,0.0793476263591738,0.205276217073009,-99.3229769869301,35.5122359644823
"736","Population-Weighted",15.2799997329712,26.716667175293,3.67933320999146,684,111,16,50.4171333312988,263,70,224,70,14.235333442688,35.6918411254883,931.512145996094,35.2039985656738,-4.67999982833862,39.8839988708496,24.3346672058105,3.67933320999146,1.34215381866319,1.4174388298907,1.60287677414052,-0.625602413532748,0.413940255280579,0.428604372862788,0.116283339321556,-0.415494990908241,-0.0538917810622624,0.220791997669628,-99.2653054697769,35.4437436991254
"737","Geometric",14.7959995269775,26.75,2.60466647148132,755,109,22,42.1473579406738,277,83,241,83,13.3660001754761,33.2091026306152,976.535400390625,35.0040016174316,-5.24399995803833,40.2480010986328,19.6079998016357,2.60466647148132,0.980809793821668,0.83417573470346,1.57658942982831,-0.252808933308312,0.499740314542765,0.704737056335422,-0.199139427027385,-0.671585731089607,0.0169860779530777,0.116587776279387,-98.1840237074979,36.4113416205026
"737","Population-Weighted",14.9291667938232,26.8540000915527,2.72933316230774,803,117,25,40.6999626159668,297,93,245,93,13.0109996795654,32.625373840332,975.716125488281,34.9280014038086,-4.9520001411438,39.8800010681152,19.7906665802002,2.72933316230774,1.05539942717992,0.517773656446566,1.63341431492572,-0.281574173534125,0.500483163415738,0.779993815752155,-0.170303442276892,-0.671603607297516,0.0203654398352808,0.170806281886577,-98.029262998076,36.2928251718027
"738","Geometric",14.070333480835,25.7360000610352,2.14466667175293,579,91,15,47.7530326843262,229,62,209,62,14.6686668395996,35.9561386108398,954.299499511719,34.2480010986328,-6.5479998588562,40.7960014343262,23.296667098999,2.14466667175293,0.812364468010927,1.76075006448445,1.40048027043993,-0.341219343913323,0.367382181055597,0.254024130166008,0.183347713779315,-0.375335174580669,-0.0407224870682264,0.0909346464999239,-99.5327059583655,36.5063304110791
"738","Population-Weighted",14.1859998703003,25.8406677246094,2.3199999332428,565,89,15,48.0874328613281,224,61,206,61,14.7720003128052,36.159797668457,951.8212890625,34.3800010681152,-6.47200012207031,40.8520011901855,23.3933334350586,2.3199999332428,0.847371589901561,1.8410098292282,1.40530563549305,-0.311733731315887,0.381610665482524,0.242407988705885,0.189849145833331,-0.357111634856918,-0.0261661997507946,0.0856000940187236,-99.5559888124484,36.4740946754008
"739","Geometric",13.2038335800171,24.8253326416016,1.79200005531311,436,72,9,61.467586517334,198,29,182,29,16.3296661376953,39.3713645935059,932.36474609375,34.2799987792969,-7.19599962234497,41.4759979248047,22.3880004882812,1.79200005531311,0.713947365427108,2.78846422421267,0.940919378324077,-0.55436820023197,0.466755723119789,-0.202712695738192,0.0537929455011392,-0.200963741242743,0.153854563346354,0.0691456317818139,-101.666821593579,36.7514988766697
"739","Population-Weighted",13.3316669464111,24.8419990539551,1.90533339977264,444,74,9,60.1559295654297,201,31,182,31,16.2239990234375,39.3023262023926,929.436828613281,34.0639991760254,-7.21600008010864,41.2799987792969,22.4659996032715,1.90533339977264,0.732239886834015,2.71401065012867,0.93611636475181,-0.542443339412787,0.434625529664724,-0.180452177591616,0.0840854423479697,-0.218045339172111,0.125764478770655,0.0709760401923327,-101.446315116956,36.7799801524205
"740","Geometric",15.3404998779297,26.3673343658447,3.69200015068054,976,126,35,34.8006896972656,324,131,261,131,13.0310001373291,34.1340103149414,913.834350585938,33.9560012817383,-4.21999979019165,38.1760025024414,19.984001159668,3.69200015068054,1.44049301615237,-0.259833116037766,1.52947509929864,-0.0811044581348624,0.414651466872013,0.455881566974804,-0.0101482639399687,-0.614672919463271,0.0811097602094142,0.179273538108331,-96.2004171646934,36.3361874080202
"740","Population-Weighted",15.308666229248,26.1560001373291,3.80266666412354,992,134,37,34.3407707214355,333,140,258,140,12.7973337173462,34.006519317627,900.019958496094,33.6240005493164,-4.00799989700317,37.6319999694824,19.8253326416016,3.80266666412354,1.4952590716931,-0.480665585729291,1.45124611210295,-0.10075166540309,0.373347719435881,0.487094874462252,0.0294492452883202,-0.587445688927375,0.113043403539269,0.249151893640681,-96.0587000755439,36.1856901456279
"741","Geometric",15.904167175293,27.0900001525879,4.01666688919067,1030,140,40,33.8431968688965,349,147,271,147,12.6983337402344,33.1722373962402,930.95703125,34.4120025634766,-3.86800003051758,38.2800025939941,20.7553329467773,4.01666688919067,1.60078568319853,-0.648896782857819,1.783278710337,-0.148716526297748,0.556203999759557,0.554092296364535,-0.00357833761207184,-0.585902261382159,0.108045343316366,0.259726016566675,-95.9480150828051,36.1393361911663
"741","Population-Weighted",15.9803333282471,27.0820007324219,4.18000030517578,1025,140,40,33.7751426696777,348,148,266,148,12.7826662063599,33.4589767456055,924.20263671875,34.4799995422363,-3.72399997711182,38.2039985656738,20.7759990692139,4.18000030517578,1.64942868701453,-0.618905475474785,1.75130797534031,-0.126181939287538,0.569896633538722,0.53872503626912,0.0256466052974979,-0.582135189433711,0.121248897180735,0.271968715896093,-95.9258953318409,36.1053825858115
"743","Geometric",14.8241672515869,25.732666015625,3.24733352661133,1102,128,45,29.3743000030518,348,162,290,162,12.6403331756592,33.7327423095703,905.907104492188,33.0279998779297,-4.44400024414062,37.4720001220703,19.423999786377,3.24733352661133,1.39077474572353,-1.01915528535299,1.5558438175768,0.112226957384376,0.32919667150605,0.276262826794366,-0.00626803643745093,-0.556450809336278,0.133601079901899,0.123112542482464,-95.020960500437,36.5474911334558
"743","Population-Weighted",14.8471670150757,25.511999130249,3.54399991035461,1103,127,46,28.7631282806396,347,166,289,166,12.4483337402344,33.7645988464355,885.160461425781,32.8440017700195,-4.02400016784668,36.8680038452148,19.2306671142578,3.54399991035461,1.45573042891598,-1.09974379348678,1.47883926677467,0.173063141011588,0.221887561630398,0.305585000684314,0.00888478197747175,-0.531251315778743,0.152214695096881,0.131935239025317,-94.9518850195352,36.525147154105
"744","Geometric",15.7081661224365,26.4219989776611,4.30800008773804,1084,137,47,30.9869422912598,352,173,253,173,12.7263326644897,34.1225166320801,891.914428710938,33.8279991149902,-3.46799993515015,37.2959976196289,20.199333190918,4.30800008773804,1.72237247873211,-0.967481009435437,1.54965479041881,0.135279472678178,0.523383420063762,0.422006555783066,0.175556485749715,-0.448858965652639,0.274095347851845,0.275063134779639,-95.4489006666357,35.6304425256007
"744","Population-Weighted",15.7041664123535,26.457332611084,4.29133319854736,1087,135,47,30.9238319396973,354,174,256,174,12.621000289917,33.8836975097656,893.791259765625,33.8440017700195,-3.40400004386902,37.2480010986328,20.2093334197998,4.29133319854736,1.71320259083376,-0.992872941023715,1.57523359928487,0.143578511047088,0.500696119891967,0.453175280109547,0.160994776269634,-0.441916266898741,0.272055392434227,0.254364100366582,-95.4440341621407,35.7165222714855
"745","Geometric",15.9925003051758,25.953332901001,5.39933347702026,1220,167,57,29.9188556671143,401,206,271,206,12.6023330688477,35.4037895202637,830.698181152344,33.3600006103516,-2.23600006103516,35.5960006713867,20.0066661834717,5.39933347702026,2.20240064891022,-1.81596737430352,1.40879129353264,0.0039618600087704,0.527744930801315,0.182027836417055,0.204229878734703,-0.425493308360382,0.364221762238486,0.484131050209662,-95.6622162243835,34.6463528386769
"745","Population-Weighted",16.1259994506836,26.1373329162598,5.50133323669434,1196,164,56,30.0660533905029,393,202,265,202,12.7013330459595,35.5142936706543,833.449035644531,33.560001373291,-2.2039999961853,35.7639999389648,20.1359996795654,5.50133323669434,2.21131963668034,-1.67234095526915,1.42488371205165,0.0375878956760492,0.548727607112222,0.204570541185647,0.219160453267306,-0.4252931480041,0.364698667466106,0.471992921460696,-95.6743029758482,34.7077871694414
"746","Geometric",14.7921667098999,26.3913326263428,2.6506667137146,910,119,26,39.2337532043457,320,102,279,102,12.6483335494995,32.3917579650879,957.053588867188,34.0999984741211,-4.94799995422363,39.0479965209961,19.681999206543,2.6506667137146,1.07209081080106,0.0812543574081503,1.63754348421384,-0.37001659813454,0.31013458918424,0.683908362625799,-0.252995506755158,-0.713711388135468,-0.0630456524476154,0.101925375319805,-97.0346808040344,36.7094350589915
"746","Population-Weighted",14.8541669845581,26.5046672821045,2.65466690063477,915,120,26,39.2994689941406,323,102,282,102,12.6256666183472,32.2511138916016,961.380432128906,34.2000007629395,-4.94799995422363,39.1480026245117,19.7706661224365,2.65466690063477,1.07896039331559,0.0623764824785071,1.68075685424846,-0.393114035556028,0.33019774519529,0.695486688892687,-0.2685314593185,-0.723330479137988,-0.0721768052230022,0.102316688925934,-97.0449322800132,36.7317009509334
"747","Geometric",16.7548332214355,26.6746673583984,6.2093334197998,1187,150,59,25.1332683563232,362,233,255,233,12.9723329544067,36.280158996582,827.266784667969,34.2560005187988,-1.5,35.7560005187988,20.7586669921875,6.2093334197998,2.41713267466793,-1.66596537740148,1.55491888230764,0.522948642002928,0.652278600077544,0.131394319465521,0.404894204764215,-0.297553603529794,0.483176034334397,0.318408203585324,-95.3953936637744,34.0385946487724
"747","Population-Weighted",16.8291664123535,26.8106670379639,6.22000026702881,1128,145,55,26.746711730957,354,214,245,214,12.932333946228,36.0031585693359,832.918579101562,34.3159980773926,-1.60399997234344,35.9199981689453,20.8013343811035,6.22000026702881,2.3436476369397,-1.35390413217584,1.52813863016427,0.459224298576513,0.592306996315549,0.261453467918853,0.380374684780446,-0.330576529567621,0.431003206973808,0.319983559714522,-95.7352637823087,33.9820117847594
"748","Geometric",15.9803333282471,26.5559997558594,4.81866645812988,983,135,38,35.9258575439453,340,138,239,138,13.0239992141724,35.0069885253906,876.926818847656,34.0879974365234,-3.1159999370575,37.2039985656738,20.4193344116211,4.81866645812988,1.79139629161006,-0.349357630653098,1.41041328441122,-0.107146697661059,0.428238887623948,0.499130226325327,0.115907507915387,-0.543932281352117,0.170154692853517,0.31728438155627,-96.6628452568487,35.1689167382246
"748","Population-Weighted",15.7746667861938,26.3666667938232,4.58466672897339,973,138,36,37.3134765625,340,135,238,135,12.8739995956421,34.6970672607422,879.543090820312,33.8079986572266,-3.2960000038147,37.1040000915527,20.2653331756592,4.58466672897339,1.71525208479188,-0.342363378509523,1.35236641759101,-0.206699983019061,0.379535271421501,0.555050710056928,0.0953493426225963,-0.542276378780973,0.155450369307783,0.337516850052038,-96.7965674699887,35.2521977406324
"749","Geometric",16.1989994049072,26.5419998168945,5.30733346939087,1169,146,59,24.6786327362061,361,213,258,213,13.4440002441406,36.5246696472168,856.930603027344,34.2679977416992,-2.53999996185303,36.8079986572266,16.0266666412354,5.30733346939087,2.11090044936525,-1.50439704650823,1.30359560286291,0.629649095715839,0.870554510281467,0.0614269697956905,0.0143981589041722,-0.5817110074066,0.557454555912469,0.26274527518918,-94.699339522562,35.1738075939337
"749","Population-Weighted",15.940333366394,26.4300003051758,4.83466672897339,1166,146,57,25.3269805908203,363,207,258,207,13.2553329467773,35.7363700866699,871.169372558594,34.0999984741211,-2.99200010299683,37.0919990539551,15.8313331604004,4.83466672897339,1.95357718475453,-1.48334332156416,1.30519233570278,0.551695982065164,0.854484547304849,0.151616419513414,-0.0180516521287786,-0.606757606896372,0.522966628830291,0.267174539122243,-94.6394394486607,35.3477817137378
"750","Geometric",17.8575000762939,27.8619995117188,7.40733337402344,995,146,48,33.7719917297363,343,172,219,172,12.5123329162598,35.7904243469238,828.068176269531,34.9680023193359,0.00800000037997961,34.9600028991699,21.9273338317871,7.40733337402344,2.59456693208352,-0.720089076263346,1.53539042747884,0.160400443665829,0.380990542258224,0.71991244508631,0.330285009548618,-0.327563471303642,0.377480862802177,0.423900221504465,-96.7249194686071,33.2283203264912
"750","Population-Weighted",18.6375007629395,28.5400009155273,8.22666645050049,967,139,49,32.3011589050293,333,169,214,169,12.0463333129883,34.8966751098633,821.607604980469,35.3720016479492,0.851999998092651,34.5200004577637,22.8653335571289,8.22666645050049,2.74250226546541,-0.651723567255413,1.69800392744804,0.29627765957376,0.252644236365405,0.967444467808633,0.377887929518003,-0.273524057897134,0.362425130958716,0.406809310549914,-96.7973418655311,33.027245911536
"751","Geometric",18.2813339233398,27.8513336181641,8.29800033569336,983,125,50,25.6686859130859,306,190,190,216,12.445333480835,36.4410095214844,792.6689453125,35.0480003356934,0.89599996805191,34.1520004272461,22.1013336181641,27.8513336181641,3.27879368217516,-0.685527856611207,1.13308400362821,1.1016194734359,0.596647475682817,0.952306061564874,0.216347131434272,0.516832666438038,-0.648301744662987,0.38529922725411,-96.31748715094,32.4686067088601
"751","Population-Weighted",18.3688335418701,28.0946655273438,8.21266651153564,959,129,51,28.5945568084717,313,192,194,192,12.1549997329712,35.553409576416,806.064270019531,35.0480003356934,0.860000014305115,34.1879997253418,22.3799991607666,9.28466701507568,2.74963630628425,-0.70972574518879,1.51901358528414,0.673717304487933,0.263865205137848,0.903172633947289,0.533286319025337,-0.127782944838438,0.415941002288375,0.337730641109757,-96.560546321735,32.633154503277
"752","Geometric",19.1293334960938,28.9799995422363,8.82800006866455,933,129,49,30.6159610748291,316,168,205,170,11.6506671905518,34.3799209594727,815.608337402344,35.5999984741211,1.71200001239777,33.887996673584,23.3186664581299,9.86400032043457,2.87000003180192,-0.55043512228919,1.74617053136404,0.501808351432736,0.123543423746201,1.1935651093822,0.415367317748175,-0.179773467772772,0.312879077245057,0.353093075554765,-96.8064666602121,32.7947546805965
"752","Population-Weighted",19.1293334960938,28.9799995422363,8.82800006866455,933,129,49,30.6159610748291,316,168,205,170,11.6506671905518,34.3799209594727,815.608337402344,35.5999984741211,1.71200001239777,33.887996673584,23.3186664581299,9.86400032043457,2.87000003180192,-0.55043512228919,1.74617053136404,0.501808351432736,0.123543423746201,1.1935651093822,0.415367317748175,-0.179773467772772,0.312879077245057,0.353093075554765,-96.7933476769984,32.8174574809461
"754","Geometric",17.3509998321533,27.2013339996338,6.989333152771,1124,140,55,24.6474304199219,347,231,231,231,12.6226663589478,35.9743118286133,818.856994628906,34.4440002441406,-0.643999993801117,35.0880012512207,16.961332321167,27.2013339996338,3.0133721193388,-1.45648413694888,0.976348841691097,1.13140183375554,0.924538938481702,0.656494141542855,-0.283477494324522,0.351955084836905,-0.505472611875306,0.402770948523218,-95.6776878838165,33.3645091650088
"754","Population-Weighted",17.3980007171631,27.3206672668457,7.04533338546753,1115,142,55,25.471586227417,345,226,232,226,12.703332901001,36.1794662475586,820.799133300781,34.5599975585938,-0.551999986171722,35.1119956970215,21.3773326873779,7.04533338546753,2.56708063719064,-1.36061257571351,1.55224241012434,0.60939699487766,0.537374528288375,0.404374138911489,0.496209101987773,-0.256358086106635,0.479366418873345,0.284724788932207,-95.8900330794268,33.2515657404672
"755","Geometric",17.3355007171631,26.8533325195312,7.37733316421509,1209,123,72,16.7266578674316,346,251,265,284,12.6709995269775,37.5592842102051,788.987182617188,33.7639999389648,0.0280000008642673,33.7360000610352,17.1573333740234,26.3299999237061,3.17737896874734,-2.0333407008436,1.04042939339446,1.62961849361874,0.74722884121356,0.264941054022479,-0.148343954249189,0.480131819022111,-0.334497566456685,0.10667750915211,-94.4475801499474,33.3014803614924
"755","Population-Weighted",17.2441673278809,26.8126659393311,7.27466678619385,1207,122,75,15.7922763824463,344,257,270,283,12.5476665496826,37.2776794433594,792.354675292969,33.6599998474121,0,33.6599998474121,17.0346660614014,26.2893333435059,3.14240025314984,-2.13266606394689,1.08404033765115,1.71520693792889,0.706053073050139,0.254531603578323,-0.178834900746266,0.520938057089365,-0.303693913308802,0.115792425738075,-94.3060228981386,33.3426547949453
"756","Geometric",17.9169998168945,27.1180000305176,8.32466697692871,1207,120,64,17.2225475311279,343,239,252,308,12.7799997329712,38.7554588317871,762.028930664062,34,1.02400004863739,32.976001739502,21.8373336791992,26.5993328094482,3.48959995079333,-1.76563086941988,1.15150564309331,1.40015574394556,0.628153650857028,0.285735877594721,0.339784161840894,0.555684676493307,-0.521990037416192,-0.00659814543914497,-94.5784522981616,32.4884253852036
"756","Population-Weighted",18.1856670379639,27.3913345336914,8.56666660308838,1187,118,62,18.3627490997314,342,237,244,297,12.8346672058105,38.7848052978516,763.449951171875,34.3359985351562,1.24399995803833,33.0919990539551,22.1340007781982,26.8573341369629,3.54274175412333,-1.60829455845889,1.18865895011966,1.38315908604183,0.647282946178716,0.34313315544605,0.3408491357021,0.555554628015374,-0.518750976785155,0.0194571765015036,-94.6791757649379,32.5058556912222
"757","Geometric",18.433666229248,27.5406665802002,8.81266689300537,1080,122,52,20.997091293335,325,208,210,254,12.7180004119873,38.3951225280762,759.309265136719,34.5960006713867,1.47200000286102,33.1240005493164,18.300666809082,27.0699996948242,3.44927619760743,-1.09883237842687,0.808682437057365,1.32555982475982,0.652427254070388,0.716633297607297,0.0686237991984013,0.262557956588348,-0.502230400726121,0.144966394725352,-95.3655605623887,32.2435118925236
"757","Population-Weighted",18.4855003356934,27.6393337249756,8.81799983978271,1079,123,51,21.5713539123535,328,206,209,253,12.7076663970947,38.2484550476074,762.301574707031,34.7039985656738,1.48000001907349,33.2239990234375,22.3766670227051,27.1386661529541,3.50789190063194,-1.02221134687396,1.07681199667728,1.15605108876833,0.575435812552059,0.67903104890584,0.364646609857164,0.415782183068351,-0.639441607148322,0.192795730241882,-95.3696163253195,32.2983115071983
"758","Geometric",18.9241676330566,27.6873340606689,9.55533313751221,1054,112,56,17.9461135864258,305,218,218,241,12.7783336639404,38.9583320617676,737.449340820312,34.9120025634766,2.11199998855591,32.8000030517578,22.476001739502,27.6873340606689,3.64667841297492,-0.99906401146171,1.17354765076968,1.51156797951859,0.410825151454072,0.548234155372732,0.333594274964166,0.457418977398541,-0.58267778791842,0.165512112317646,-95.6680204186761,31.4482434922933
"758","Population-Weighted",18.8821659088135,27.5880012512207,9.55266666412354,1059,112,56,18.0421886444092,306,219,219,242,12.7323331832886,39.0418663024902,734.154357910156,34.7639999389648,2.15199995040894,32.6119995117188,22.4093322753906,27.5880012512207,3.64650867063026,-1.0304712023199,1.14537148561825,1.50343731049734,0.375740609104959,0.541900700878579,0.334808754448528,0.461168525332968,-0.575326001753665,0.156838811726183,-95.6466681344748,31.4897886522471
"759","Geometric",18.6679992675781,27.1033325195312,9.69466686248779,1233,127,75,15.9075965881348,348,264,277,339,12.2586669921875,39.5338821411133,707.614501953125,33.7919998168945,2.78399991989136,31.007999420166,10.8393335342407,23.8833332061768,3.68173618313021,-2.45019509784906,0.51198602662916,1.83474936873167,0.613250683581821,0.385995989319239,-0.445559788685217,0.116885893324726,0.179406147031446,-0.153378212565081,-94.2887523829072,31.273387363922
"759","Population-Weighted",18.808500289917,27.2919998168945,9.78466606140137,1180,123,71,15.5208969116211,330,250,256,317,12.4263334274292,39.7566337585449,711.16357421875,34.068000793457,2.81200003623962,31.2560005187988,10.8699998855591,26.8660011291504,3.7264673527553,-2.0866277843593,0.431052035958464,1.93477057645984,0.654968049457961,0.496277381057243,-0.465809684394759,0.155732667527789,-0.0200986031522474,-0.0951419688295767,-94.4602164215164,31.3412274266796
"760","Geometric",18.1936664581299,27.9779987335205,8.02400016784668,820,118,43,32.5331649780273,288,142,192,142,13.188666343689,37.2350845336914,807.16162109375,35.4599990844727,0.0399999991059303,35.4199981689453,22.21533203125,9.13266658782959,2.60460832455282,0.178545552081049,1.42361201683306,0.515406621407233,0.280943003252371,0.683384636732209,0.385035822752187,-0.296240651029698,0.266073409954005,0.316087420536071,-97.5365724600502,32.6003960929097
"760","Population-Weighted",18.8023338317871,28.6513328552246,8.55533313751221,854,121,45,31.6085205078125,294,150,192,150,12.4999990463257,35.870059967041,813.369567871094,35.7760009765625,0.927999973297119,34.8479995727539,22.953332901001,9.61466693878174,2.7479893682916,-0.0383386017642355,1.60793394756185,0.538508149252176,0.219783111709495,0.969657225938008,0.417848964857682,-0.246428106064837,0.282281523105567,0.335912391546607,-97.2817283741864,32.7031258020229
"761","Geometric",18.7495002746582,28.6466674804688,8.42666721343994,831,114,46,29.7364597320557,283,150,189,150,12.4730005264282,35.6167907714844,818.044677734375,35.7560005187988,0.736000001430511,35.0200004577637,22.9120006561279,8.42666721343994,2.64148590900272,0.0162773681831348,1.64870706199996,0.669595272647526,0.1795840779227,0.97866943110295,0.471456190115215,-0.268478336767824,0.345743083186584,0.285258535319283,-97.3803855666492,32.7684495580204
"761","Population-Weighted",18.9405002593994,28.8913345336914,8.56466674804688,848,120,46,30.9636764526367,290,150,192,150,12.5223331451416,35.62744140625,822.252319335938,36.0400009155273,0.891999959945679,35.1480026245117,23.1399993896484,8.56466674804688,2.71723085940894,-0.0148814829342212,1.70913134546657,0.569715788565482,0.253495693463571,0.980505816904591,0.445304404559604,-0.283076990242253,0.346741552292767,0.324063323392733,-97.3268368883063,32.7769721656344
"762","Geometric",17.3951663970947,27.5380001068115,6.80266666412354,891,121,44,33.6003875732422,293,144,203,144,13.0110006332397,36.1497001647949,838.017944335938,34.9960021972656,-0.995999991893768,35.992000579834,21.5146656036377,6.80266666412354,2.27159361449655,-0.0372320192727897,1.45350615022332,0.392560427266823,0.316792263283898,0.661169709736974,0.325001903046097,-0.335520076198893,0.346191802684485,0.298147192626494,-97.4290909872871,33.520718341137
"762","Population-Weighted",18.0058326721191,28.1526679992676,7.52933311462402,935,135,47,33.2656326293945,321,156,212,156,12.7829999923706,35.9517364501953,835.111511230469,35.4000015258789,-0.156000003218651,35.5559997558594,22.0966663360596,7.52933311462402,2.54487298845946,-0.353433378528252,1.59661569359752,0.285565572924985,0.393576377413442,0.724770902750135,0.321885312327677,-0.348233181883158,0.350328344303662,0.381093740112995,-97.1905860758739,33.2021438364409
"763","Geometric",17.3524990081787,27.9426670074463,6.40000009536743,684,104,24,43.275520324707,234,94,177,96,14.317666053772,37.5989151000977,870.937194824219,36.0639991760254,-2.01600003242493,38.0799980163574,21.7940006256104,7.52533292770386,2.07205743472029,1.38225910410421,1.35127182515369,0.135156095001197,0.519102829046395,0.624303065100647,0.194099502821459,-0.389264737535208,0.174417879162939,0.196988901573265,-98.9544297163866,33.726612596922
"763","Population-Weighted",17.4151668548584,28.1119995117188,6.31733322143555,716,103,26,41.8265380859375,250,101,185,101,14.3309993743896,37.2079162597656,880.969665527344,36.3159980773926,-2.20000004768372,38.515998840332,21.8846664428711,7.46666669845581,2.06591970393764,1.2424812065966,1.47086674019505,0.168654561810268,0.614296279888051,0.594621595630961,0.180104282000165,-0.408237916209563,0.168406956193431,0.187409102355532,-98.6813238413404,33.8664019366895
"764","Geometric",17.4933338165283,27.2239990234375,7.22466659545898,752,103,36,33.915153503418,257,117,194,117,13.8106670379639,38.5428314208984,809.96923828125,34.8880004882812,-0.944000005722046,35.8320007324219,21.7080001831055,7.22466659545898,2.29608941140565,0.699089938521217,1.24907963967167,0.486528138972059,0.14431494149314,0.450518240262742,0.354650585364834,-0.412255425154666,0.230317904175822,0.169576819658293,-98.632419926112,32.6124929838963
"764","Population-Weighted",18.0723323822021,27.9540004730225,7.67666673660278,764,104,38,30.6973609924316,261,125,199,125,14,38.4361953735352,820.986450195312,35.7639999389648,-0.660000026226044,36.423999786377,22.3460006713867,7.67666673660278,2.44219038085416,0.651463396131323,1.48287158156695,0.608912435894031,0.322521393114097,0.431550448448939,0.391784182385665,-0.465533893421229,0.208000658697643,0.164770918896383,-98.3542104814592,32.6146458646438
"765","Geometric",18.8713340759277,27.7726669311523,9.39333343505859,815,111,39,30.8459129333496,276,156,176,161,12.4580001831055,37.7423667907715,746.870727539062,34.8120002746582,1.80400002002716,33.007999420166,22.6413345336914,10.449333190918,2.92688230279604,0.0937867096917014,1.18930583900904,0.668360732170474,-0.110364530169421,0.926645172967263,0.573438362809828,-0.205428762077936,0.265989258701672,0.22178974850908,-97.608856037312,31.1115926602217
"765","Population-Weighted",19.0471668243408,27.9400005340576,9.55666637420654,811,111,39,31.1513290405273,275,156,174,161,12.5683336257935,37.9662094116211,747.002868652344,35.015998840332,1.91199994087219,33.1040000915527,22.8293323516846,10.6113328933716,2.98105108529641,0.143021575922559,1.21611786318524,0.671366921500779,-0.0687346932717743,0.912640253191981,0.583227513831978,-0.20031468919277,0.275711819187703,0.223078632865066,-97.5901167998355,31.0561447345622
"766","Geometric",18.9546661376953,28.3473339080811,9.03066635131836,883,121,49,29.5108242034912,289,169,187,169,12.9299993515015,37.6748275756836,782.96875,35.6359977722168,1.31599998474121,34.3199996948242,22.8766670227051,9.03066635131836,2.92166609552785,-0.170961563646215,1.4982861020463,0.713753504442061,0.244929594582621,0.705725563320067,0.558730347118432,-0.226101100642032,0.433781938347422,0.302580976008062,-97.0527859300256,31.7165737727036
"766","Population-Weighted",18.9483337402344,28.3413333892822,9.0533332824707,877,120,49,29.0959491729736,287,169,187,169,12.775333404541,37.5171318054199,781.395874023438,35.5359992980957,1.48399996757507,34.0519981384277,22.8773326873779,9.0533332824707,2.92065472132952,-0.189333495080088,1.49132543948165,0.736105970660575,0.182598035934783,0.754885227561256,0.563718832980934,-0.219428277523098,0.429460747105061,0.292107211104182,-97.1072096072484,31.7037969103818
"767","Geometric",19.3303337097168,28.5313339233398,9.55066680908203,872,119,49,28.763219833374,284,169,186,169,12.3733329772949,37.1259384155273,768.537475585938,35.507999420166,2.1800000667572,33.3279991149902,23.2393341064453,9.55066680908203,3.03223053265308,-0.226999824276285,1.51286514907196,0.763172908798681,0.0379891667029487,0.908125835867879,0.582237236317333,-0.189636767939129,0.420135747719442,0.290495311094559,-97.1448495269504,31.5677566987037
"767","Population-Weighted",19.0179996490479,28.1266670227051,9.3033332824707,862,116,48,27.9414825439453,279,168,187,168,11.9586668014526,36.4060745239258,762.235778808594,34.9959983825684,2.14800000190735,32.8479995727539,22.8199996948242,9.3033332824707,2.91316062446284,-0.289640309266491,1.42818199096215,0.796372391003071,-0.135628607312515,1.01808538155574,0.572661221904259,-0.18517943817564,0.396130355657683,0.273887208220141,-97.1699621563178,31.5500578752691
"768","Geometric",18.1480007171631,27.0620002746582,8.55000019073486,662,92,28,39.4172668457031,221,95,193,97,14.8386669158936,42.1313667297363,752.199829101562,34.9519996643066,-0.26800000667572,35.2200012207031,25.3780002593994,9.60400009155273,2.69041024093085,1.450485510241,1.1941749104356,0.324259758465512,-0.0711743105314375,0.0711968086307143,0.527242255095788,-0.229888773709489,0.0328652257308373,0.0955624714151573,-99.3640291332551,31.1965543929251
"768","Population-Weighted",18.2549991607666,27.2093334197998,8.63199996948242,673,93,30,36.8486251831055,224,100,191,103,14.2946662902832,41.1238975524902,753.483764648438,34.8959999084473,0.136000007390976,34.7599983215332,22.271333694458,9.69799995422363,2.65671431564293,1.2207275287998,1.04606265507167,0.510601693992604,-0.0765234467408035,0.317932240706818,0.33075826984339,-0.354878161915137,0.124595113761926,0.0785279328224857,-99.2054697588487,31.3340167999571
"769","Geometric",17.4815006256104,26.5993347167969,7.68200016021729,523,82,18,46.5849266052246,197,67,156,67,15.3376665115356,43.1415023803711,768.361145019531,34.3839988708496,-1.16799998283386,35.5519981384277,22.7540016174316,8.64066696166992,2.36905422744779,2.16686594113726,0.728135756754248,0.194814052418303,-0.0507821470084995,0.130250307482983,0.387254265847189,-0.268774314925528,0.134534934666209,0.0509841760566239,-100.936624843165,31.1142309748021
"769","Population-Weighted",18.0903339385986,27.4200000762939,8.14999961853027,533,86,19,49.3905601501465,202,69,150,69,15.5480003356934,42.7095909118652,782.09033203125,35.3800010681152,-1.02400004863739,36.4039993286133,23.4093322753906,9.07999992370605,2.51011565537218,2.24862590872876,0.922607201490913,0.120372556365948,0.194838360818374,0.188583840657193,0.370498946983755,-0.219070826363385,0.203005109101272,0.120777548193388,-100.627913022962,31.4042235961656
"770","Geometric",20.8573341369629,28.3166656494141,12.57200050354,1201,138,69,21.1524810791016,363,227,336,257,11.32200050354,40.1318588256836,640.8154296875,34.2560005187988,6.04400014877319,28.2119998931885,26.9846668243408,17.0773334503174,4.34344298607535,-2.08699925991246,1.85642943129285,0.7466014392742,-0.624326732039469,0.296419492712556,0.404165464475437,0.125399388953046,-0.0237767967377353,0.0237749357776193,-95.4059020609822,29.7948867099432
"770","Population-Weighted",20.7756671905518,28.2173328399658,12.4980001449585,1198,137,68,21.5660591125488,361,223,338,255,10.989333152771,39.3995895385742,639.848999023438,34.0359992980957,6.14400005340576,27.8919982910156,26.8533325195312,16.9559993743896,4.28732036092929,-2.11256437207759,1.83838848744799,0.714768714229215,-0.734661717311077,0.417727910398543,0.376720325107548,0.12949580658272,-0.0413281173934221,0.0206275960755638,-95.4379286371057,29.7832997012303
"772","Geometric",21.0488338470459,28.3793334960938,12.8039999008179,1238,148,69,22.6395511627197,381,228,355,261,10.8809995651245,39.5155410766602,634.32861328125,34.0480003356934,6.51200008392334,27.5359992980957,27.0946655273438,17.3066673278809,4.43954274203986,-2.34217728219712,1.89834847928498,0.546796927269563,-0.728588623662283,0.384749018863021,0.309981448272017,0.109005618697067,-0.0652721341634038,0.0567896919470405,-95.3435423669988,29.7223473374847
"772","Population-Weighted",21.0488338470459,28.3793334960938,12.8039999008179,1238,148,69,22.6395511627197,381,228,355,261,10.8809995651245,39.5155410766602,634.32861328125,34.0480003356934,6.51200008392334,27.5359992980957,27.0946655273438,17.3066673278809,4.43954274203986,-2.34217728219712,1.89834847928498,0.546796927269563,-0.728588623662283,0.384749018863021,0.309981448272017,0.109005618697067,-0.0652721341634038,0.0567896919470405,-95.3428164585266,29.725125430154
"773","Geometric",19.121166229248,27.304666519165,10.3340005874634,1222,138,84,18.0735092163086,355,260,295,289,12.3183336257935,40.3245162963867,689.769836425781,34.0120010375977,3.46399998664856,30.5480003356934,22.6673336029053,15.1193332672119,3.79495419147983,-2.36438067332782,1.53287387398671,1.2613515057217,0.0331795020195755,-0.0649732660194042,0.416972507793211,0.248885718343762,0.412612479756139,0.122060491438301,-95.2566337781422,30.485501840733
"773","Population-Weighted",19.9820003509521,27.8873329162598,11.3986663818359,1187,131,74,18.1080741882324,343,242,302,269,11.9233331680298,40.1080932617188,670.457153320312,34.3079986572266,4.57999992370605,29.7279987335205,26.3619995117188,16.076000213623,4.02218160652496,-2.01674806005274,1.78535540361611,1.08597530694326,-0.306676101476453,0.138909555743483,0.593996112731533,0.231240716366429,0.132118474518896,0.0592835422699151,-95.4014480123078,30.1982087059768
"774","Geometric",20.4053325653076,27.9333324432373,11.9879999160767,1079,134,59,25.4278011322021,323,193,291,218,12.1346673965454,40.7367630004883,651.715087890625,34.5279998779297,4.73999977111816,29.7880001068115,25.5766658782959,16.2799987792969,4.03438460322826,-1.24562478547861,1.55712162289541,0.669103735398989,-0.445229535268093,0.310064939840591,0.390743147588135,-0.000566222963609309,-0.016408990644888,0.121695422377717,-96.0262861972789,29.3954892255682
"774","Population-Weighted",20.3428325653076,28.1013336181641,11.75,1108,127,61,21.3521366119385,321,206,299,239,11.7816667556763,39.8513984680176,666.421875,34.439998626709,4.87599992752075,29.5639991760254,26.5713329315186,16.216667175293,3.99454488774357,-1.45989536267265,1.72375052384155,0.840878146321431,-0.5009489435202,0.381294104962611,0.514198251853711,0.0668226053350572,-0.0567767280465215,0.0102982299811548,-95.7457507399403,29.6933268882118
"775","Geometric",20.5166664123535,27.9333343505859,12.3666667938232,1259,153,71,24.4796943664551,375,221,366,272,8.59999942779541,33.7254905700684,634.258117675781,32.5999984741211,7.09999990463257,25.4999980926514,26.533332824707,16.6166667938232,4.12147372948092,-2.89395855667369,1.88122132051317,0.405513776639081,-1.30449435361908,1.17924418852368,0.199260072140798,0.277752784871788,-0.0561988995956529,0.16504748351905,-94.9895867170457,29.6574893765216
"775","Population-Weighted",20.7941665649414,28.0753326416016,12.716667175293,1266,153,70,25.0659618377686,387,223,372,265,9.70766735076904,36.9168930053711,625.750366210938,33.0040016174316,6.70800018310547,26.2960014343262,26.7666664123535,17.0193328857422,4.31263666724254,-2.69036572453527,1.86777809101468,0.364083691938875,-1.07518307745445,0.722689776735357,0.186989385313007,0.197346917288773,-0.0747690741673727,0.0979016636353353,-95.1465189113443,29.5831442376271
"776","Geometric",19.7719993591309,27.5166664123535,11.4300003051758,1422,152,93,16.5701141357422,412,281,379,344,11.0686664581299,39.1728019714355,655.610534667969,33.2360000610352,4.98000001907349,28.2560005187988,26.0946655273438,15.967999458313,4.23488465948225,-3.47923355353412,1.96259559690185,0.93805659830346,-0.363171338094965,-0.0926763431292092,0.424748255877872,0.398983626110033,0.24178131315463,-0.0139131919232131,-94.1671733464707,30.1844381823068
"776","Population-Weighted",20.1459999084473,27.6973323822021,11.9393329620361,1443,150,90,17.0882034301758,418,275,396,347,10.5566663742065,38.387882232666,642.937377929688,33.1759986877441,5.67600011825562,27.4999980926514,26.3159999847412,16.3713340759277,4.3330661021064,-3.55692099104301,2.01281198294066,0.838358247397607,-0.548249311613436,0.0805200128447807,0.352522381890609,0.360941089756935,0.157283679879443,-0.0826112585280651,-94.0553828557926,30.1058541217854
"777","Geometric",19.9931659698486,27.6213340759277,11.6773338317871,1418,153,87,18.5715961456299,412,264,392,330,10.8190002441406,38.7833366394043,649.88037109375,33.0559997558594,5.15999984741211,27.8959999084473,26.2560005187988,16.1973323822021,4.24950348830013,-3.35909090247609,1.96638884940776,0.729642006247,-0.522081213419227,0.0243463081470607,0.321223226667641,0.311219959717343,0.110551133201426,-0.0435141504841414,-94.2296628583801,29.9957066101507
"777","Population-Weighted",20.4044990539551,27.9886665344238,12.0920000076294,1434,151,89,17.5062427520752,417,274,390,339,11.2363328933716,39.862117767334,648.959655761719,33.5719985961914,5.38400030136108,28.1879978179932,26.6639995574951,16.6480007171631,4.41977694999023,-3.35146957252189,2.04270025288523,0.8300708265683,-0.362866543409385,-0.119386033819813,0.37839371845774,0.326013598916521,0.151934235369567,-0.0815879264905334,-94.1665175752862,30.0547697356132
"778","Geometric",19.9165000915527,28.3753337860107,10.7866668701172,1014,123,55,25.0576438903809,305,203,203,226,12.3476667404175,38.981143951416,715.142333984375,35.3400001525879,3.66400003433228,31.6760005950928,23.5133323669434,28.3753337860107,3.98647450542948,-0.824328271894199,1.18076398278017,1.21429713342538,0.271892719694823,0.833066682808429,0.313438541287498,0.548498477995209,-0.491499473095418,0.30782377910948,-96.310883823197,30.6793075830501
"778","Population-Weighted",20.1113338470459,28.5353336334229,10.938666343689,1027,126,55,25.6723594665527,311,206,206,228,12.3379993438721,38.9211349487305,715.248413085938,35.4599990844727,3.75999999046326,31.6999988555908,23.716667175293,28.5353336334229,4.04582580736171,-0.873118128899814,1.22578054322047,1.16346622919704,0.304381778409057,0.837985462402875,0.30139217112504,0.553255597459818,-0.489602555713462,0.323422699991909,-96.3015834508596,30.5889704236467
"779","Geometric",21.0711669921875,28.2880001068115,12.985333442688,957,139,41,38.1080589294434,317,153,274,167,11.8676662445068,41.1900100708008,623.79052734375,34.5480003356934,5.73600006103516,28.8120002746582,26.9026660919189,14.3853330612183,4.15163557143756,-0.484402578214286,1.42796443836476,-0.0384880238428897,-0.79643142307793,0.628652875702315,0.348552269393242,-0.121838094533333,0.00092117926164037,0.190173366614061,-96.9794650919086,28.9022445586234
"779","Population-Weighted",20.9261665344238,28.173999786377,12.8140001296997,959,138,42,37.6085891723633,316,155,270,168,11.9069995880127,41.0869560241699,625.633056640625,34.5120010375977,5.53200006484985,28.980001449585,26.7546672821045,14.2106666564941,4.10006631765845,-0.498492072225965,1.41194394711895,0.00793696953422626,-0.76822426452229,0.612711689764671,0.369125818888184,-0.109741235019227,0.023436079796752,0.202791292961563,-96.9814112827133,28.9359587384601
"780","Geometric",21.5429992675781,29.1873321533203,12.7586669921875,595,87,19,47.5546035766602,230,77,168,85,14.0806665420532,43.5825996398926,669.995300292969,36.7200012207031,4.41200017929077,32.3080024719238,26.707332611084,14.4333333969116,3.82885230271516,1.94964912295445,1.18507952982306,0.138051846786438,-0.354663900495786,0.711017462195621,0.458552952538462,-0.168214565016018,0.0327229840196704,0.0617948136077049,-98.9913173466583,28.5407601017473
"780","Population-Weighted",20.9523334503174,28.5213317871094,12.2706670761108,650,93,25,43.523983001709,228,93,178,99,14.0113334655762,43.7963714599609,661.920532226562,36.0959968566895,4.10400009155273,31.9919967651367,25.9226665496826,14.0340003967285,3.74600687321919,1.56180361880619,1.10387549841155,0.29629276492866,-0.390417169070269,0.544721604103681,0.477271123689627,-0.168924107804872,0.0666387327879078,0.080951013709277,-98.986713060933,28.8149886253177
"781","Geometric",20.9268341064453,28.6113319396973,12.3226671218872,762,106,33,35.2769317626953,246,131,191,140,13.1116666793823,42.0785217285156,662.5654296875,35.7719993591309,4.61199998855591,31.1599998474121,24.3959999084473,13.9353332519531,3.78912325241331,0.699735801682424,1.15528124637732,0.572499351581249,-0.381762883538585,0.723050642494586,0.491795362234632,-0.23113846323068,0.135616843118267,0.0983326169373417,-97.9250282426604,29.093590445302
"781","Population-Weighted",20.1483325958252,28.1146659851074,11.3566665649414,819,114,43,34.0117416381836,279,142,207,148,12.6713333129883,40.3494262695312,680.6328125,35.023998260498,3.61999988555908,31.4039993286133,23.7046680450439,13.029333114624,3.53629749912349,0.144926836699721,1.21057042900799,0.553356016819078,-0.36706595503489,0.697167337641404,0.410766843469168,-0.156411780378085,0.202233574222108,0.212277171155176,-98.154689568382,29.4673742252259
"782","Geometric",20.6529998779297,28.5359992980957,11.9686660766602,794,112,42,35.3112678527832,275,131,210,133,12.2613334655762,40.2644577026367,673.417358398438,34.9680023193359,4.51599979400635,30.4520034790039,24.2466678619385,13.6806659698486,3.67657038511461,0.237980305402505,1.25824246304658,0.49891590081532,-0.584201258659214,0.868944236899875,0.361133905504481,-0.137524325508297,0.164578784504251,0.19628501421602,-98.5246272221909,29.4651496630795
"782","Population-Weighted",20.6529998779297,28.5359992980957,11.9686660766602,794,112,42,35.3112678527832,275,131,210,133,12.2613334655762,40.2644577026367,673.417358398438,34.9680023193359,4.51599979400635,30.4520034790039,24.2466678619385,13.6806659698486,3.67657038511461,0.237980305402505,1.25824246304658,0.49891590081532,-0.584201258659214,0.868944236899875,0.361133905504481,-0.137524325508297,0.164578784504251,0.19628501421602,-98.5359126613368,29.4857585036362
"783","Geometric",22.0314998626709,28.7999992370605,14.2019996643066,657,108,24,47.7898483276367,249,94,206,100,12.1916666030884,42.7657699584961,592.626098632812,35.3800010681152,6.87200021743774,28.5080013275146,26.3766670227051,15.279333114624,4.22878593239597,1.10471545746326,1.05717175450986,-0.0379195070602549,-1.06369820521297,1.03945568725487,0.309900662957391,-0.111031439580613,0.0528743619108772,0.128319007750487,-98.053210785063,27.4960834074684
"783","Population-Weighted",22.1875,28.8993339538574,14.3833332061768,766,121,34,44.6591033935547,296,115,229,118,11.8583335876465,41.991268157959,590.530029296875,35.2719993591309,7.03200006484985,28.2399997711182,26.7666664123535,15.4700002670288,4.36243067177335,0.429844618431671,1.242046611533,-0.0560266834384129,-1.00061992767814,0.968437777104637,0.302051632405881,-0.0940544911951871,0.0728077872090772,0.232414267008602,-97.7094806435029,27.8145337984639
"784","Geometric",22.3514995574951,28.7439994812012,14.7959995269775,794,140,31,47.3917655944824,318,122,226,130,10.1336669921875,39.1200866699219,570.179504394531,34.0639991760254,8.15999984741211,25.9039993286133,26.9173336029053,16.050666809082,4.42951204952634,-0.0793454442100879,1.1103427494126,-0.375449446369262,-1.40943126375291,1.572150767447,0.310665608787905,0.00444733538859626,0.0319771742880397,0.379015667860424,-97.4323368868976,27.7017915161352
"784","Population-Weighted",22.7011661529541,28.992000579834,15.2333335876465,811,143,32,47.4775886535645,323,125,229,133,9.8836669921875,39.14013671875,563.966613769531,34.0439987182617,8.79199981689453,25.2519989013672,27.2253341674805,16.4506664276123,4.56966028921068,-0.189126515428305,1.14373226300679,-0.399164504791038,-1.48169103930379,1.64463275103857,0.313084540335672,0.0245562035672958,0.0392291427574316,0.379426658967826,-97.4107868672052,27.7268164997396
"785","Geometric",23.1361675262451,29.3626670837402,15.735333442688,607,111,16,52.5766754150391,230,84,180,99,12.2390003204346,44.5962715148926,554.004028320312,36.0439987182617,8.60000038146973,27.443998336792,27.1879997253418,20.3653335571289,4.77141946456215,1.52051232744005,0.8545669441678,-0.125093031165707,-1.07786014269293,1.23605359154295,0.318575240593378,0.0444535742058096,-0.134321849024781,0.141672940262112,-98.127186320746,26.3961870705098
"785","Population-Weighted",23.140832901001,29.1060009002686,15.9700002670288,616,115,16,51.236198425293,230,87,184,103,11.5423336029053,43.7939453125,533.437438964844,35.4680023193359,9.11200046539307,26.3560028076172,27.0593338012695,20.5013332366943,4.7947487374706,1.29860682249213,0.784866260964202,-0.128383542608894,-1.32333509378027,1.41549128601774,0.328362998143622,0.0468245222673973,-0.16609096941463,0.163095983221787,-98.0200365625793,26.1947068137956
"786","Geometric",18.9378337860107,27.3700008392334,9.82666683197021,841,120,46,33.6588935852051,284,151,202,151,12.6736669540405,39.4867477416992,712.186645507812,34.4280014038086,2.33200001716614,32.0960006713867,22.6346664428711,9.82666683197021,3.11135959610289,-0.0707330237815422,1.14346046039271,0.518428083324261,-0.276760889269837,0.613655914424971,0.446272229822667,-0.198729823456478,0.370762480411104,0.277620403530208,-98.1052502060667,30.2721299146202
"786","Population-Weighted",19.7134990692139,28.041332244873,10.6820001602173,826,120,46,33.6208381652832,283,151,198,152,11.5976667404175,37.5718116760254,704.893798828125,34.6199989318848,3.75200009346008,30.8679981231689,23.3026657104492,12.3753337860107,3.32580568042755,-0.185690364018724,1.24601956917024,0.561920672186919,-0.494756124380481,1.09783618779248,0.413570285960433,-0.0659866762022778,0.272366401979226,0.321060715879013,-97.7913245652101,30.3313293796978
"787","Geometric",19.5533332824707,27.8799991607666,10.517333984375,835,121,47,33.4693565368652,285,153,201,153,11.716667175293,37.8738899230957,705.105651855469,34.5200004577637,3.58400011062622,30.9360008239746,23.1586666107178,12.202000617981,3.30328795020308,-0.227717828680347,1.22572186718156,0.563175726690036,-0.474416792437257,1.01338736724761,0.4060269648765,-0.0686668258609345,0.282913994880122,0.321715449303199,-97.8062147049617,30.28681427244
"787","Population-Weighted",19.7134990692139,28.041332244873,10.6820001602173,826,120,46,33.6208381652832,283,151,198,152,11.5976667404175,37.5718116760254,704.893798828125,34.6199989318848,3.75200009346008,30.8679981231689,23.3026657104492,12.3753337860107,3.32580568042755,-0.185690364018724,1.24601956917024,0.561920672186919,-0.494756124380481,1.09783618779248,0.413570285960433,-0.0659866762022778,0.272366401979226,0.321060715879013,-97.767080022231,30.3049908221341
"788","Geometric",20.1848335266113,28.185998916626,11.2639999389648,560,72,19,43.7902565002441,196,68,178,68,13.5509996414185,42.4158020019531,691.041015625,35.0439987182617,3.09599995613098,31.947998046875,24.0513324737549,12.1239995956421,3.22982075302691,1.92320835828947,0.971469292513356,0.387175484019466,-0.708520788016488,0.767389154244797,0.302862790475726,-0.24798566859178,0.0572201588097186,-0.0914197465732108,-100.507654420293,29.5336293794606
"788","Population-Weighted",20.3328342437744,28.2893333435059,11.3953332901001,592,76,23,41.4269561767578,205,79,185,79,13.7703332901001,43.0054168701172,689.526245117188,35.3359985351562,3.31599998474121,32.0199966430664,24.3406677246094,11.3953332901001,3.32435026163577,1.74522105166923,1.06541076221245,0.450542554151517,-0.617416124003381,0.615869547214328,0.365388791534672,-0.296135338189241,0.12327136768164,-0.0886400042825357,-100.146987418849,29.2268248294587
"789","Geometric",20.3101673126221,28.4226665496826,11.4300003051758,981,127,54,28.2429237365723,303,199,217,208,12.7470006942749,40.2316627502441,691.504821777344,35.6840019226074,4,31.6840019226074,23.716667175293,12.9993333816528,3.75237792523067,-0.670679431087818,1.42323396717186,0.820559164739128,0.0178000468092467,0.519037988614082,0.55426132828323,-0.0821625915489688,0.389134714558327,0.223531052188699,-96.8784523793371,29.9225248020591
"789","Population-Weighted",20.1173324584961,28.2666664123535,11.1893339157104,973,127,52,29.0508899688721,302,196,213,204,12.6719999313354,39.8590850830078,695.803588867188,35.5400009155273,3.74799990653992,31.7920017242432,23.4779987335205,12.7346668243408,3.65984732219407,-0.624854215009794,1.37661512960024,0.772010059156988,0.0044615793503282,0.572430274316485,0.543804007027141,-0.0925919894600594,0.379751033777406,0.237155372692625,-96.9218055518709,29.9753363149703
"790","Geometric",14.1676664352417,24.9946670532227,3.28866672515869,499,83,12,59.2097434997559,221,43,221,43,15.2853336334229,39.2898788452148,881.520202636719,33.5599975585938,-5.34400033950806,38.9039993286133,24.9946670532227,3.28866672515869,1.17131765187362,2.22147815866093,1.12447934386549,-0.689815135979737,-0.0261864248537453,-0.110408016625058,0.122370714180075,-0.117958458362929,-0.00135856227791328,0.059176977723672,-101.634802977066,35.4938041347621
"790","Population-Weighted",13.7878332138062,24.533332824707,3.06600022315979,502,85,14,60.1496047973633,226,43,226,43,15.7023334503174,40.3741989135742,869.798156738281,33.1079978942871,-5.78399991989136,38.8919982910156,24.533332824707,3.06600022315979,1.14620223301773,2.19564138450586,0.994316966709901,-0.725913370560434,-0.00599047343521966,-0.353487537469932,0.0926936913588814,-0.106081357394436,0.0304321764326442,0.0725996210595242,-101.697668831073,35.2177826368303
"791","Geometric",14.3618335723877,25.1486663818359,3.61533331871033,475,79,12,61.9408264160156,218,38,218,38,15.8436670303345,40.6414604187012,871.77294921875,33.6839981079102,-5.30000019073486,38.9839973449707,25.1486663818359,3.61533331871033,1.28400689754777,2.44419228678715,1.07815255076578,-0.716776022092634,0.035684924692926,-0.284340361697762,0.103846827827213,-0.0711449285703657,0.0493277764894645,0.03586299267255,-101.891804138558,35.2944645321618
"791","Population-Weighted",14.0538330078125,24.7259998321533,3.42866659164429,492,85,13,61.6628646850586,225,41,225,41,15.1969995498657,39.8997039794922,863.68115234375,32.992000579834,-5.09600019454956,38.0880012512207,24.7259998321533,3.42866659164429,1.22643631214076,2.17374295453969,0.991708128800903,-0.78018782994653,-0.166494805585721,-0.155079327071693,0.0698706117982499,-0.0576371597822695,0.0367238725242129,0.0641903114254997,-101.857673593448,35.1919559667868
"792","Geometric",16.5013332366943,27.1233329772949,5.69799995422363,526,82,16,53.3100624084473,205,53,193,53,14.9486665725708,38.9328765869141,867.307983398438,35.4799995422363,-2.91600012779236,38.3959999084473,25.0326671600342,5.69799995422363,1.79191637397347,2.23630322302361,1.39193728405033,-0.253769878533545,0.145267821760676,0.313306610243264,0.211715962618348,-0.197854781120348,0.0910906884030359,0.078371594201283,-100.569051717169,34.2301707591583
"792","Population-Weighted",16.4739990234375,27.2133331298828,5.54133367538452,516,83,14,54.4592971801758,206,48,196,48,15.1393327713013,39.0712661743164,876.986083984375,35.5999984741211,-3.14800000190735,38.7479972839355,25.1166667938232,5.54133367538452,1.76077777821911,2.33671427861369,1.41826231654696,-0.338987637799229,0.201672479847979,0.2734117667942,0.178137072758687,-0.23051971961112,0.0632669055739181,0.0732631924660864,-100.705192405652,34.3250135123611
"793","Geometric",15.308666229248,25.2746658325195,5.10933351516724,487,72,12,58.2815933227539,199,44,198,44,16.5259990692139,43.6595153808594,818.973388671875,33.7840003967285,-4.06799983978271,37.8520011901855,23.6906661987305,5.10933351516724,1.69887668886999,2.60765177876267,0.782789254850006,-0.372206422629785,0.0501647838500322,-0.475405953631991,0.17086845979135,-0.172061578950298,0.125725650003053,-0.0521680443741893,-102.198898641027,33.3859191980583
"793","Population-Weighted",15.2185001373291,25.2013320922852,5.04466676712036,485,71,12,59.0390930175781,199,44,199,44,16.6056671142578,43.7820777893066,818.917053222656,33.8320007324219,-4.0959997177124,37.9280014038086,25.2013320922852,5.04466676712036,1.71019599442116,2.65191238277228,0.871666497707394,-0.433002749516865,0.0243774511954903,-0.537132529144505,0.273666729794794,-0.0951810550852871,0.0924241983244167,-0.0411589798319551,-102.254813220959,33.4030431877763
"794","Geometric",15.8546667098999,25.9759998321533,5.46066665649414,483,73,10,59.0398178100586,199,41,199,41,15.1246671676636,40.8951644897461,832.679626464844,33.8120002746582,-3.17199993133545,36.984001159668,25.9759998321533,5.46066665649414,1.72943118076096,2.47852883757958,1.07400066398633,-0.505132807748652,-0.255047346601484,0.0774257113843777,0.252650103735483,-0.0467890778823251,0.032242525135404,-0.0361748289335738,-101.875107762596,33.5867984967534
"794","Population-Weighted",15.9648332595825,26.0340003967285,5.61199998855591,482,72,11,58.5001449584961,197,42,197,42,14.9996671676636,40.8131980895996,828.808532714844,33.8440017700195,-2.90799999237061,36.7520027160645,26.0340003967285,5.61199998855591,1.76736537129747,2.45470513490303,1.08105680708938,-0.457228001970816,-0.293126103701503,0.122564245049211,0.268351909288564,-0.0303765402136498,0.0454382185909072,-0.036426815622656,-101.900099022323,33.5534668773995
"795","Geometric",17.6286659240723,27.4066677093506,7.34466695785522,610,97,22,47.3845558166504,221,76,184,76,14.5799999237061,40.1431732177734,813.50390625,35.2000007629395,-1.12000000476837,36.3199996948242,23.1966667175293,7.34466695785522,2.2960012545611,1.70539566522385,1.16428030696631,-0.013319000407704,0.0856482253923708,0.390411282957214,0.245035752216123,-0.314321755207168,0.181279123335516,0.139139003014048,-100.33941174951,32.6784885194536
"795","Population-Weighted",17.8838329315186,27.5533332824707,7.68466663360596,609,98,23,45.1689071655273,221,77,185,77,14.1776666641235,39.5670547485352,805.017211914062,35.1839981079102,-0.648000001907349,35.8319969177246,23.4613342285156,7.68466663360596,2.36058965825252,1.59965578652514,1.21154140276917,0.050358103084204,-0.0258616361312068,0.525257829122196,0.275728312625785,-0.328062238788579,0.145028013353939,0.154711911542572,-100.171307814918,32.5139126626291
"796","Geometric",18.0825004577637,27.7433338165283,7.83533334732056,616,83,24,40.4555473327637,216,84,186,84,13.6856660842896,38.5251274108887,806.798095703125,35.1119995117188,-0.412000000476837,35.523998260498,23.771333694458,7.83533334732056,2.32016651263555,1.51353190631469,1.32325020683783,0.322356419420098,-0.168510252973881,0.692185114165156,0.350460781789368,-0.303867297108058,0.110217450221567,0.0329454427759216,-99.7340661530974,32.4404141216528
"796","Population-Weighted",18.0825004577637,27.7433338165283,7.83533334732056,616,83,24,40.4555473327637,216,84,186,84,13.6856660842896,38.5251274108887,806.798095703125,35.1119995117188,-0.412000000476837,35.523998260498,23.771333694458,7.83533334732056,2.32016651263555,1.51353190631469,1.32325020683783,0.322356419420098,-0.168510252973881,0.692185114165156,0.350460781789368,-0.303867297108058,0.110217450221567,0.0329454427759216,-99.7432404079336,32.4340627508959
"797","Geometric",18.4218330383301,28.1053333282471,8.18400001525879,316,60,9,55.9938316345215,129,34,100,37,17.5456676483154,45.1602668762207,807.587585449219,36.8120002746582,-2.03999996185303,38.8520011901855,23.992000579834,10.1420001983643,2.44249708810256,3.70142416027892,0.850788942833481,0.272360771940728,0.609828768945114,-0.0611325935915167,0.428268650919523,-0.110383916398753,0.233618963216955,0.039976165030738,-102.71109341809,31.4972489289212
"797","Population-Weighted",17.8133335113525,27.1813316345215,7.95866632461548,364,63,11,55.166431427002,147,39,127,41,15.7733335494995,43.4718742370605,782.736206054688,35.0599975585938,-1.22399997711182,36.2839965820312,26.2106666564941,9.88533306121826,2.37555992080718,3.11442282040375,0.880452339032512,0.080869200817073,-0.102592779126741,0.227098923372339,0.534516903545865,0.0690012124245845,0.0865568266510911,0.0166202519937592,-102.316563967351,31.9095896374579
"798","Geometric",15.6928329467773,23.4740009307861,7.56733322143555,427,85,9,80.8068084716797,238,31,213,37,16.5890007019043,49.2489013671875,649.257934570312,32.2480010986328,-1.43599998950958,33.6840019226074,22.4026660919189,11.8953332901001,2.61155377162541,2.72287264506618,-0.196939110098136,-1.11524278937937,-0.509147109874775,-0.792986249469686,-0.293771533999233,0.321026587437671,0.133128451233698,0.0629312802771862,-104.26923138134,30.613586822422
"798","Population-Weighted",15.525333404541,24.8246669769287,5.96199989318848,288,58,4,76.7712097167969,161,22,138,36,17.3400001525879,46.885139465332,768.574279785156,33.7319984436035,-3.25200009346008,36.9839973449707,23.9759998321533,11.0713329315186,2.0664045592002,3.64038452655253,0.141086100151294,-0.590812644574174,0.0561643096852509,-0.470565194511638,0.10776147489423,0.4657291043857,0.171128736582276,-0.0182262842194054,-105.755534716202,31.5555859242957
"799","Geometric",16.9018325805664,26.843334197998,6.71600008010864,239,46,4,71.3051300048828,129,20,111,37,17.5983333587646,45.0869369506836,821.047790527344,36.1440010070801,-2.88800001144409,39.0320014953613,26.021333694458,12.4293336868286,2.19627472092189,4.06743908939998,0.703132795066815,-0.199064671559158,0.470464900537046,-0.160669304343954,0.293861903246847,0.458814202693558,0.112040310795186,-0.0214993650369393,-106.218613906218,31.8229306760613
"799","Population-Weighted",17.4409999847412,27.2479991912842,7.44400024414062,235,45,5,68.2510833740234,124,21,106,38,16.7700004577637,44.3463096618652,807.482849121094,36.1359977722168,-1.67999994754791,37.8159980773926,26.3559989929199,17.2019996643066,2.46016743195436,3.94206817828257,0.692580583510035,-0.00100336993406808,0.292773760504287,0.183386568784476,0.255448260181594,0.614107409782695,-0.142040194702625,-0.000566552048364685,-106.367648982289,31.7921382696511
"800","Geometric",10.3111667633057,21.771333694458,-0.198666647076607,414,62,13,45.7455825805664,158,41,138,41,16.0403327941895,39.5198936462402,893.858642578125,31.8319988250732,-8.75599956512451,40.5879974365234,14.3740005493164,-0.198666647076607,-0.0526041326768938,2.42640206561191,-0.118593953823369,0.323306501648599,0.257461435291165,-0.253140013449017,0.0764779115823863,-0.535364030488432,0.265961680655378,0.0575968593390672,-104.894006274741,39.8100040041912
"800","Population-Weighted",10.5109996795654,21.8393325805664,0.281333357095718,418,63,13,44.1060791015625,159,44,138,44,15.7873334884644,39.5513916015625,878.403686523438,31.7719993591309,-8.14400005340576,39.9160003662109,19.2026672363281,0.281333357095718,0.126147718791737,2.40185907308466,0.161493910332016,0.226501710603622,0.0338468712267984,-0.263231048921253,0.466339852147673,-0.360476326477606,0.0935647032259707,0.102978797811905,-104.924647050215,39.7858148445654
"801","Geometric",9.10816669464111,20.2893333435059,-1.28199994564056,384,63,8,61.6033630371094,176,27,163,27,15.8676662445068,39.8244819641113,878.867919921875,30.3559989929199,-9.48799991607666,39.8439979553223,17.558666229248,-1.28199994564056,-0.253604737910208,2.562015769285,-0.212724422506967,-0.455530140606567,-0.142185910706977,-0.455184748094391,0.0454093366254821,-0.128645333754766,0.247296857957686,0.08524877841378,-104.470555608622,39.5027783357326
"801","Population-Weighted",9.50083351135254,20.308666229248,-0.140666723251343,430,66,12,47.2774391174316,173,43,155,43,16.6410007476807,42.0057563781738,835.493408203125,30.496000289917,-9.11999988555908,39.6160011291504,17.6353340148926,-0.140666723251343,0.0441129415368516,2.37227344634418,-0.266201877434281,0.052606718507805,-0.0170548456826641,-0.799202630989254,0.347037756125451,-0.393194198027319,0.0998744535256391,0.101867058868247,-104.879047404113,39.5189177041668
"802","Geometric",10.5109996795654,21.8393325805664,0.281333357095718,418,63,13,44.1060791015625,159,44,138,44,15.7873334884644,39.5513916015625,878.403686523438,31.7719993591309,-8.14400005340576,39.9160003662109,19.2026672363281,0.281333357095718,0.126147718791737,2.40185907308466,0.161493910332016,0.226501710603622,0.0338468712267984,-0.263231048921253,0.466339852147673,-0.360476326477606,0.0935647032259707,0.102978797811905,-104.952140155331,39.7681217145265
"802","Population-Weighted",10.738166809082,22.0766658782959,0.551333367824554,429,65,14,44.21435546875,163,45,137,45,15.8916664123535,39.7530174255371,877.656799316406,32.0919990539551,-7.88400030136108,39.9759979248047,14.6346664428711,0.551333367824554,0.159944584142455,2.33610797987805,-0.0945980547152749,0.370223224434096,0.22204152793605,-0.19208098472603,0.112713156922416,-0.561004576678912,0.254412523718154,0.0802955616153391,-104.973078290414,39.7583006003606
"803","Geometric",8.4796667098999,18.8173332214355,-0.657999992370605,461,67,16,40.7280769348145,172,54,144,54,15.7093334197998,41.9049644470215,797.183288574219,28.7999992370605,-8.6879997253418,37.4879989624023,11.804666519165,-0.657999992370605,-0.163405754973976,1.84220403470728,-0.948155157610818,0.430698816942297,-0.330297425349622,-0.61403806557258,0.162901914529175,-0.588022056321652,0.236751439745611,0.0720885232446102,-105.302387190779,40.0229431199369
"803","Population-Weighted",10.1741666793823,21.0926666259766,0.223333358764648,467,72,16,44.2697944641113,183,51,133,51,16.4376678466797,41.2633476257324,848.864135742188,31.3320007324219,-8.50399971008301,39.8359985351562,13.9700002670288,0.223333358764648,0.144326561069191,2.18279389870259,-0.371770550729138,0.303265348255047,0.28283479622236,-0.519792750171507,0.175299202571485,-0.58095240756745,0.285594211685017,0.158614971140958,-105.242180498033,40.0264173947809
"804","Geometric",3.74550008773804,15.2600002288818,-8.31599998474121,385,41,24,16.2243366241455,117,81,116,82,17.5436668395996,39.9919471740723,951.530212402344,26.8640003204346,-17.003999710083,43.8680000305176,14.5893335342407,-6.18866682052612,-2.12531762635818,1.83747160813913,-0.748644079281371,1.35200883519162,0.272375586832648,-1.58505747965397,1.05212731352493,-0.494146844029952,-0.115893932587257,0.000100628964876046,-106.174767571147,40.0069758811483
"804","Population-Weighted",2.25433325767517,11.28600025177,-4.92199993133545,574,60,33,17.6984462738037,164,118,164,131,13.6059999465942,42.5187492370605,690.357727050781,19.988000869751,-12.0120000839233,32,11.28600025177,3.08466672897339,-1.22563170934702,-0.0678713922775864,-2.31911767262136,1.25298879293889,-1.78258093304917,-1.21707725310441,0.797450156187706,0.113182372949562,-0.405312955866674,-0.0388796613185375,-105.655095417162,39.7477669195749
"805","Geometric",4.81266689300537,14.1546669006348,-2.89933323860168,415,58,16,44.5712776184082,164,51,157,51,14.2406663894653,42.4587554931641,713.070678710938,23.5240001678467,-10.0159997940063,33.5400009155273,11.7200002670288,-2.89933323860168,-0.890345233495464,1.38209274807161,-1.88021667897374,0.191105836919486,-1.57608102235613,-0.813868801257683,0.319384636605102,-0.185795811517463,0.166391704856999,0.0175149564689967,-105.404090196091,40.5834682044682
"805","Population-Weighted",9.32233333587646,20.5673332214355,-1.51999986171722,408,67,11,49.8606605529785,167,37,130,37,16.7146663665771,40.183349609375,893.340881347656,30.7679996490479,-10.8280000686646,41.5960006713867,13.6866664886475,-1.51999986171722,-0.392303436776888,2.51016965732944,-0.397136016345025,0.0930156123494925,0.384744512954437,-0.565931459327353,0.0860959122391031,-0.496237246043883,0.298252582289126,0.134276399604482,-105.067599901173,40.370056072757
"806","Geometric",9.77566623687744,21.5766658782959,-1.72866666316986,353,62,7,60.4342918395996,162,24,137,24,16.5259990692139,38.7861442565918,943.510559082031,31.8159999847412,-10.7919998168945,42.6080017089844,19.1219997406006,-1.72866666316986,-0.384143989328658,2.93321353474127,0.187443687607111,-0.377408293190976,0.378790581627191,-0.39577691900934,0.204700716651916,-0.134649679067229,0.251327213458288,0.130043183374329,-104.482279926189,40.4097072385041
"806","Population-Weighted",9.6381664276123,21.2586669921875,-1.53999996185303,384,64,10,51.2633628845215,158,33,131,33,16.5903339385986,39.4369430541992,922.997009277344,31.5559997558594,-10.5120000839233,42.068000793457,18.7386665344238,-1.53999996185303,-0.329047836164277,2.71463969490497,0.0985713114697112,-0.0589355927772353,0.341644340147871,-0.492186280368787,0.380428554270295,-0.290179031327596,0.172471621066358,0.144204950568717,-104.781947200844,40.1916054927649
"807","Geometric",9.45283317565918,21.6033344268799,-2.09533309936523,414,79,8,75.2937545776367,223,25,190,25,15.9069995880127,37.396556854248,963.316162109375,31.8080005645752,-10.7279996871948,42.5359992980957,18.839334487915,-2.09533309936523,-0.370018692603013,2.53641466105375,0.326870788410442,-1.14671076467555,0.369528869677879,-0.340068704473493,-0.282027647614927,0.0398769845702368,0.357240599958747,0.193478569015008,-103.064307508392,40.3767229194483
"807","Population-Weighted",9.81716632843018,22.267333984375,-2.05933332443237,394,76,6,75.3637466430664,212,22,181,22,15.9956665039062,36.9824905395508,987.589599609375,32.5880012512207,-10.6640005111694,43.2520027160645,19.4460010528564,-2.05933332443237,-0.361657457869481,2.73824583583015,0.494540951350013,-1.11188041492603,0.507169322564001,-0.229422985425315,-0.247601868200976,0.0305714183420621,0.354407496788177,0.173348346770259,-103.241367883246,40.3383948068758
"808","Geometric",9.1555004119873,20.5926666259766,-1.5793331861496,358,68,8,72.3208618164062,178,24,172,24,16.7796669006348,40.7075843811035,901.21728515625,30.7320003509521,-10.4879999160767,41.2200012207031,17.990665435791,-1.5793331861496,-0.261100780440197,2.8317520226732,-0.131911715582038,-0.806606299748228,0.159276792027896,-0.742885496355017,-0.13168465511658,0.0602939444243722,0.400178087028744,0.118608339299595,-103.505456490289,39.0735621468735
"808","Population-Weighted",7.9573335647583,18.6979999542236,-2.02133321762085,410,70,8,67.3992385864258,194,28,194,28,16.6499996185303,42.0582008361816,843.739562988281,28.6919994354248,-10.8959999084473,39.5879974365234,18.6979999542236,-2.02133321762085,-0.364370357637696,2.45681764154702,-0.438558285041915,-0.847872780266657,-0.284119160813064,-1.09029754706626,0.0399071793184604,0.0158018671207725,0.195870643500839,0.101014636426492,-104.522259261439,38.9305121003042
"809","Geometric",9.45266628265381,20.2373332977295,-0.511333286762238,392,69,8,65.6689529418945,184,29,184,29,16.3246669769287,41.4668426513672,844.4423828125,29.9799995422363,-9.38799953460693,39.3680000305176,20.2373332977295,-0.511333286762238,0.0149392151755399,2.57611054111547,-0.127172548785545,-0.721223483412217,-0.246653691997152,-0.781568615273382,0.120581068833312,0.0259975610052987,0.180255698492448,0.103492093074664,-104.670274071552,38.7787646595039
"809","Population-Weighted",9.23733329772949,19.8253326416016,-0.285999864339828,413,71,9,63.6898727416992,190,33,190,33,15.7926664352417,41.2901763916016,821.944396972656,29.3199996948242,-8.92799949645996,38.2480010986328,19.8253326416016,-0.285999864339828,0.0437683193709864,2.33055432372214,-0.244896782524674,-0.689822196756341,-0.474839501396971,-0.703300625426913,0.121744419137157,0.0132835692065227,0.14546010789358,0.10110606911965,-104.762618025057,38.8722446453616
"810","Geometric",11.9713335037231,23.8193321228027,0.592666625976562,322,55,8,59.072395324707,142,26,140,26,18.3939990997314,42.0491943359375,944.577270507812,34.515998840332,-9.22799968719482,43.7439994812012,21.2933330535889,0.592666625976562,0.350463995634554,3.51683447063776,0.638718839957862,-0.131793760173243,0.898187458753165,-0.809817544007837,0.263905314889446,-0.20439629469994,0.269916097109871,0.0495468928086702,-103.586521088737,37.7779124141451
"810","Population-Weighted",11.6738338470459,23.5906677246094,0.206666871905327,297,49,7,58.0549774169922,130,23,130,23,18.1963329315186,41.5669174194336,947.92333984375,34.484001159668,-9.29199981689453,43.7760009765625,23.5906677246094,0.206666871905327,0.252653251141102,3.63469889140402,0.752793621705892,-0.114756168737237,0.770722601537544,-0.752420387137855,0.496590451889438,-0.0991563073669897,0.19571206298884,0.0560312994248262,-104.349658900708,38.071545950145
"811","Geometric",3.80083322525024,14.4206666946411,-7.09866666793823,408,62,22,35.7272720336914,156,73,137,73,16.9909992218018,41.0847282409668,874.884704589844,24.7479991912842,-16.6079998016357,41.3559989929199,13.9486665725708,-7.09866666793823,-1.88914161276577,1.62837863510709,-1.20156607886564,0.452634659966702,-0.193267280645586,-1.62614086567958,0.734877947714755,-0.232862567286559,0.161316562528665,0.125306542180004,-106.377828771382,37.5837976403154
"811","Population-Weighted",0.994166612625122,10.3299999237061,-7.92533349990845,777,89,38,23.9700050354004,239,130,204,192,15.0856666564941,41.9839324951172,760.882934570312,19.4519996643066,-16.4799995422363,35.931999206543,10.3253335952759,3.22733330726624,-1.67444842292994,-0.709412778963408,-2.30667569860125,0.649765741980429,-0.807840995053854,-1.90042105380615,0.6069563693265,0.216416225209637,-0.515027137012882,0.0275365022291969,-106.494077441736,37.4501988728719
"812","Geometric",1.91033327579498,12.8179998397827,-9.64333343505859,396,56,24,30.3331604003906,143,81,132,81,17.2600002288818,40.6615142822266,909.568115234375,23.011999130249,-19.4360008239746,42.447998046875,12.3033332824707,-9.64333343505859,-2.61402136129095,1.47464220411931,-1.44727954161309,0.671075608775388,-0.164555187701018,-1.89644257752607,0.831137922786703,-0.243878574113803,0.163258138422849,0.0599186144319176,-106.401199755579,38.4377668873044
"812","Population-Weighted",2.07666659355164,12.029333114624,-7.23666667938232,423,65,23,37.2738723754883,165,79,157,79,15.1260004043579,41.0630912780762,790.893432617188,21.431999206543,-15.4040002822876,36.8359985351562,11.558666229248,-7.23666667938232,-2.0082417410657,0.954932137102695,-1.92068263424496,0.335573576992155,-1.18381688901375,-1.42364616058502,0.60184316345155,-0.0994733365537659,0.169659729537,0.0820698611893986,-105.965921978231,38.4437913580464
"813","Geometric",7.47416687011719,18.0699996948242,-2.51999998092651,498,54,18,23.9428901672363,148,85,118,118,15.2976665496826,39.5738487243652,840.371398925781,28.2679996490479,-10.3879995346069,38.6559982299805,13.8813333511353,10.9119997024536,-0.332081654295641,1.46047548964868,-0.971325322983224,1.27063333733536,-0.0237578033951363,-0.406925873224085,0.524438656677665,-0.0444375482256757,-0.660001959276373,0.0127077161439007,-108.443247121436,37.4952720579026
"813","Population-Weighted",6.01350021362305,16.1299991607666,-3.63133335113525,593,67,23,23.9433555603027,180,100,148,141,15.7889995574951,41.2503929138184,810.8857421875,26.2320003509521,-12.043999671936,38.2760009765625,15.8199996948242,9.04199981689453,-0.520761849821262,0.936542602109532,-1.12874049819435,0.978259836980425,-0.160242268436333,-1.06116564327426,0.748221640026846,0.0740787477604047,-0.715769649404323,0.0486430537526116,-108.190914108624,37.3599187296808
"814","Geometric",9.17599964141846,20.3866672515869,-1.84399998188019,287,34,13,30.0557079315186,100,48,83,48,16.173999786377,39.2916145324707,897.195068359375,31.0440006256104,-10.1199998855591,41.1640014648438,19.5026664733887,-1.84399998188019,-0.547167822965453,2.77668349190919,-0.0226671344512534,1.00901728776385,0.0018302574309926,-0.358099475994121,1.01799864941019,-0.374637136282362,0.036067264417855,0.00529337078912209,-107.995714616413,38.4312937203406
"814","Population-Weighted",9.76633358001709,20.9939994812012,-1.42266666889191,256,30,10,31.2170352935791,90,40,72,40,16.253999710083,39.3788146972656,903.281555175781,31.5160007476807,-9.76000022888184,41.2760009765625,16.07200050354,-1.42266666889191,-0.502140553924224,2.98787396915324,-0.203426669943082,1.12795759780383,0.136003261149001,-0.175729472276912,0.742368597024426,-0.538098098716382,0.150417506713982,-0.0568994398206813,-107.87921657874,38.4635861493563
"815","Geometric",5.74916648864746,16.0873336791992,-4.04399967193604,434,50,26,21.7022838592529,142,87,142,87,14.3063335418701,37.6324005126953,834.614013671875,26.6000003814697,-11.4159994125366,38.015998840332,16.0873336791992,-4.04399967193604,-1.20400004630812,1.14732849870098,-0.693276226600353,1.07214419696812,-0.83683602915957,-0.585636511409428,0.919733133974189,-0.317344768194175,-0.0180000552860052,0.0579742851709222,-108.706024522942,38.9159510106632
"815","Population-Weighted",11.763500213623,24.0186672210693,-0.455999940633774,229,27,12,24.6193580627441,72,41,53,41,15.5836668014526,36.4002304077148,986.694885253906,34.423999786377,-8.38799953460693,42.8120002746582,18.5540008544922,-0.455999940633774,-0.26536289927121,3.1547611367934,0.627755975673825,1.44825058910087,0.487561667555685,0.485193926997819,0.883969551885896,-0.600973501150795,0.109786087700359,-0.0732785779305913,-108.577486794975,39.0793441331117
"816","Geometric",5.07733345031738,16.1006660461426,-6.01266670227051,425,42,28,12.1941051483154,117,92,112,92,17.3640003204346,40.8564682006836,897.785766601562,27.9120006561279,-14.5880002975464,42.5,15.702000617981,-6.01266670227051,-1.55900680016573,1.7106993308065,-0.602747892610948,1.55176016431163,0.165780052262512,-1.50841361835976,1.22169630720037,-0.589684282632173,0.000748140635388195,0.0266829709292099,-107.855250792035,39.9926426566688
"816","Population-Weighted",5.79983329772949,16.5706672668457,-5.18733310699463,416,39,29,9.51420021057129,114,96,101,96,17.6136665344238,42.0534477233887,881.814697265625,27.8839988708496,-14,41.8839988708496,12.5033330917358,-5.18733310699463,-1.37053905595185,1.72373475232372,-0.850553428899754,1.82413243312416,0.253550472009365,-1.49483304573195,1.06697473184701,-0.739969484550404,0.119755870568634,-0.0488638138634012,-107.448947327845,39.6158437403632
"820","Geometric",5.17816686630249,16.0366668701172,-4.47199964523315,340,52,11,49.9624214172363,145,34,127,34,14.1016664505005,38.2989311218262,841.103881835938,25.9720001220703,-10.8479995727539,36.8199996948242,13.1666669845581,-4.47199964523315,-1.28814844927248,1.95534969801979,-1.26005014632102,0.0587901503600626,-1.03801563844476,-0.241040635623455,0.301831775797975,-0.129001313264574,0.2477674312433,0.0756537438237965,-105.360454271532,41.5018641274371
"820","Population-Weighted",6.51849985122681,17.503999710083,-3.15666675567627,373,60,11,54.319652557373,167,35,145,35,14.7589998245239,39.2109489440918,847.340393066406,27.5359992980957,-10.1040000915527,37.6399993896484,14.6566667556763,-3.15666675567627,-0.839503157869229,2.06422312391299,-0.90887652470345,-0.169651848782657,-0.711141768852141,-0.371859073905988,0.192887319938199,-0.139889238295445,0.25193675282453,0.100346666888937,-105.020233383209,41.2706843805128
"821","Geometric",0.0875000730156898,9.78066635131836,-9.10799980163574,660,75,40,20.3175163269043,208,134,152,203,15.4123334884644,42.0596351623535,779.302856445312,20.4680004119873,-16.1760005950928,36.6440010070801,-7.96933317184448,6.55066680908203,-2.01963926770661,-0.584836894455454,-3.64860659905467,1.70266396123719,-0.0938188181125248,-1.47727650132426,-0.55885625911047,-0.294189301916466,-0.0489305801383838,-0.0737249112457434,-110.518557528277,44.5741052044914
"821","Population-Weighted",-0.0506666339933872,9.74600028991699,-9.18666648864746,701,82,43,22.3677577972412,228,138,150,222,15.1313333511353,41.2702751159668,785.410278320312,20.5520000457764,-16.1119995117188,36.6640014648438,-7.96666669845581,9.73200035095215,-1.92178291616864,-0.820140647090844,-3.69307853309529,1.63278195458303,0.0469548493077868,-1.35212213514467,-0.62168783789038,-0.0937071333673629,-0.1664530186351,0.00369200333414162,-110.712517382549,44.4766928368342
"822","Geometric",7.57116651535034,19.3866672515869,-3.31399965286255,334,61,9,64.2037353515625,162,29,127,29,15.8463335037231,38.3391418457031,923.163757324219,30.2199993133545,-11.1119995117188,41.3320007324219,16.4580001831055,-3.31399965286255,-0.81353303875087,2.67640718866993,-0.374118426237017,-0.423638571879483,0.0618578289564529,-0.356879905392673,0.124582178954133,0.00200337985164006,0.419341952251599,0.185288645194959,-104.618155560179,42.4741038099727
"822","Population-Weighted",8.65033340454102,20.6186656951904,-2.25733351707458,317,59,7,69.1953964233398,160,23,127,23,17.1133327484131,40.0668029785156,931.22021484375,31.8239994049072,-10.8879995346069,42.7119979858398,17.8039989471436,-2.25733351707458,-0.473150146159412,3.15124203625899,-0.132507123964301,-0.536231867387127,0.465885252704721,-0.620203921069115,0.0829818522243765,0.0202101833944691,0.460557672650862,0.180388815234947,-104.502422210893,42.2771182260995
"823","Geometric",5.50516653060913,17.2786655426025,-5.78933334350586,251,35,12,31.6390018463135,89,40,68,40,13.7150001525879,34.5709800720215,939.409606933594,27.92799949646,-11.7440004348755,39.6720008850098,8.88133335113525,-5.78933334350586,-1.83363579359056,2.16278403904347,-1.07335889384285,1.09302164184231,-0.506880721296989,0.410518969407715,0.386610372907243,-0.541840468936725,0.312671562313461,0.00185369995210501,-107.38337644012,41.8548363071086
"823","Population-Weighted",5.96199989318848,17.9286670684814,-5.60799980163574,272,43,12,37.5485458374023,103,40,68,40,14.4906663894653,35.1374053955078,957.210021972656,28.8719997406006,-12.3680000305176,41.2399978637695,9.5939998626709,-5.60799980163574,-1.72080278039784,2.32177893907778,-0.907333152993843,0.845652464101427,-0.111450629331538,0.232022241729021,0.322772909289025,-0.488257333945527,0.387034289822851,0.0774461033378703,-107.212691461706,42.0442101407945
"824","Geometric",6.59899997711182,18.4060001373291,-4.54133367538452,258,45,9,54.6799697875977,114,27,87,27,15.3753337860107,36.9990692138672,929.960571289062,28.9160003662109,-12.6400003433228,41.5559997558594,10.6966667175293,-4.54133367538452,-1.42184371421292,2.72451671423874,-0.915914871280638,0.250627558614455,-0.0246650081592971,-0.0778929162869771,0.0431119509104696,-0.198817951834613,0.526759779022106,0.0891090825006713,-108.552689264386,44.2569472669167
"824","Population-Weighted",6.57466650009155,18.5193328857422,-4.73600006103516,255,44,9,53.7663421630859,112,29,85,29,15.21399974823,36.4634284973145,941.430969238281,29.0399990081787,-12.6840000152588,41.7239990234375,10.7273330688477,-4.73600006103516,-1.47697015816951,2.70247519944925,-0.861388063377959,0.292082951903289,-0.00925936592408982,0.00299784187650391,0.0589259143761415,-0.200712935698387,0.526903461649494,0.0780134668216053,-108.536306379763,44.3209949394259
"825","Geometric",5.92983341217041,17.8719997406006,-5.67933368682861,241,45,8,51.102912902832,102,26,67,26,16.2023334503174,37.8205718994141,952.729614257812,28.8040008544922,-14.03600025177,42.8400001525879,10.2806663513184,-5.67933368682861,-1.69206025447066,2.90090336341476,-1.02462770411437,0.379640028818785,0.228684200410129,-0.32835968758015,0.200237613780347,-0.299674023108639,0.509909168409619,0.112515417012186,-108.998519789055,43.1242331337739
"825","Population-Weighted",6.44000005722046,18.7066669464111,-5.62200021743774,225,46,6,57.6950645446777,100,21,62,21,16.3013324737549,37.1870918273926,982.407104492188,29.6679992675781,-14.1680002212524,43.8359985351562,11.1879997253418,-5.62200021743774,-1.65810933462278,3.13924930188928,-0.816595373437095,0.1672988735005,0.424657906771661,-0.206488666704314,0.128738291779432,-0.182605191343306,0.587471819123133,0.131245363627055,-108.873841786385,43.1194719153259
"826","Geometric",6.62716674804688,18.9213333129883,-5.2519998550415,324,57,14,47.6487998962402,140,45,92,45,15.2203330993652,35.3862495422363,978.391174316406,30.1480007171631,-12.8640003204346,43.0120010375977,10.4333333969116,-5.2519998550415,-1.50365379859155,2.31057325406792,-0.597606063842475,0.387474565622767,0.35686533144312,0.0113680397141001,0.084961499506916,-0.381116673879555,0.506052736364952,0.169281632642814,-106.469107106067,43.149800893183
"826","Population-Weighted",7.58216667175293,19.8913326263428,-3.91533350944519,313,56,14,46.6634788513184,132,45,88,45,15.4709997177124,36.2964515686035,965.025024414062,31.3120002746582,-11.3120002746582,42.6240005493164,11.4806661605835,-3.91533350944519,-1.10442513844968,2.479182283019,-0.440702061949421,0.487861172704765,0.421541302758349,0.0384891724095039,0.140524799543604,-0.411979936415249,0.499888989391721,0.169215415183511,-106.373596057446,42.9847197965296
"827","Geometric",6.88333320617676,19.4720001220703,-5.43200016021729,349,62,10,61.3500213623047,166,36,133,36,15.5626668930054,35.3119125366211,1007.115234375,30.1399993896484,-13.9320001602173,44.0719985961914,16.3680000305176,-4.00200033187866,-1.41161688517388,2.49502165483479,-0.0792344060679931,-0.386965031271021,0.376974881807974,-0.231855674205734,0.0789867004095859,0.049154988606364,0.301478272110619,0.170779175729787,-105.043831939705,44.2298816166633
"827","Population-Weighted",6.96933364868164,19.8106670379639,-5.90866661071777,352,64,9,63.9615020751953,171,33,138,33,15.970666885376,35.1559982299805,1036.66296386719,30.57200050354,-14.8559999465942,45.4280014038086,16.7333335876465,-5.90866661071777,-1.54665500153385,2.61221460869434,0.0946122936891366,-0.550297862565022,0.591146218037435,-0.336361368703671,0.0555927496102959,-0.00230652935912901,0.387114656896908,0.157932272957359,-104.979714411564,44.2647463392317
"828","Geometric",6.70149993896484,18.6713333129883,-4.8046669960022,383,63,14,49.6233062744141,166,47,114,47,15.4083337783813,36.599365234375,952.122009277344,29.1000003814697,-13,42.0999984741211,10.8753337860107,-4.8046669960022,-1.35592349129972,2.10396891907285,-0.688464880262299,0.162368938258982,0.230799831038894,-0.228430130632113,0.0431640524491503,-0.35971175292332,0.444938816861547,0.147451869774306,-106.755414318978,44.6023727029003
"828","Population-Weighted",7.07516670227051,19.050666809082,-4.45866680145264,377,64,14,49.3828811645508,164,48,103,48,16.3276672363281,38.0669288635254,948.39501953125,29.7919998168945,-13.1000003814697,42.8919982910156,11.5693330764771,-4.45866680145264,-1.19543847562124,2.32486408559566,-0.642622686335143,0.201861887808581,0.498545009327762,-0.471829937763064,0.146612733415555,-0.389083020957088,0.463136193777576,0.182051834782318,-106.980896129673,44.6722743475031
"829","Geometric",4.24949979782104,16.9060001373291,-8.78999996185303,179,26,8,38.7717475891113,67,25,58,25,17.7503337860107,37.7795295715332,1031.87768554688,29.011999130249,-17.9720001220703,46.984001159668,14.1899995803833,-8.78999996185303,-2.5040991276326,3.31576315611629,-0.610797667437247,0.76914893535928,0.631213190710423,-0.948531426455005,0.763102385171305,-0.349028302661451,0.239260975392322,0.0330232207527921,-109.605122597229,41.8901594014592
"829","Population-Weighted",4.17716646194458,16.6359996795654,-8.40333366394043,181,26,7,39.8966789245605,67,24,58,24,17.2709999084473,38.0217514038086,1008.14666748047,28.507999420166,-16.9160003662109,45.423999786377,9.14999961853027,-5.89200019836426,-2.38855804772195,3.17682756174777,-1.10875911773254,0.918450212294908,0.524357042422116,-0.721582588090239,0.327718209600975,-0.419024811266417,0.254393114134283,-0.00558446146994725,-109.898128018961,41.8081163320068
"830","Geometric",0.679333388805389,10.5326671600342,-8.8953332901001,589,71,36,23.3698024749756,197,113,119,188,15.0406665802002,40.933666229248,801.972045898438,21.3920001983643,-15.3520002365112,36.7439994812012,-7.64333295822144,10.4820003509521,-1.89333342737843,-0.183558269969542,-3.65037300329691,1.70865670305695,-0.00636233913316828,-1.01163619682893,-0.606671701782467,-0.144103192701023,-0.223114476783983,0.00406902976764816,-110.541336441497,43.717520149277
"830","Population-Weighted",2.84383320808411,14.5826663970947,-9.34066677093506,525,60,31,20.6600933074951,166,102,111,155,16.871000289917,38.8017463684082,967.377136230469,26.8360004425049,-16.6440010070801,43.4800033569336,-7.85933351516724,14.003999710083,-1.87729052673736,0.813457397401915,-2.58904620077554,2.08978313356381,1.3938478711671,-0.868198652669666,-0.989581388876661,-0.394705946251275,-0.4094151971655,0.00181437991524382,-110.678529115667,43.6066587841947
"831","Geometric",1.48216676712036,12.2186670303345,-8.49066638946533,353,38,24,13.7681922912598,101,77,94,80,13.892333984375,37.4416046142578,847.504821777344,22.492000579834,-14.6119995117188,37.1040000915527,4.50066661834717,-7.03200006484985,-2.54148678762505,0.975410478725857,-2.19497507857336,1.66575961238502,-1.10213027938555,-0.546469290708256,0.59390916032421,-0.623080028757041,0.132796998062228,-0.0493631368195256,-110.559585826877,42.3710787932829
"831","Population-Weighted",0.41799995303154,10.8599996566772,-8.65333366394043,443,45,31,10.5169324874878,121,103,107,112,11.923999786377,35.3031730651855,801.6328125,19.9799995422363,-13.7960004806519,33.7760009765625,2.30466675758362,-5.28399991989136,-2.60936789012884,-0.0205687334007273,-2.61656877079206,1.79260448220407,-1.70370337514959,-0.166162148564492,0.508439236700753,-0.413617424382932,0.104852650157196,-0.0305172734302728,-110.702129204288,42.4870745216454
"832","Geometric",6.82000017166138,19.0106658935547,-5.58466672897339,257,29,16,19.7182178497314,76,52,61,71,15.6100006103516,36.1342582702637,994.475769042969,31.068000793457,-12.1319999694824,43.2000007629395,10.8666667938232,18.771333694458,-0.959315017901577,2.49314738991758,-0.807082604370779,2.02720687391381,0.735576118659614,0.177217353735641,0.125004950571908,0.1424652161585,-1.11048340473761,0.110497115007695,-112.905315425819,43.3294714770216
"832","Population-Weighted",7.66933345794678,19.0053329467773,-3.82733345031738,286,32,15,18.7177124023438,84,53,60,75,15.1599998474121,37.4950523376465,922.748657226562,30.3239994049072,-10.1080007553101,40.431999206543,11.8739995956421,18.4860000610352,-0.522286590050261,2.33986276919452,-0.96423762393539,1.96488285525282,0.300921395979081,0.237198288904853,0.303243358066152,0.0839972295603129,-1.06750878690118,0.0925100461731669,-112.445718149921,43.0034200750004
"833","Geometric",8.88283348083496,20.9806671142578,-2.82800006866455,270,38,7,43.4906425476074,108,31,36,100,15.360333442688,36.9736518859863,963.26513671875,32.7919998168945,-8.7519998550415,41.5439987182617,-1.87066662311554,20.4680004119873,-0.272850622289059,2.73819714280309,-1.76996582858539,1.58669359391151,1.25391998403893,0.945194587360079,-1.06118215512689,-0.130402737640096,-0.344371837138729,-0.0537044910407095,-114.161209697984,42.8332914109144
"833","Population-Weighted",9.00766658782959,20.7039985656738,-2.33800005912781,269,37,7,41.1408958435059,103,31,36,95,15.2813329696655,37.709342956543,930.550170898438,32.2999992370605,-8.22399997711182,40.523998260498,-1.46000003814697,20.1206665039062,-0.174035746857457,2.70915598610836,-1.85179172942039,1.6484516807612,1.03093647808206,0.889809593694174,-0.962136460355674,-0.179116405449944,-0.355307098722627,-0.0545895942279377,-114.228754347458,42.7410420813845
"834","Geometric",3.53883337974548,14.8026666641235,-7.97466659545898,280,43,15,39.4696922302246,109,49,90,49,14.9136667251587,36.7331695556641,929.088012695312,25.9680004119873,-14.6319999694824,40.5999984741211,11.9040002822876,-6.15333318710327,-2.18989731308128,2.04869002723437,-1.26308387358577,0.632810038600355,-0.478526257066221,-0.455879142159831,0.553469811344639,-0.126595104140739,0.210633787847677,0.103034073601147,-112.567678663104,44.314106118347
"834","Population-Weighted",6.04650020599365,17.3993339538574,-5.78999996185303,293,37,19,25.2460956573486,100,60,75,65,15.9956665039062,38.1903991699219,933.226196289062,28.992000579834,-12.8920001983643,41.8840026855469,10.739333152771,-3.40866661071777,-1.53341011852329,2.22932381284851,-0.895146083350356,1.37574046081786,0.157062233899591,-0.474887561098881,0.608224453319057,-0.52898491915422,0.174643935846093,0.0214835572956595,-112.007428073277,43.7316924131652
"835","Geometric",4.62866640090942,13.7880001068115,-4.00399971008301,751,89,31,26.7109718322754,241,118,138,230,14.8453330993652,41.1501655578613,731.263488769531,25.6879997253418,-10.3879995346069,36.076000213623,-3.2793333530426,13.5973329544067,-0.44331327482965,-0.267192229412465,-2.9426073596856,1.32922003963104,0.322026654538991,-0.617031340107174,-0.481710716744572,-0.33723237906805,-0.265950903832748,0.0411263073540613,-115.633340525447,46.059758385814
"835","Population-Weighted",8.6158332824707,18.2280006408691,-0.522000014781952,737,79,30,27.6778926849365,225,108,127,207,14.4883337020874,39.8469009399414,765.893371582031,30.6079998016357,-5.7519998550415,36.3600006103516,7.996666431427,18.0026664733887,0.706614251838119,0.415174748926074,-1.45916166905252,1.28813798635614,0.441469615185414,-0.017628393293609,0.0272626555298979,-0.0462161309931396,-0.522873880949654,0.115203019309832,-116.153936636608,46.2476257067918
"836","Geometric",7.48050022125244,17.6380004882812,-1.55466663837433,518,75,13,48.6644821166992,217,55,55,205,15.3463335037231,41.1694755554199,792.896423339844,29.6240005493164,-7.65199995040894,37.2760009765625,-0.769333302974701,17.6380004882812,0.237492311773518,1.44970841214668,-2.68382042068908,0.782838884533136,0.886555942505643,0.270490583110164,-0.539520500502032,-0.0656239293658289,-0.157096468384204,0.0137416242706784,-116.051367690434,43.6013639144799
"836","Population-Weighted",10.4945001602173,21.0873336791992,0.0486667156219482,298,36,7,38.2791290283203,106,35,38,98,14.1443328857422,37.977481842041,847.953491210938,31.576000213623,-5.66799974441528,37.2439994812012,0.670666635036469,20.3546657562256,0.356237583577225,2.46435818393312,-1.84130718030314,1.67294021520591,0.395263156394754,1.1790723045222,-0.73135830265603,-0.175402247732999,-0.351491896190921,-0.0910652708862181,-116.447127254553,43.6665048269971
"837","Geometric",6.65516662597656,17.0733337402344,-3.34999990463257,556,84,15,51.2006225585938,240,58,58,226,15.8450002670288,40.252513885498,836.994506835938,29.6280002593994,-9.73600006103516,39.3639984130859,-2.25933337211609,17.0733337402344,-0.124622090031061,1.28171681913596,-2.74067238222363,0.621384304863393,1.34319344346076,0.106968302632877,-0.652974740015733,-0.0412116390652876,-0.133441428518717,0.067006713874511,-115.699191142329,43.6666237971887
"837","Population-Weighted",10.7751665115356,21.5473327636719,0.439333349466324,328,42,8,41.3335418701172,121,36,38,112,13.7963333129883,37.0829315185547,854.862121582031,32.0559997558594,-5.14799976348877,37.2039985656738,1.16200006008148,21.0493335723877,0.48688288631849,2.33575226884451,-1.74576064604154,1.52071499437594,0.479254020359282,1.36660990243449,-0.752502363622419,-0.0903930808959783,-0.327461081952774,-0.0551111121394954,-116.206392288275,43.6176459148669
"838","Geometric",6.23516654968262,15.6453332901001,-2.45266652107239,868,116,28,41.1494331359863,346,111,126,316,12.0270004272461,36.7618293762207,740.280395507812,25.7919998168945,-6.92399978637695,32.7159996032715,-2.02866649627686,15.1466665267944,0.159896439292969,-1.09271195638549,-2.92736867175975,0.367381159614231,0.212622455957702,0.684519009936438,-0.448464641572716,-0.0457543819816103,-0.149017847368262,0.00637947494270824,-116.402448398834,47.7266414261854
"838","Population-Weighted",8.65516662597656,18.1166667938232,-0.0346666164696217,649,89,26,40.2344055175781,258,84,104,238,11.7496671676636,36.4127540588379,741.399658203125,28.0359992980957,-4.23199987411499,32.2679977416992,0.604666709899902,17.6499996185303,0.598674514755136,-0.0249563460744619,-2.36787294068545,0.855168377427843,-0.132717939966697,1.16048826710379,-0.509845014335024,0.027268785765817,-0.166268055943781,0.0206387433350584,-116.75076050912,47.6439601970979
"840","Geometric",7.28983354568481,18.271333694458,-3.56599998474121,506,58,25,25.7555828094482,163,80,80,163,16.2129993438721,39.9492416381836,883.065185546875,29.9360008239746,-10.6479997634888,40.5839996337891,-3.56599998474121,18.271333694458,-0.366464671212164,1.34421666906354,-2.18540396927644,1.96098585592211,1.23934592775396,-0.11878988359217,-0.760451503272535,-0.375942041655991,-0.36729099540328,-0.0337549367608036,-111.537427786684,40.4350743793486
"840","Population-Weighted",10.7790002822876,22.7280006408691,-0.414666533470154,519,64,21,31.4784278869629,182,72,72,126,13.8026666641235,34.8235626220703,935.380554199219,32.9039993286133,-6.73199987411499,39.6359977722168,9.72399997711182,22.7280006408691,0.528446872076656,1.54070394177352,-0.601177634650662,1.41572003516878,0.877755955737422,1.10366505827354,-0.232831328725909,0.158060837159237,-0.7694394814192,0.189063912241183,-111.823209830804,40.645009959167
"841","Geometric",10.9370002746582,22.9206657409668,-0.307999968528748,532,66,21,32.4242668151855,189,73,73,128,13.703332901001,34.5729446411133,939.408020019531,33.0120010375977,-6.62400007247925,39.6360015869141,9.83933353424072,22.9206657409668,0.56890036157285,1.49643416151122,-0.562143936781707,1.35872710843124,0.905448080146333,1.15736624815604,-0.25184593455771,0.173578496106889,-0.765065142270951,0.197238689925669,-111.816142706367,40.7080998407427
"841","Population-Weighted",11.5896663665771,23.8106670379639,0.128666564822197,442,54,19,31.0058879852295,156,64,64,102,13.8680000305176,34.4016647338867,956.014038085938,33.9640007019043,-6.34800004959106,40.3120002746582,10.5826663970947,23.8106670379639,0.610355429633761,1.95365965360921,-0.337550586872179,1.57964972364562,0.919480105112576,1.26632972744316,-0.272970587117529,0.172676168768889,-0.814190417678564,0.174457572654078,-111.912375036835,40.6955556817479
"842","Geometric",10.5328330993652,22.6126670837402,-1.16866672039032,506,64,19,30.7622928619385,170,70,70,130,13.6496667861938,33.944263458252,955.597534179688,32.9119987487793,-7.30000019073486,40.2119979858398,9.82800006866455,22.6126670837402,0.348353961144459,1.57335214632892,-0.56317775198646,1.42347856944536,0.915877118380578,1.19331383408308,-0.211692545688097,0.169483783236998,-0.834507116041249,0.170065684302738,-112.002316677668,41.2426554737034
"842","Population-Weighted",10.5328330993652,22.6126670837402,-1.16866672039032,506,64,19,30.7622928619385,170,70,70,130,13.6496667861938,33.944263458252,955.597534179688,32.9119987487793,-7.30000019073486,40.2119979858398,9.82800006866455,22.6126670837402,0.348353961144459,1.57335214632892,-0.56317775198646,1.42347856944536,0.915877118380578,1.19331383408308,-0.211692545688097,0.169483783236998,-0.834507116041249,0.170065684302738,-112.00385137692,41.2436734302798
"843","Geometric",9.50150012969971,20.4133338928223,-0.948666632175446,275,36,18,20.4414672851562,87,59,65,61,12.591667175293,34.0573043823242,860.800048828125,30.1000003814697,-6.87200021743774,36.9720001220703,13.279333114624,0.777999997138977,-0.513102073386913,1.91610994916028,-0.451930651010855,1.60264035605739,-0.74632238418635,1.00577303267333,0.680333768965263,-0.479822559019256,0.0835455808951281,0.0432067592744068,-112.833600150424,41.5413775877257
"843","Population-Weighted",9.52783298492432,21.4406661987305,-2.28399991989136,457,56,21,25.5970134735107,148,74,74,116,14.8316669464111,35.9642753601074,951.445678710938,32.4519996643066,-8.78800010681152,41.2399978637695,9.15999984741211,21.4406661987305,0.0651370463697263,1.76521203901114,-0.702669059425304,1.71042717737693,0.991421875981418,0.611346255364396,-0.157155368429552,0.0748814547953532,-0.857435491611943,0.159993680847716,-112.055635168668,41.5554148949095
"844","Geometric",10.5179996490479,22.8273334503174,-1.39266657829285,449,56,19,27.9796657562256,147,67,67,112,13.6326665878296,33.2926292419434,972.346984863281,33.2719993591309,-7.67599964141846,40.947998046875,9.8953332901001,22.8273334503174,0.210358698571701,1.77308949527973,-0.429415720284496,1.63499165971492,0.906551940021094,1.25183317082744,-0.237680323332723,0.157091796758686,-0.886346679144535,0.171516847335094,-112.126934361177,41.229513211006
"844","Population-Weighted",10.5328330993652,22.6126670837402,-1.16866672039032,506,64,19,30.7622928619385,170,70,70,130,13.6496667861938,33.944263458252,955.597534179688,32.9119987487793,-7.30000019073486,40.2119979858398,9.82800006866455,22.6126670837402,0.348353961144459,1.57335214632892,-0.56317775198646,1.42347856944536,0.915877118380578,1.19331383408308,-0.211692545688097,0.169483783236998,-0.834507116041249,0.170065684302738,-112.010647992319,41.2169580642682
"845","Geometric",11.8333339691162,24.449333190918,-0.685999989509583,208,27,8,27.942195892334,70,41,49,42,16.1200008392334,36.4310264587402,1014.11254882812,35.3040008544922,-8.94400024414062,44.2480010986328,18.8626670837402,16.8020000457764,0.151981217807311,3.42707861756396,0.500694943728254,1.63139215542099,1.03253753571333,0.568062587633051,0.441314711896506,0.0692084141306307,-0.838522845920294,0.0724119743097032,-110.047139089077,38.4302632909541
"845","Population-Weighted",11.6596670150757,24.4979991912842,-1.37200009822845,186,24,8,28.2500133514404,63,35,46,35,17.191333770752,36.926139831543,1040.98376464844,35.931999206543,-10.6240005493164,46.5559997558594,18.7480010986328,-1.37200009822845,-0.504886554585813,3.71150454616014,0.846720660277502,1.36344982892025,1.17096129761779,0.12381628633111,0.836399333789745,-0.652567354392458,0.140753722902473,-0.0619339462849521,-110.20391986998,38.6803557271116
"846","Geometric",9.69116687774658,21.57200050354,-1.77866661548615,338,36,18,19.3305397033691,94,61,61,89,17.158332824707,39.6486129760742,941.046691894531,33.4039993286133,-9.87199974060059,43.2760009765625,8.85333347320557,21.57200050354,0.081150858614461,2.64686352108099,-0.733353912990498,2.2007139245816,1.33234534341865,-0.0840777377127393,-0.0688448741387175,-0.150839532762332,-0.916129842636352,0.0786664877081597,-112.104828659298,39.334186586628
"846","Population-Weighted",7.3033332824707,18.4173336029053,-2.9539999961853,456,45,25,17.0434379577637,133,85,85,129,14.7159996032715,38.0967178344727,870.893188476562,29.068000793457,-9.5600004196167,38.628002166748,-1.37800014019012,18.4173336029053,-0.427240053043643,1.23871599196937,-1.94649967258322,2.3079047649408,0.520116866108861,0.278873073148113,-0.597008998813753,-0.347589455297392,-0.548290746221479,-0.0537187219602157,-111.725942742064,39.9617901507121
"847","Geometric",6.25299978256226,16.8286666870117,-3.65799999237061,299,46,17,31.7525310516357,110,58,94,58,17.2520008087158,42.6860618591309,834.173156738281,28.2240009307861,-12.1920003890991,40.4160003662109,16.4506664276123,-3.65799999237061,-0.965952346720642,2.45315349210843,-0.892238618465184,0.887431260017787,-0.141736236636938,-1.23224474160123,0.984315480269469,-0.353923509976346,0.119532583911642,0.116581607445231,-112.408247469433,38.0466282120504
"847","Population-Weighted",7.27516651153564,17.3746662139893,-1.85666656494141,431,54,15,27.1730651855469,133,74,99,113,14.4770002365112,40.2944793701172,790.587585449219,27.1119995117188,-8.81599998474121,35.9280014038086,-0.712666749954224,9.84933280944824,-0.424234988634533,1.34643625992671,-2.2654697924638,1.60067819868699,-0.194618476441847,0.093703560870636,-0.457960011157486,-0.58324097125075,-0.0975717757893613,-0.134503856159875,-113.130771345706,37.5222121712663
"850","Geometric",22.1494998931885,31.9580001831055,12.9293336868286,237,31,3,48.5909080505371,84,15,52,83,16.5676670074463,45.2717971801758,785.241516113281,41.1399993896484,4.54400014877319,36.5960006713867,14.4266672134399,25.439998626709,3.80246786508368,4.1966522919542,0.380417818214694,1.44830860852797,1.0794888516347,1.28862962640983,-0.378533902840533,-0.303889940884326,-0.0377260684452005,-0.348991765321075,-112.094414467239,33.649579477569
"850","Population-Weighted",22.5303325653076,32.5293350219727,13.1793336868286,210,30,2,47.6557159423828,71,13,52,66,16.5873336791992,44.8015670776367,797.789489746094,41.7280006408691,4.7039999961853,37.0240020751953,32.0546684265137,25.9566669464111,4.06244627354515,4.57048511717077,1.64655914166153,0.987995466251365,0.668731930604036,1.05775575500788,0.877920519023089,0.367826423469916,-0.612239198887482,-0.144043219898484,-112.092902680704,33.5344935539321
"851","Geometric",20.8603343963623,30.5493335723877,11.5959997177124,254,39,2,50.3029441833496,91,16,70,75,17.9986667633057,47.5249938964844,785.039916992188,40.476001739502,2.60400009155273,37.8720016479492,30.4166679382324,23.8233337402344,3.75379337990809,4.4742412241999,1.23381060821516,0.74510488748544,0.870563193468928,0.284103476501656,0.827138547315667,0.277069193479963,-0.568303781579727,-0.129631076047839,-111.479254769202,32.9518459455262
"851","Population-Weighted",21.5601673126221,31.4540004730225,11.9373331069946,264,39,2,48.5924949645996,89,17,69,82,16.917667388916,45.0801200866699,810.222290039062,41.1879997253418,3.66000008583069,37.5279998779297,31.3199996948242,24.6373329162598,3.82992635745404,4.32872286140585,1.51487030790996,0.794005334842104,0.789396953689911,0.790708125451092,0.842797515430931,0.313864800926513,-0.627682337262299,-0.143177528682749,-111.623934670257,33.1369438552788
"852","Geometric",21.2530002593994,31.1119995117188,11.8966665267944,320,40,4,45.3108749389648,104,22,73,103,17.1706657409668,45.788444519043,796.54150390625,40.9160003662109,3.41600012779236,37.5,13.2866668701172,24.3253326416016,3.61427524141732,3.89549240848531,0.298468037041703,1.39897976611433,1.32091085539168,0.932459210260677,-0.401594493270276,-0.483814577894042,-0.101009169100803,-0.361285509491775,-111.636809521984,33.5983335950563
"852","Population-Weighted",22.1860008239746,31.796667098999,13.0033330917358,237,31,2,46.3218421936035,78,15,57,75,16.6686668395996,45.6675796508789,778.530151367188,41.1399993896484,4.6399998664856,36.5,14.4179992675781,25.2786674499512,3.81121711633169,4.21831935291411,0.383868815095035,1.50627850575018,1.02410397966712,1.21514102713726,-0.371583382675308,-0.393773172063431,-0.0863556598882829,-0.348838794835046,-111.811494528949,33.4152072558462
"853","Geometric",22.2531661987305,32.1673316955566,12.6173334121704,179,27,1,52.1853485107422,69,9,45,55,16.3010005950928,44.2529067993164,812.550720214844,41.4720001220703,4.63599967956543,36.8359985351562,32.1640014648438,25.2479991912842,3.91251917480211,4.66854439861122,1.60155492408227,0.85857525036503,0.561597394569841,1.16848643061383,0.842654048939428,0.485729358060183,-0.535496721406007,-0.125256646201551,-113.435005368468,33.3575610996417
"853","Population-Weighted",22.0610008239746,32.300666809082,12.5013332366943,216,34,2,51.8603782653809,78,11,56,70,17.1800003051758,45.0540199279785,815.9228515625,42.2400016784668,4.10799980163574,38.1320037841797,31.8913345336914,25.3419990539551,3.96750020151285,4.65921494464523,1.65710230409075,0.814917940664208,0.927582852493031,0.869027259792559,0.809507882556073,0.388611952216818,-0.553293927859372,-0.0987878073616669,-112.585859527679,33.4734852085048
"855","Geometric",15.0018329620361,24.4099998474121,6.26466655731201,481,78,11,48.8302192687988,188,39,154,128,17.2316665649414,47.2514724731445,747.875549316406,34.3880004882812,-2.07999992370605,36.4680023193359,23.9593334197998,17.9613342285156,2.47414172720166,2.60914919294317,0.0832733184517168,0.113129943852998,0.411608989848885,-0.547283932889613,0.517979320762365,0.104978639860871,-0.61989518398566,-0.0636069557503315,-110.170043663166,33.4357414928465
"855","Population-Weighted",15.9311666488647,25.2320003509521,7.2480001449585,489,76,10,46.8598747253418,181,39,147,136,16.6876678466797,46.8176040649414,741.91796875,34.8240013122559,-0.819999992847443,35.6440010070801,24.839334487915,18.7919998168945,2.71959560394055,2.59548506303838,0.208401229287697,0.198445167795174,0.309346079679785,-0.258971209941398,0.612037921136552,0.102503108385698,-0.646460280264054,-0.124763913192929,-110.402658825377,33.5029527772098
"856","Geometric",18.6695003509521,27.4013328552246,10.3479995727539,394,85,5,74.0133361816406,204,25,172,88,16.7136669158936,48.7051696777344,705.284606933594,36.3040008544922,1.98800003528595,34.3160018920898,26.9026660919189,21.7040004730225,3.63791819118675,3.20056573702324,0.467407310501793,-0.702503520278006,0.168384191869838,-0.117604265599471,0.0345370875374154,0.509980106758101,-0.364249683469987,-0.0220503158177987,-110.654227879267,32.0510248083267
"856","Population-Weighted",18.9301662445068,27.7900009155273,10.4946670532227,382,83,5,74.9852142333984,200,23,167,84,16.9636669158936,48.7405662536621,714.914978027344,36.8199996948242,2.01600003242493,34.8040008544922,27.2646675109863,22.0633335113525,3.68636940736112,3.34779781158522,0.557051082301932,-0.686796812147176,0.285929748263446,-0.123856869315051,0.031567551105991,0.534633396129635,-0.349525130384116,-0.00700964727217102,-110.690235886427,32.0028592781781
"857","Geometric",18.8463325500488,27.804666519165,10.2553329467773,404,82,6,69.38720703125,203,25,165,94,16.1626663208008,46.9735717773438,723.161193847656,36.423999786377,2.01600003242493,34.4080009460449,27.2413330078125,22.050666809082,3.5655001651898,3.08281034426354,0.605481461251106,-0.54156742891916,0.153123677997306,0.155261871682681,0.122667692190079,0.490515672490396,-0.445636211740568,-0.030629545201777,-111.196726803954,32.0129481733932
"857","Population-Weighted",20.9694995880127,30.2353324890137,12.2033338546753,311,56,5,60.5813751220703,143,20,116,77,15.4670000076294,45.416374206543,745.512145996094,38.2519989013672,4.19600009918213,34.0559997558594,29.6533336639404,24.3693332672119,3.90936036979849,3.62862634009248,1.07699689960201,0.142580861817994,0.0600972586956335,0.841135703237938,0.426811669621717,0.535258089198648,-0.498133789673627,-0.12789338827733,-110.950296858795,32.2363676501837
"859","Geometric",8.96416664123535,18.2693328857422,0.137999847531319,549,85,14,47.7356643676758,221,52,180,137,16.3063335418701,45.614673614502,741.368225097656,27.9839992523193,-7.76399993896484,35.7480010986328,17.7479991912842,12.0753335952759,0.757609328372189,1.53724817794141,-1.12997432729472,-0.118533113153828,-0.218592407822356,-1.04190271807802,0.348885765720927,0.1497370781109,-0.62010075399682,-0.0288265944216468,-109.818221417406,34.227846983993
"859","Population-Weighted",9.75216674804688,19.2813339233398,0.70933336019516,522,82,13,47.7999534606934,212,51,172,128,16.1236667633057,44.6787490844727,759.146850585938,28.9559993743896,-7.13199996948242,36.0879974365234,18.7819995880127,12.8940000534058,0.88649091564274,1.7101274798583,-0.874469415926383,-0.0579708926214529,-0.155239989176442,-0.81219229608209,0.360041399651474,0.179296445729468,-0.633101465665629,-0.00490608421892359,-109.935737034334,34.2357635622637
"860","Geometric",14.734167098999,26.1053333282471,3.58133316040039,159,26,4,41.5836906433105,63,21,47,35,16.413667678833,40.1587066650391,913.513793945312,36.4640007019043,-4.40799999237061,40.8720016479492,25.300666809082,19.0193328857422,1.39493621424376,4.03198740932123,0.723024262465959,1.12052885131683,0.601157453523561,0.556674510754678,0.706905786659345,0.388527970276308,-0.733950617126291,0.0631931676170658,-111.444897377449,35.9398063020481
"860","Population-Weighted",14.4306669235229,25.4953327178955,3.60800004005432,192,34,5,47.4581985473633,82,23,64,40,16.6213321685791,41.4042778015137,886.984313964844,35.5639991760254,-4.57999992370605,40.1439971923828,24.6313323974609,18.6533336639404,1.45634198526947,3.86929786676718,0.509129271593885,0.835481223408985,0.522502734302752,0.316418653468634,0.574206334022835,0.458860293057856,-0.642213531317105,0.0722227735049888,-111.351471970775,35.5912961355037
"863","Geometric",13.4393329620361,22.9926662445068,4.80599975585938,521,82,10,47.4639663696289,205,53,167,132,16.7940006256104,46.3461723327637,754.9091796875,33.2560005187988,-2.98000001907349,36.2360000610352,22.8153343200684,15.7786664962769,2.07024713003195,2.22793920892932,-0.0947147610943684,0.0288072193560744,0.256138027004254,-0.607677204816259,0.499706895145138,0.0427316828657784,-0.61709694938112,-0.0468218207491374,-112.240239732794,34.7336367457552
"863","Population-Weighted",13.6908330917358,23.2666664123535,5.003333568573,521,83,10,48.3298301696777,207,52,169,131,16.9330005645752,46.4783668518066,758.588012695312,33.5040016174316,-2.92799997329712,36.4320030212402,23.1273326873779,16.017333984375,2.13469848027255,2.27334972926095,-0.0290351460479322,-0.0088107271547046,0.316767575193383,-0.629789296693669,0.483458022379413,0.049728132650013,-0.617693433697262,-0.0418768695633232,-112.220284774347,34.6679242660012
"864","Geometric",12.8598337173462,22.3506660461426,4.15799999237061,326,52,8,44.0016250610352,119,38,119,87,15.0096664428711,43.2804679870605,752.324096679688,31.9759998321533,-2.7039999961853,34.6800003051758,22.3506660461426,14.9820003509521,1.55192191934541,2.66823737772818,-0.270051043880673,0.56872667307858,-0.53300721043823,0.133746862469399,0.614957166580291,0.253323910827147,-0.557106480827225,-0.0701050305631662,-113.788139229123,35.5937256775013
"864","Population-Weighted",19.4633331298828,30.0960006713867,9.6046667098999,199,28,3,44.481876373291,70,18,51,63,15.6360006332397,41.7985458374023,841.95263671875,39.476001739502,2.06800007820129,37.4080009460449,11.1219997406006,22.8099994659424,2.79128677747702,3.92657099197349,0.135638050939304,1.60957765755973,0.890002948895164,1.49002470496744,-0.545392042695336,-0.36077719472001,-0.0715332740433381,-0.277675437641452,-114.211865976729,35.0948808148831
"865","Geometric",11.6088333129883,22.7193336486816,0.923999965190887,232,35,7,39.3628883361816,88,31,70,49,17.5370006561279,42.1481437683105,883.088317871094,33.576000213623,-8.03200054168701,41.6080017089844,22.1046676635742,15.3479995727539,0.674858959284069,3.57342293658145,0.0466937985698224,1.00542541782279,0.622787145360782,-0.339206022588459,0.690261483381692,0.244200256936459,-0.708360346675847,0.102999630804693,-109.562930527808,35.9338029200215
"865","Population-Weighted",11.5298337936401,22.5266666412354,0.931999981403351,237,36,7,40.3798332214355,91,30,72,51,17.4576663970947,42.2621955871582,875.796203613281,33.3359985351562,-7.97200012207031,41.3079986572266,21.9973335266113,15.1206665039062,0.676204662902733,3.53229372116358,-0.0115163795223275,0.948030126306951,0.565148838869385,-0.345548434777671,0.68207961511077,0.256139064204798,-0.689200510182846,0.0979944690365,-109.508002174661,35.9210519220618
"870","Geometric",12.6680002212524,23.558666229248,2.35000014305115,286,52,13,51.649715423584,130,46,111,47,18.4733333587646,45.1538238525391,862.155212402344,34.1520004272461,-6.76000022888184,40.9120025634766,22.6446666717529,7.72266626358032,1.06743044981625,3.4259202258698,0.300185773561278,0.388283328036704,0.675152609703554,-0.896545322872675,0.55759057341657,0.0787365646345448,0.0109805871314854,0.0966186192717824,-106.855439179489,35.1165816847356
"870","Population-Weighted",13.5806665420532,24.3273334503174,3.25000023841858,240,44,10,51.8071670532227,108,34,93,34,16.6873321533203,42.6524200439453,855.056396484375,33.9119987487793,-5.21199989318848,39.1240005493164,23.3699989318848,3.25000023841858,1.00764132310697,3.46244063958913,0.454325422023626,0.357033276609496,0.101562369437876,-0.166709519609545,0.714586167403437,-0.019821528882966,0.27717354184194,0.00450680700780098,-106.693858801458,35.1467660601263
"871","Geometric",13.5806665420532,24.3273334503174,3.25000023841858,240,44,10,51.8071670532227,108,34,93,34,16.6873321533203,42.6524200439453,855.056396484375,33.9119987487793,-5.21199989318848,39.1240005493164,23.3699989318848,3.25000023841858,1.00764132310697,3.46244063958913,0.454325422023626,0.357033276609496,0.101562369437876,-0.166709519609545,0.714586167403437,-0.019821528882966,0.27717354184194,0.00450680700780098,-106.688395191969,35.1470479349008
"871","Population-Weighted",13.484167098999,24.1746673583984,3.21066689491272,240,44,10,51.9660873413086,108,32,93,32,16.2943325042725,42.1085739135742,850.410583496094,33.507999420166,-5.1879997253418,38.6959991455078,23.2119998931885,3.21066689491272,0.958045534185936,3.38992574396932,0.409491219075001,0.337279407686485,-0.030716177357639,-0.0536581440990949,0.700582420865631,0.00370271332175814,0.26841120022052,0.00705519659803493,-106.629309171869,35.136205562309
"873","Geometric",7.68266677856445,17.5646667480469,-1.68799996376038,393,63,16,41.4068603515625,157,56,134,87,17.0139999389648,44.3396224975586,785.602233886719,27.931999206543,-10.4399995803833,38.371997833252,17.0006656646729,10.9539995193481,0.0356834875552654,2.12930009262695,-1.11664287082201,0.521856521793639,-0.0786720869608591,-1.16144847129872,0.464251287761628,0.220634086249544,-0.570451726583807,0.130650478236848,-108.312631467947,35.4804602664879
"873","Population-Weighted",8.86916637420654,19.232666015625,-1.07200014591217,339,56,13,45.4520874023438,141,47,120,70,17.7496662139893,44.3121299743652,825.945678710938,29.931999206543,-10.1240005493164,40.0559997558594,18.5593338012695,12.5559997558594,0.245825576810401,2.71319761186537,-0.738197160055569,0.52152233496541,0.310659805194892,-1.09400117492996,0.421785533211409,0.291172403696614,-0.570781537847665,0.147872699190712,-108.583396053715,35.4879261522858
"874","Geometric",10.7401666641235,21.8439998626709,0.0253333244472742,254,37,10,37.1926612854004,94,36,77,56,16.7323341369629,41.5235595703125,886.675598144531,32.2599983215332,-8.03600025177002,40.2959976196289,21.1720008850098,14.6600008010864,0.463520831462309,3.18836264485575,-0.133085581511411,1.03651276090319,0.330911330904134,-0.234980072315279,0.681755515213109,0.279399553886619,-0.71360118190928,0.0661236775109313,-108.319101036597,36.5090573836769
"874","Population-Weighted",10.5346670150757,21.4080009460449,-0.0820000171661377,256,36,9,34.805835723877,93,39,74,55,16.3579998016357,41.3917007446289,870.967163085938,31.431999206543,-8.08800029754639,39.5200004577637,16.82200050354,14.5266666412354,0.342888737021707,3.01918711152747,-0.523919697549919,1.22174550720632,0.232230090080921,-0.100872407982806,0.431222241658329,0.0961712783013181,-0.630565007355419,0.0115333428666262,-108.262406445012,36.643999481736
"875","Geometric",9.14966678619385,19.3500003814697,-1.02200019359589,341,64,15,54.5348014831543,158,47,144,47,17.1266670227051,42.8209495544434,832.023742675781,29.9039993286133,-10.0920000076294,39.9959983825684,19.0733337402344,-1.02200019359589,-0.11374408776974,2.58034796756179,-0.363589904781348,-0.0833235170382636,-0.0313691790858144,-1.06531165314975,0.453691332333365,-0.043869968382888,0.271160826390249,0.159416641786867,-106.218576381562,36.2945126351785
"875","Population-Weighted",11.0953330993652,21.6059989929199,0.538666784763336,276,53,11,56.4355812072754,131,37,118,37,18.1159992218018,43.2775917053223,860.25634765625,32.5519981384277,-9.30799961090088,41.8599967956543,21.3453330993652,2.29200005531311,0.328391349298002,3.33440301154926,0.0745111350090607,0.0705633864778446,0.464127065438067,-0.965712133337267,0.511024802542404,0.0349204604262845,0.20039968770669,0.153698953293241,-106.042935229129,35.9417140783541
"877","Geometric",10.0621671676636,20.03466796875,0.253333419561386,419,82,10,69.8376235961914,206,32,206,32,18.8723335266113,46.9881820678711,800.532348632812,30.3320007324219,-9.83199977874756,40.1640014648438,20.03466796875,0.253333419561386,0.47154123984886,2.79587699617551,-0.298666806317521,-0.928917914013992,0.221954837457039,-1.81133100865049,0.0291787942151358,-0.0782758940198908,0.24075314746644,0.148616282932601,-104.61718287918,36.1161119895273
"877","Population-Weighted",8.75516700744629,18.3199996948242,-0.360000133514404,462,88,14,65.0257110595703,221,45,221,45,19.0550003051758,48.5354042053223,759.640563964844,28.9599990844727,-10.3000001907349,39.2599983215332,18.3199996948242,-0.360000133514404,0.349702842253087,2.37043556728032,-0.682412080422416,-0.826434054526622,0.0691868950499321,-2.19632473560725,0.0450439654480251,-0.175597202173638,0.212532195073641,0.164418079836335,-104.991543259117,36.0520345686007
"878","Geometric",9.25783348083496,18.6886672973633,-0.0619999580085278,307,70,6,84.9290542602539,183,27,148,40,20.0843334197998,50.3164978027344,767.04248046875,29.6399993896484,-10.2760000228882,39.9160003662109,18.3813323974609,4.43866682052612,0.547937683607552,3.48488906768409,-1.10022303001413,-1.02736767918154,0.424498928148132,-2.07105721036727,-0.0274000564680847,0.467170997689383,0.388629155823553,0.177215963702422,-107.687671097322,33.9765583543398
"878","Population-Weighted",9.26216697692871,18.7913341522217,-0.177333354949951,292,68,6,86.5207214355469,176,25,142,37,20.4990005493164,50.4057273864746,775.353515625,29.9839992523193,-10.6840000152588,40.6679992675781,18.4906673431396,4.50066661834717,0.5147701292785,3.65334101700376,-1.06790465968053,-1.02186893841129,0.572742842821971,-2.15138025637487,-0.0334758917247086,0.505837607199955,0.42158520306268,0.205333514911358,-107.726989159165,34.0356840781975
"879","Geometric",14.9356670379639,24.9680004119873,5.19400024414062,282,60,4,75.3319854736328,154,20,129,40,17.2986660003662,45.5755805969238,804.043884277344,34.0799980163574,-3.87599992752075,37.955997467041,23.8613319396973,10.5620002746582,1.84504025374359,3.65410663831785,0.226102300936674,-0.55033569006362,0.227241385059866,-0.359363308530466,0.146690180770283,0.444313373657916,0.150165671419595,0.0228223705711236,-107.13020876367,33.1185265302096
"879","Population-Weighted",14.3591661453247,24.0246658325195,5.03600025177002,308,66,5,77.503662109375,172,23,144,43,17.5709991455078,47.0164833068848,773.415344238281,33.2719993591309,-4.09999990463257,37.371997833252,22.9720001220703,10.021333694458,1.84994540763334,3.48298420071618,-0.0197004407040176,-0.7081561463655,0.144040386238658,-0.6504252105538,0.0693328645455311,0.423728492690778,0.187708965936814,0.0368456629642321,-107.135242877434,32.9956927375788
"880","Geometric",15.2884998321533,24.9793338775635,6.00066661834717,284,57,4,72.9183502197266,150,19,125,57,18.7196674346924,48.891731262207,774.401489257812,34.7840003967285,-3.50399994850159,38.2880020141602,24.0233345031738,14.7253332138062,2.25110027745114,3.90399815471798,0.0629774181982084,-0.351457838354219,0.554803643002541,-0.814355541336073,0.201001577236752,0.4642667595795,-0.0508834769623384,-0.0216307811421358,-108.015506696525,32.3545162232603
"880","Population-Weighted",15.889666557312,25.7613334655762,6.28533363342285,269,60,5,76.2067565917969,148,20,124,44,18.4426670074463,47.8483467102051,792.673400878906,35.2840003967285,-3.25999999046326,38.5439987182617,24.7000007629395,15.6000003814697,2.32960098710854,3.95859968516777,0.270859554352318,-0.424344518787624,0.589064918261621,-0.626192601407942,0.104130266415792,0.579972494841718,-0.0201167909456824,0.0561660030686853,-107.002166821685,32.2704921162826
"881","Geometric",14.3480005264282,24.3959999084473,4.27466678619385,405,75,10,67.5897064208984,197,35,196,35,17.0306663513184,44.6389846801758,816.987609863281,33.3640022277832,-4.78800010681152,38.1520004272461,23.4366664886475,6.12666654586792,1.57377084406261,2.88132507716774,0.526617513790272,-0.661853558531508,0.0886351091099948,-0.681641335593019,0.0228550524326179,0.0584179337407709,0.133751913633971,0.0322047515967796,-103.797663341025,34.2924916353578
"881","Population-Weighted",14.1758337020874,24.3093338012695,3.98066663742065,431,76,11,67.9556732177734,213,37,213,37,17.2576656341553,44.8064842224121,826.163024902344,33.1640014648438,-5.35200023651123,38.5160026550293,24.3093338012695,3.98066663742065,1.48224144749816,2.78565160913981,0.660918143675168,-0.802674343547648,0.100816228986621,-0.873849436940014,0.0671446782686262,0.00864544180059656,0.184601165356945,-0.00328010697299279,-103.390613497515,34.3332921339319
"882","Geometric",15.9361667633057,25.9406661987305,5.61133337020874,357,65,9,68.7084808349609,177,30,156,33,17.9223327636719,45.6922645568848,825.794738769531,35.1279983520508,-4.0959997177124,39.2239990234375,24.9593334197998,7.7073335647583,1.93921845553614,3.46607770223144,0.728230204024815,-0.474759031296908,0.472626931596167,-0.641326946256351,0.203695393708599,0.130563490874896,0.218506049170734,0.0354710446001567,-104.043187905558,32.9370422346569
"882","Population-Weighted",16.074499130249,25.906665802002,6.08333349227905,369,67,9,69.0844192504883,184,31,162,33,18.2723331451416,46.5798263549805,803.556213378906,35.2999992370605,-3.92799997329712,39.2280006408691,24.8893337249756,8.01733303070068,2.07655462612043,3.47777765276818,0.693041073061421,-0.505918477303176,0.515981105558255,-0.797132161820097,0.17911329840897,0.0853717685439192,0.216925073701283,0.0568224206856446,-103.957535231761,32.915917431653
"883","Geometric",10.224666595459,18.808666229248,1.94400012493134,553,111,16,66.909294128418,285,68,257,90,15.017333984375,45.784553527832,687.814575195312,26.8640003204346,-5.93599987030029,32.7999992370605,17.9206676483154,5.92799997329712,1.10145258493412,1.02883989463602,-0.899991324362283,-1.13806119678305,-0.966823644433702,-1.03313263003254,-0.217803113060909,0.149213484625939,-0.0286704810806278,0.0820564247974446,-105.551420560789,33.2224554355791
"883","Population-Weighted",8.22649955749512,16.3766670227051,0.407999992370605,619,124,17,67.434326171875,320,74,286,102,12.9436664581299,43.1628189086914,654.367004394531,23.4680004119873,-6.51999998092651,29.988000869751,15.6293334960938,7.31733322143555,0.685951997856462,0.0998738054385126,-1.45308433467981,-1.39277661943175,-1.67845446249434,-0.709374176593833,-0.435756694389235,0.321547495795396,-0.260235775814068,0.143399820330098,-105.743920317819,32.9876851487437
"884","Geometric",12.724666595459,23.0486660003662,2.63733339309692,393,72,8,68.7849044799805,192,28,192,28,15.9486665725708,42.0675964355469,827.765197753906,31.7880001068115,-6.12400007247925,37.9119987487793,23.0486660003662,2.63733339309692,0.949144564867372,2.71303141480982,0.370337008193017,-0.812022116136851,-0.282452519928961,-0.426907514360471,0.0839568676269196,0.0951019567849637,0.18886675635594,0.0476061839488841,-103.857350580727,35.6856674336636
"884","Population-Weighted",13.2678337097168,23.9680004119873,2.73133325576782,380,75,7,71.5702285766602,188,25,188,25,17.2150001525879,42.8446960449219,860.645751953125,33.3720016479492,-6.80800008773804,40.1800003051758,23.9680004119873,2.73133325576782,1.03727288240677,3.09207329893779,0.635892162976781,-0.888262978215375,0.249924887103006,-0.686916573934691,0.0748667855111037,0.0639250435097682,0.223938692234828,0.102277902090363,-103.656310546188,35.7426251948207
"890","Geometric",8.45566654205322,18.6339988708496,-0.39466667175293,287,32,12,23.8639316558838,86,53,74,77,15.46399974823,41.8126754760742,789.66845703125,29.3680000305176,-7.61600017547607,36.984001159668,0.414666652679443,10.8066663742065,-0.150043380024322,2.25459040937558,-2.01589882797177,2.00739830639566,-0.0425344626967617,0.0578971081494579,-0.374620475216332,-0.718956710326456,-0.116616822027127,-0.166493585245475,-115.789482153881,37.5412272163313
"890","Population-Weighted",19.6718330383301,31.0646667480469,8.96199989318848,111,15,2,40.5734672546387,42,13,26,36,14.5556669235229,37.4066276550293,901.147399902344,40.3680000305176,1.4559999704361,38.9119987487793,11.0826663970947,23.8339996337891,2.43031820466216,4.14117246243989,0.477983385998461,1.94113175162703,0.908521832581419,2.16322293673007,-0.598702666405079,-0.298529840049816,-0.16978457135664,-0.200715832879813,-115.125219663061,36.2122409307454
"891","Geometric",13.7576665878296,23.8326663970947,4.53933334350586,198,27,5,38.2550773620605,66,26,53,61,14.5853328704834,40.5824546813965,793.033874511719,33.6199989318848,-2.3199999332428,35.939998626709,5.76133346557617,16.3946666717529,1.21807912782814,3.12604733728638,-1.10848483780915,1.68276526442933,0.0311611580764725,1.10383765304652,-0.47134374251072,-0.41158977278828,-0.0486863231212994,-0.199650986608588,-115.471480364208,36.1599109835136
"891","Population-Weighted",19.806999206543,31.1253337860107,9.26000022888184,118,16,2,42.7258415222168,45,13,29,39,14.4466667175293,37.500431060791,891.916870117188,40.3880004882812,1.8639999628067,38.5240020751953,11.2620000839233,23.8593330383301,2.51816239568749,4.11871430141924,0.470780109191261,1.85969941542637,0.858788475814052,2.19056346328694,-0.619811550945639,-0.258987200758504,-0.130082316415436,-0.205358633872644,-115.199298127166,36.1455398670528
"893","Geometric",8.24333381652832,19.2266674041748,-2.12466669082642,280,32,16,18.3228626251221,90,59,59,64,16.9113330841064,40.9951820373535,862.819396972656,31.1400012969971,-10.1120004653931,41.2520027160645,7.30266666412354,19.2266674041748,-0.175487877569678,2.59082047456071,-1.32325309277405,2.20719600612939,0.713973844984083,-0.308939949785658,-0.0219504118981879,-0.234735594899466,-0.860757816173379,0.142247836202382,-115.699658258082,39.5533404013885
"893","Population-Weighted",7.4394998550415,18.318000793457,-2.41066670417786,314,35,18,14.5415363311768,89,66,68,81,16.1523323059082,40.6000747680664,844.235778808594,29.8680000305176,-9.91600036621094,39.7840003967285,5.84333324432373,17.8819999694824,-0.323793663777763,2.16962666906332,-1.56186098694797,2.2898619766008,0.404483139698885,-0.229429473644036,-0.00397573992451794,-0.301107577657236,-0.82714321898268,0.0785113897479194,-115.524800552729,39.6756780595205
"894","Geometric",11.3811664581299,22.4146671295166,1.00466668605804,149,16,5,24.5064487457275,46,24,29,42,17.5890007019043,42.1394348144531,876.933349609375,34.8400001525879,-6.90000009536743,41.7400016784668,14.6146669387817,22.1553325653076,0.691898656245107,3.8371817548057,-0.553302263770031,2.06179568974555,0.881797552944559,0.0182673290278193,0.336818011894769,-0.0910201098976139,-1.01085296241404,0.0735138717195968,-118.540968566228,40.2383421211244
"894","Population-Weighted",11.1023330688477,21.4293327331543,1.82066679000854,191,24,9,31.224760055542,67,32,32,67,15.985333442688,42.1509704589844,809.256652832031,32.8479995727539,-5.07599973678589,37.923999786377,2.60733342170715,21.4293327331543,0.740176880625833,3.11369546872072,-1.70424627243191,2.1291313523999,0.514202900843959,0.52439713042379,-0.5280668076889,-0.311326201254028,-0.425295854876773,-0.059904382000246,-119.395728894123,39.5855689410496
"895","Geometric",9.44200038909912,19.3519992828369,0.385333210229874,273,38,9,45.0322380065918,108,34,34,108,16.9173336029053,44.4584617614746,778.597900390625,31.4759998321533,-6.57600021362305,38.052001953125,1.2833331823349,19.3519992828369,0.568168191375746,2.91557925310487,-2.30074417043282,1.48537740580276,0.736675828254849,-0.0222493942033889,-0.558265686867831,-0.112455572617577,-0.172748211255453,-0.0377197412748875,-119.766972846292,39.7511191330729
"895","Population-Weighted",10.6098337173462,20.2406673431396,1.86199998855591,224,31,7,45.2894554138184,88,27,29,88,17.9489994049072,46.3080520629883,752.606872558594,32.7599983215332,-6,38.7599983215332,1.86199998855591,19.9033336639404,0.899676414429612,3.42048422345384,-2.16972188557283,1.60910714209104,0.900212298729434,-0.246271551763788,-0.566426019685949,-0.21924110059298,-0.128961249744686,-0.0296459823267083,-119.815125253739,39.533681390184
"897","Geometric",10.0915002822876,19.6440010070801,1.23333323001862,232,35,8,48.0190773010254,96,30,31,96,17.6456661224365,45.9809951782227,752.722778320312,31.923999786377,-6.4520001411438,38.3759994506836,1.23333323001862,19.3173332214355,0.753371397354038,3.24104745812959,-2.32281085387832,1.47972214824734,0.812888656349938,-0.228915997820424,-0.608114368670238,-0.127268422446788,-0.069057970448331,-0.0251062685404874,-119.758468537361,39.1800361990976
"897","Population-Weighted",10.4248332977295,20.0893325805664,1.5386666059494,213,31,8,43.5143089294434,85,29,31,85,17.9243335723877,46.0164642333984,758.516357421875,32.4879989624023,-6.46400022506714,38.9519996643066,1.5386666059494,19.7180004119873,0.788670935570475,3.37358255557447,-2.17115987802564,1.67969439513564,0.885938985799629,-0.269976276684966,-0.579490435027561,-0.233228964696587,-0.147521708519561,-0.0193506129265534,-119.728935186678,39.1800555797296
"898","Geometric",7.61033344268799,18.4193344116211,-2.8600001335144,298,39,12,29.8401756286621,93,44,55,80,17.7606658935547,42.2069053649902,863.454528808594,31.3080005645752,-10.7720003128052,42.0800018310547,10.7866668701172,18.1653327941895,-0.199140847239033,2.89176020898273,-1.32893810585644,1.61260472951964,0.885430248539136,-0.630605053474189,0.204951232731817,0.0201809955250879,-0.842891884375295,0.193378239613172,-115.535271986175,41.0646689127142
"898","Population-Weighted",7.81549978256226,18.6426658630371,-2.44000005722046,307,37,12,28.7140865325928,94,45,57,86,16.7783336639404,41.204158782959,857.970520019531,31.0200004577637,-9.69999980926514,40.7200012207031,-1.42599999904633,18.4340000152588,-0.286492253770699,2.54411986621362,-2.0956789098484,2.02339381125119,0.926116839924988,-0.0790620728328744,-0.716430008924364,-0.454568311343367,-0.477758180809129,0.011297134175589,-115.696031100531,40.9919589240459
"900","Geometric",18.6585006713867,23.1633338928223,14.6766662597656,372,83,1,100.637176513672,232,6,10,214,12.3229999542236,57.1779899597168,346.609954833984,29.7439994812012,8.1919994354248,21.5520000457764,15.025333404541,22.5153331756592,4.66148258999777,2.5903099353704,-2.88711574413633,-1.16097019222589,-1.56102753447129,1.1945167767881,0.187962539924724,1.09088588513465,0.768817754382704,-0.547493670773563,-118.312271198403,34.0435159084109
"900","Population-Weighted",18.7040004730225,23.1673336029053,14.7393341064453,359,80,1,100.780052185059,224,6,10,208,12.210000038147,57.024097442627,344.116760253906,29.6000003814697,8.1879997253418,21.4120006561279,15.1160001754761,22.5286674499512,4.64071720456576,2.62953801771286,-2.87575850112711,-1.12290752094118,-1.6430853465679,1.22458284179846,0.175685185803593,1.12414228793727,0.777376107577292,-0.55516246281293,-118.29662523082,34.0344268472715
"902","Population-Weighted",18.5161666870117,22.9286670684814,14.6319999694824,349,78,1,100.239990234375,217,5,9,201,11.8343334197998,56.4938583374023,338.603881835938,29.1359996795654,8.1879997253418,20.9479999542236,14.989333152771,22.2900009155273,4.5560320232512,2.59196980020844,-2.91951141294437,-1.08846911644035,-1.81640011746171,1.32022058934444,0.173960558240766,1.14507821788744,0.773567061600887,-0.548698853420228,-118.305776121314,33.9355246643584
"903","Geometric",18.2251663208008,22.4839992523193,14.5100002288818,325,75,0,102.14128112793,203,3,7,191,10.8109998703003,55.4069328308105,325.741027832031,28.0639991760254,8.55200004577637,19.511999130249,14.8266668319702,21.8253326416016,4.43096669650588,2.50444303013537,-3.04297588248062,-1.12669330086045,-2.24391999019318,1.60565528223738,0.144441555736378,1.25994928640754,0.809862919487313,-0.563870986446517,-118.346607267832,33.9535630350505
"903","Population-Weighted",18.2251663208008,22.4839992523193,14.5100002288818,325,75,0,102.14128112793,203,3,7,191,10.8109998703003,55.4069328308105,325.741027832031,28.0639991760254,8.55200004577637,19.511999130249,14.8266668319702,21.8253326416016,4.43096669650588,2.50444303013537,-3.04297588248062,-1.12669330086045,-2.24391999019318,1.60565528223738,0.144441555736378,1.25994928640754,0.809862919487313,-0.563870986446517,-118.347516124947,33.9548133993099
"904","Geometric",17.2059020996094,20.5861110687256,14.3770837783813,331,74,0,101.303611755371,202,3,7,192,9.2097225189209,57.1884460449219,259.565246582031,25.2291660308838,9.125,16.1041660308838,14.4118061065674,19.7798614501953,4.31378457391743,2.09835002597457,-3.57329685529881,-1.2116250485924,-3.12587871659016,1.72449770541133,0.296528817120954,1.3213374039939,0.856663600658936,-0.740430428657227,-118.482607669336,34.0239735769547
"904","Population-Weighted",17.2059020996094,20.5861110687256,14.3770837783813,331,74,0,101.303611755371,202,3,7,192,9.2097225189209,57.1884460449219,259.565246582031,25.2291660308838,9.125,16.1041660308838,14.4118061065674,19.7798614501953,4.31378457391743,2.09835002597457,-3.57329685529881,-1.2116250485924,-3.12587871659016,1.72449770541133,0.296528817120954,1.3213374039939,0.856663600658936,-0.740430428657227,-118.480499748642,34.0234305171451
"905","Geometric",18.2154998779297,22.3800010681152,14.4533338546753,325,74,0,102.005767822266,204,3,7,190,11.0769996643066,55.8654403686523,322.659027099609,28.0400009155273,8.21199989318848,19.8280010223389,14.8646669387817,21.7493343353271,4.41862004014806,2.55075473949766,-3.05736240001451,-1.11950948713519,-2.19302538838913,1.49561766287896,0.157809025674246,1.25063167012182,0.806172552740731,-0.568116967321729,-118.332786910904,33.836106081637
"905","Population-Weighted",17.6966667175293,21.6186676025391,14.3039999008179,318,74,0,102.49479675293,199,3,7,187,9.97200012207031,55.3385124206543,299.722686767578,26.6520004272461,8.63199996948242,18.0200004577637,14.5713329315186,20.957332611084,4.30519802782953,2.32325798409685,-3.2631902012217,-1.1681413420936,-2.67119278020605,1.72538808085872,0.176857470723852,1.32838996706628,0.834514318948761,-0.600355823911663,-118.33564365536,33.8378169027897
"906","Geometric",18.4790000915527,23.5100002288818,14.0159997940063,382,86,1,101.271034240723,242,6,11,220,12.9840002059937,54.4448165893555,385.164031982422,30.5799999237061,6.73199987411499,23.8479995727539,14.5693330764771,22.8840007781982,4.43256778465202,2.64029567927667,-2.69385422157921,-1.18653307093126,-1.08224833704478,1.17949205802732,0.0910031667514982,1.07434415016782,0.726017583064568,-0.37390985960634,-118.033374560883,33.931543905675
"906","Population-Weighted",18.5813331604004,23.5266666412354,14.1326665878296,364,82,1,100.743156433105,230,6,11,210,12.7200002670288,54.2199516296387,380.698394775391,30.3159999847412,6.85599994659424,23.4599990844727,14.71399974823,22.8940010070801,4.41162063376356,2.67373090977205,-2.67702507054,-1.115474109307,-1.24054123037606,1.24996308769359,0.082587574504174,1.10621912680711,0.727269314549858,-0.388708711415319,-118.037896516992,33.9158147430828
"907","Population-Weighted",18.1563339233398,22.5139999389648,14.2413330078125,338,76,1,101.758636474609,214,5,9,198,11.0326662063599,54.0710945129395,334.94482421875,28.2280006408691,7.82399988174438,20.4040012359619,14.710000038147,21.8386669158936,4.32672241193738,2.44250022876148,-2.96991281662807,-1.13118571544215,-2.0647464511139,1.58809957305945,0.130629647312848,1.25972569641467,0.793640131531528,-0.486565040199994,-118.179591389331,33.824439938816
"908","Geometric",18.1556663513184,22.6019992828369,14.1466665267944,340,77,1,102.791381835938,217,5,9,201,11.184666633606,53.6692276000977,341.962219238281,28.3799991607666,7.53999996185303,20.8400001525879,14.6606664657593,21.9326667785645,4.29929063357079,2.45891907126589,-2.94105098557017,-1.16725521899702,-1.96123017520577,1.57689261175393,0.107239081515462,1.27803167574336,0.800915364083258,-0.458927321726918,-118.166626352481,33.8059729728621
"908","Population-Weighted",18.1556663513184,22.6019992828369,14.1466665267944,340,77,1,102.791381835938,217,5,9,201,11.184666633606,53.6692276000977,341.962219238281,28.3799991607666,7.53999996185303,20.8400001525879,14.6606664657593,21.9326667785645,4.29929063357079,2.45891907126589,-2.94105098557017,-1.16725521899702,-1.96123017520577,1.57689261175393,0.107239081515462,1.27803167574336,0.800915364083258,-0.458927321726918,-118.164076368074,33.8132130447541
"910","Geometric",15.7351665496826,22.8213329315186,10.1560001373291,464,93,1,91.689453125,263,7,15,245,13.1430006027222,48.9898643493652,524.034240722656,31.007999420166,4.17999982833862,26.8279991149902,10.3673334121704,22.0939998626709,3.46677523260785,2.20486572661117,-2.66528514725525,-0.977678918696339,-0.377857939709484,1.3692016894486,-0.0956215811904267,0.76045511839358,0.487161757397203,-0.249147267137114,-118.13703156913,34.2396382445228
"910","Population-Weighted",17.6628322601318,23.716667175293,12.5813331604004,466,104,1,99.4024276733398,291,8,14,259,14.6069993972778,53.820930480957,455.683868408203,32.515998840332,5.37599992752075,27.1399993896484,13.0726661682129,23.1040000915527,4.29403051864117,2.52502072841386,-2.59079196286798,-1.33133004805674,-0.0519160051301292,0.849719862742095,0.0443328377471108,0.804180779503312,0.622204377961663,-0.231045910521331,-118.125726130516,34.1688210347924
"911","Geometric",18.0933322906494,23.791332244873,13.2039995193481,493,115,1,103.73853302002,321,8,14,281,14.5573329925537,54.8009834289551,432.485870361328,32.4080009460449,5.8439998626709,26.564001083374,13.7466669082642,23.1966667175293,4.54364053093037,2.37751404983576,-2.67635842231544,-1.63626511379712,-0.0168140041542475,0.831340304460529,0.105628179643171,0.859160259342901,0.674608784386811,-0.230579834170626,-118.126175483669,34.1514903026017
"911","Population-Weighted",18.0933322906494,23.791332244873,13.2039995193481,493,115,1,103.73853302002,321,8,14,281,14.5573329925537,54.8009834289551,432.485870361328,32.4080009460449,5.8439998626709,26.564001083374,13.7466669082642,23.1966667175293,4.54364053093037,2.37751404983576,-2.67635842231544,-1.63626511379712,-0.0168140041542475,0.831340304460529,0.105628179643171,0.859160259342901,0.674608784386811,-0.230579834170626,-118.128468591618,34.1510712754703
"912","Geometric",17.6996669769287,23.5673332214355,12.8413333892822,450,101,1,99.8780288696289,278,6,12,255,14.3333330154419,54.3423309326172,439.372528076172,32.2200012207031,5.8439998626709,26.3760013580322,13.2153329849243,22.8773345947266,4.3380612055731,2.56225222809411,-2.65658811522563,-1.30328911492353,-0.250274958877009,0.892595506239353,0.0674262835169677,0.841134098862124,0.660347454029674,-0.275866368376548,-118.246297236249,34.1842530401933
"912","Population-Weighted",17.6043338775635,23.492000579834,12.7626667022705,437,96,1,98.0420074462891,264,6,12,246,14.0659999847412,54.1416473388672,440.368957519531,31.9440002441406,5.96400022506714,25.9799995422363,13.0719995498657,22.7786674499512,4.27353694693919,2.57712136908078,-2.65894827229533,-1.18204114719433,-0.40417735170827,0.959125157632861,0.0632557428213459,0.839040894235993,0.645928020483725,-0.310525352777778,-118.25245027411,34.1699355920854
"913","Geometric",16.7299995422363,23.8320007324219,10.7639999389648,408,86,1,97.6913452148438,233,5,9,231,14.5693340301514,49.745059967041,535.797973632812,33.2000007629395,3.91199994087219,29.2880001068115,11.3306665420532,23.2046661376953,3.65906017071632,2.84084140815897,-2.35950837048312,-0.927627465443623,0.121251399388743,1.10134514526749,-0.20651456088586,0.87220157756271,0.609365148147997,-0.168892922736855,-118.57250507398,34.372489674701
"913","Population-Weighted",17.7770004272461,24.2000007629395,12.4533338546753,403,84,1,98.0923385620117,225,4,9,225,15.235333442688,53.1885681152344,480.659729003906,33.9039993286133,5.26000022888184,28.6439990997314,12.4533338546753,23.4139995574951,4.1511794836089,3.08732664412758,-2.36430493418396,-0.894688471332887,0.0740123147779826,0.806253686877235,-0.110535377482582,0.802247047545186,0.683998489395086,-0.229958978127301,-118.558687573894,34.2638965429937
"914","Geometric",17.8824996948242,23.5513343811035,13.0453329086304,383,83,1,100.210960388184,222,4,8,220,14.0716667175293,54.0552635192871,427.330444335938,32.1360015869141,6.10400009155273,26.0320014953613,13.5346660614014,22.7993335723877,4.25061943709785,2.91095044117452,-2.58143085773853,-1.02019332878043,-0.583439703636135,0.97335806643525,0.00755364083239929,0.96610647170899,0.733307166255108,-0.310027400775525,-118.464687105123,34.1780906882453
"914","Population-Weighted",17.8824996948242,23.5513343811035,13.0453329086304,383,83,1,100.210960388184,222,4,8,220,14.0716667175293,54.0552635192871,427.330444335938,32.1360015869141,6.10400009155273,26.0320014953613,13.5346660614014,22.7993335723877,4.25061943709785,2.91095044117452,-2.58143085773853,-1.02019332878043,-0.583439703636135,0.97335806643525,0.00755364083239929,0.96610647170899,0.733307166255108,-0.310027400775525,-118.458785091952,34.1924647046439
"915","Geometric",18.1291675567627,23.4853324890137,13.5073337554932,410,92,1,100.352325439453,251,6,11,236,13.8236665725708,55.330078125,407.134582519531,31.4799995422363,6.49599981307983,24.9839992523193,13.9479999542236,22.8080005645752,4.4369933760092,2.6738725254585,-2.70090040046294,-1.20209506951249,-0.683304971012669,0.950266519249436,0.0970699291613407,0.948320827720778,0.711029992738781,-0.363776366362108,-118.324265592296,34.1886406221895
"915","Population-Weighted",18.1291675567627,23.4853324890137,13.5073337554932,410,92,1,100.352325439453,251,6,11,236,13.8236665725708,55.330078125,407.134582519531,31.4799995422363,6.49599981307983,24.9839992523193,13.9479999542236,22.8080005645752,4.4369933760092,2.6738725254585,-2.70090040046294,-1.20209506951249,-0.683304971012669,0.950266519249436,0.0970699291613407,0.948320827720778,0.711029992738781,-0.363776366362108,-118.325520700662,34.1827234441466
"916","Geometric",18.150333404541,23.5553340911865,13.438666343689,392,86,1,99.9469604492188,233,5,9,226,13.9753332138062,55.1164741516113,411.663055419922,31.7199993133545,6.36399984359741,25.3559989929199,13.9586658477783,22.8946666717529,4.38398744084198,2.82484509194249,-2.64352553650935,-1.08486448485429,-0.674675358349959,0.933806272947009,0.0739889693804289,0.965064864237413,0.719511719990731,-0.360460241806572,-118.389015999407,34.1715519912805
"916","Population-Weighted",18.150333404541,23.5553340911865,13.438666343689,392,86,1,99.9469604492188,233,5,9,226,13.9753332138062,55.1164741516113,411.663055419922,31.7199993133545,6.36399984359741,25.3559989929199,13.9586658477783,22.8946666717529,4.38398744084198,2.82484509194249,-2.64352553650935,-1.08486448485429,-0.674675358349959,0.933806272947009,0.0739889693804289,0.965064864237413,0.719511719990731,-0.360460241806572,-118.390316467209,34.1749973173066
"917","Geometric",17.7026672363281,23.8606662750244,12.3226671218872,426,91,1,97.2330856323242,256,5,13,237,14.7406673431396,52.8870086669922,469.790405273438,32.6479988098145,4.77600002288818,27.871997833252,12.974666595459,23.2880001068115,4.11151143592182,2.77671652251721,-2.4627491932189,-1.06860097013548,-0.0883273467056333,0.863280131589318,-0.0141719388702612,0.827831081014311,0.596072854367,-0.238704164532001,-117.755208779197,34.0965432940909
"917","Population-Weighted",17.7876663208008,23.67799949646,12.684666633606,427,91,1,97.7159423828125,257,5,13,238,14.2866668701172,53.3642082214355,447.631439208984,32.1440010070801,5.37200021743774,26.7720012664795,13.2513332366943,23.0746669769287,4.19769110110614,2.69098427093189,-2.54921782557792,-1.10990109381618,-0.324451446080703,0.938467459650615,0.0296988467399401,0.860149063427638,0.620191417424909,-0.280897252825858,-117.829254871811,34.0602091288152
"918","Geometric",18.3793334960938,23.8293342590332,13.6553335189819,453,105,1,103.455024719238,293,7,12,261,14.1999998092651,55.115665435791,415.105773925781,32.007999420166,6.24399995803833,25.7639999389648,14.1893329620361,23.2220001220703,4.56859088329298,2.52688512508373,-2.66544937587709,-1.48788253452996,-0.327673790850129,0.903205167253769,0.10637301360021,0.935803985194122,0.706596102041968,-0.286978999408619,-118.135712615183,34.0839596185842
"918","Population-Weighted",18.3793334960938,23.8293342590332,13.6553335189819,453,105,1,103.455024719238,293,7,12,261,14.1999998092651,55.115665435791,415.105773925781,32.007999420166,6.24399995803833,25.7639999389648,14.1893329620361,23.2220001220703,4.56859088329298,2.52688512508373,-2.66544937587709,-1.48788253452996,-0.327673790850129,0.903205167253769,0.10637301360021,0.935803985194122,0.706596102041968,-0.286978999408619,-118.134083252706,34.0852333710889
"919","Geometric",14.7454996109009,22.1040000915527,8.96199989318848,487,90,2,79.6097869873047,256,23,39,233,14.6663331985474,50.6994361877441,543.034118652344,31.1319999694824,2.2039999961853,28.92799949646,9.23999977111816,18.691333770752,3.10578084780683,2.18891725032376,-2.56056906550128,-0.608159430937464,-0.0882598116467331,0.638130600077406,-0.031826093734214,0.319540011465387,0.443129744548896,-0.290212003250965,-116.62229106609,32.7396863369799
"919","Population-Weighted",18.0394992828369,22.6520004272461,14.0120000839233,285,59,1,91.0844116210938,168,6,10,145,12.2463331222534,55.6853981018066,349.909118652344,28.9440002441406,6.9520001411438,21.992000579834,14.4159994125366,21.8719997406006,4.17358186575491,2.91830259766903,-2.77783430781936,-0.53585257405642,-1.96164998149663,1.15814504206453,0.124650132432482,0.996953714174447,0.656298663667365,-0.489365998339624,-117.00431223506,32.6865525122103
"920","Geometric",14.7023334503174,22.3579998016357,8.54866695404053,512,93,3,80.3418045043945,272,25,39,249,16.6966667175293,51.6540870666504,567.112487792969,33.1599998474121,0.836000025272369,32.3240013122559,8.86666679382324,18.5093326568604,3.10984497356558,2.46552038327337,-2.40558670302932,-0.6132694776587,0.758997892010655,0.0969817787078378,-0.0522285178768472,0.176051902451094,0.485282003769554,-0.187963361801002,-116.723787081882,33.1601284222026
"920","Population-Weighted",17.2093334197998,22.3093338012695,13.0313329696655,375,75,1,89.3532562255859,210,7,14,195,12.6766662597656,54.6690788269043,379.856353759766,29.4120006561279,6.22399997711182,23.1879997253418,13.2406663894653,21.492000579834,4.04774142409737,2.55110326168843,-2.86056413856723,-0.72238523891852,-1.45588657836446,1.08742534817566,0.173304039877947,0.832712311664594,0.578988710181045,-0.444587212863069,-117.126952440106,33.0591426967718
"921","Geometric",18.0450000762939,22.6479988098145,14.0686664581299,303,61,1,91.6465682983398,178,6,10,156,11.5206670761108,54.4866981506348,347.960632324219,28.511999130249,7.36800003051758,21.1439990997314,14.4466667175293,21.8493328094482,4.16768329421053,2.7115581064359,-2.80675146186772,-0.614937337995193,-2.1158680600471,1.41042085746911,0.140725839917425,1.04576514842155,0.655181862059229,-0.501139188012394,-117.119159227091,32.8118061152334
"921","Population-Weighted",18.1021671295166,22.5606670379639,14.235333442688,301,61,1,90.8061828613281,176,6,10,153,11.0450000762939,54.0891304016113,337.433349609375,28.0960006713867,7.67600011825562,20.4200000762939,14.6213331222534,21.7800006866455,4.1721010435639,2.62369506902491,-2.8290284635377,-0.60441771805464,-2.3086461215103,1.53686691762604,0.165903512962315,1.05856276258525,0.640975224524544,-0.50324514684992,-117.118668857194,32.7850513068608
"922","Geometric",21.0883331298828,30.8706665039062,12.0606660842896,111,17,1,48.5359725952148,38,6,28,38,15.8326663970947,43.6980209350586,775.066772460938,40.4799995422363,4.2480001449585,36.2319984436035,12.0606660842896,23.9879989624023,3.33772815878629,4.49780727156673,0.102815325535506,1.70956999957881,0.679375188698554,1.57567184758264,-0.510250738039178,-0.306329698297611,0.0779798531672951,-0.255684928943707,-115.56151091195,33.6616169164025
"922","Population-Weighted",22.945499420166,32.3266677856445,13.7519998550415,81,18,0,71.5518493652344,44,3,10,41,18.1650009155273,46.5435066223145,763.257141113281,42.6599998474121,3.63199996948242,39.0279998779297,15.6773338317871,26.2519989013672,3.92782795221987,5.37155402638454,0.363947232615356,1.10342949401955,1.45370198447054,1.0406520005869,-0.566516396223471,0.230735258066466,0.390921023560071,-0.116683843708765,-116.164360278692,33.6293558509004
"923","Geometric",19.2258338928223,29.8226661682129,9.25266647338867,124,18,2,45.8226661682129,47,12,30,47,16.0096664428711,41.7179145812988,850.386840820312,39.923999786377,1.54799997806549,38.3759994506836,9.25266647338867,22.1700000762939,2.59242277662669,4.2874982703,-0.0033987534060208,1.78272536191451,1.01429319340614,1.49576018062618,-0.64450262147037,-0.388372221728025,0.0631256737505723,-0.250387484717893,-116.24581000781,35.2641582174875
"923","Population-Weighted",13.5148334503174,22.5386657714844,5.3580002784729,641,118,2,84.9186782836914,341,17,17,329,15.8656663894653,45.9767799377441,711.199096679688,32.9799995422363,-1.52799999713898,34.507999420166,6.44199991226196,22.5386657714844,2.57194069815868,1.81599370783432,-2.52780542318578,-1.06279508947372,1.61951582219475,0.797226046322574,-0.199094167494776,0.412770278396863,0.18654141473072,-0.119825898116887,-117.20533097876,34.2981308931114
"924","Geometric",14.6013336181641,22.3266658782959,8.18066692352295,603,109,2,84.3206176757812,322,15,31,300,14.5226669311523,49.1161613464355,585.113708496094,31.511999130249,1.94400000572205,29.5679988861084,8.52066707611084,21.8333339691162,3.19160270752204,1.75962108064006,-2.70087143654931,-1.0317060097269,0.479762315720763,0.901004232961616,-0.0525510648191696,0.435530254604436,0.276091200414816,-0.270158062416571,-117.303818263292,34.2290812859216
"924","Population-Weighted",18.408332824707,25.3093318939209,12.4333333969116,310,65,2,92.560417175293,189,9,16,167,16.1773338317871,52.818775177002,528.7353515625,35.2519989013672,4.62400007247925,30.6279983520508,13.0539999008179,24.8839988708496,4.0643414274308,3.61863776381329,-1.88167573368294,-0.403823966170037,0.26405827867913,0.614014333326917,-0.273325263481128,0.752629525520229,0.572170572760191,-0.173496848540653,-117.294124182422,34.1447307118327
"925","Geometric",16.9834995269775,24.7273330688477,10.3513336181641,345,65,2,80.7502136230469,185,15,27,175,18.0903339385986,52.9019012451172,588.382629394531,36.3479995727539,2.15199995040894,34.1959991455078,10.9473333358765,24.0346660614014,3.59276677031684,3.68435577715534,-1.80039186645869,-0.0145872524406169,1.01629910654111,0.00715068667465477,-0.278219286925622,0.339742691384551,0.369466550808831,-0.130313617996285,-116.952513954903,33.665619504739
"925","Population-Weighted",18.1103324890137,25.6246662139893,11.6359996795654,334,68,2,90.6672286987305,196,9,18,179,18.4699993133545,53.3629989624023,573.905822753906,37.4679985046387,2.85599994659424,34.6119995117188,12.2980003356934,25.0480003356934,3.96117927806686,3.95014118809812,-1.68170419324911,-0.314852935366421,1.22673786074531,0.035724570603669,-0.322125796590714,0.53272215591713,0.524294474524305,-0.0564368113574706,-117.232277588903,33.7873320878846
"926","Geometric",17.5656661987305,22.4393329620361,13.3073329925537,350,71,1,95.4477767944336,211,6,13,191,12.5113334655762,55.1938095092773,372.164245605469,29.1480007171631,6.48000001907349,22.6680011749268,13.7333335876465,21.7733325958252,4.14081871840206,2.65517857674609,-2.88783872257572,-0.867720948563785,-1.57502699396628,1.12480659734974,0.11253376476312,1.02186191167233,0.680253575055986,-0.491663898049235,-117.684075509005,33.6161244500799
"926","Population-Weighted",17.3038330078125,22.0139999389648,13.2119998931885,344,73,0,98.3830184936523,213,5,11,193,11.8836669921875,54.6526222229004,358.680725097656,28.2600002288818,6.51599979400635,21.7439994812012,13.6153335571289,21.318000793457,4.06840412856576,2.54116441237381,-3.03240523775993,-1.01040080903602,-1.81470714908544,1.28197047353689,0.107639848864873,1.11746181708863,0.721690815294969,-0.493130778231758,-117.789582322661,33.6381820159925
"927","Geometric",18.2994995117188,22.9559993743896,14.1613330841064,341,73,1,98.4444961547852,212,6,12,193,11.83899974823,54.3272743225098,357.047454833984,28.996000289917,7.2039999961853,21.7919998168945,14.6540002822876,22.2940006256104,4.31066245296484,2.59496062633505,-2.8123624268867,-0.979976161557621,-1.76275356866935,1.38909047351576,0.114332597338252,1.14885689236824,0.721120981519681,-0.478790507502211,-117.866781499858,33.7341661738674
"927","Population-Weighted",18.2383327484131,22.7826671600342,14.188666343689,340,73,1,98.5299987792969,212,6,12,192,11.554666519165,54.3288803100586,349.15478515625,28.568000793457,7.30000019073486,21.2680015563965,14.6713333129883,22.1146659851074,4.29786942672751,2.53385763026486,-2.86711153296816,-0.998164016153843,-1.89803935949221,1.43987741559181,0.128147867563374,1.17103514986143,0.725717415535249,-0.494177062907165,-117.878292289799,33.7334507515331
"928","Geometric",16.9559993743896,22.6900005340576,12.3079996109009,403,86,1,97.3456039428711,243,6,13,228,13.2733335494995,52.9746704101562,424.790161132812,30.8680000305176,5.81199979782104,25.0559997558594,12.6026668548584,21.9093322753906,4.01203446699549,2.53658594961363,-2.7742989680593,-1.0609575310371,-0.830595122827505,1.11950936541622,0.0303686842894146,0.913795575456016,0.668056591195926,-0.321840714448699,-117.706918664858,33.8422345175768
"928","Population-Weighted",18.1215000152588,23.2133331298828,13.7180004119873,374,81,1,99.2062225341797,232,6,12,213,12.7183332443237,54.1389961242676,386.360900878906,30.3120002746582,6.82000017166138,23.492000579834,14.1693334579468,22.5753326416016,4.32181054930403,2.6206047626962,-2.7307325212208,-1.07112881527855,-1.22566011589022,1.23231718225485,0.0824524107275538,1.0508395980609,0.708084465453542,-0.401337876581517,-117.823280544324,33.8434289225759
"930","Geometric",16.3994998931885,21.720666885376,12.0559997558594,493,115,0,104.90470123291,317,4,9,288,14.9143333435059,57.4335098266602,397.948455810547,30.5919990539551,4.62400007247925,25.9679985046387,12.2533330917358,20.9300003051758,4.2380947743204,2.33935814364064,-3.23722788841033,-1.73078106329238,-0.209332924983739,0.427363188103469,0.194886451912891,0.83760091405959,0.747859548983549,-0.316630024219217,-119.093449313176,34.3818460317084
"930","Population-Weighted",16.5920009613037,20.7946662902832,12.9093341827393,402,91,0,104.519691467285,254,2,6,236,13.6273336410522,60.9233436584473,322.393005371094,28.1119995117188,5.74399995803833,22.3680000305176,13.1780004501343,20.0973339080811,4.30434608046116,2.56000177182179,-3.53073128417668,-1.45560106165527,-1.35762756509683,0.455490413231136,0.268670557499661,1.0469003132758,0.845762139896585,-0.599073978610732,-119.054140479736,34.2607621198921
"931","Geometric",13.9891662597656,19.2766666412354,9.95866680145264,513,106,1,96.4153060913086,300,5,12,282,13.900333404541,56.1312103271484,388.64794921875,28.3040008544922,3.53999996185303,24.7639999389648,10.0753335952759,18.4006671905518,3.54794849583573,1.94315603594929,-3.65225980470674,-1.451712633702,-0.746193124253532,0.473918137674788,0.269021311519977,0.725750576373053,0.661126392479491,-0.369163647740716,-119.829989378309,34.532132488161
"931","Population-Weighted",16.1613330841064,20.0646667480469,12.5993328094482,441,104,0,103.83863067627,281,3,8,257,12.0839996337891,58.7172012329102,304.162628173828,26.423999786377,5.8439998626709,20.5799999237061,12.9793329238892,19.4680004119873,4.16580532716442,1.98063622479618,-3.72816563062828,-1.68070217425013,-1.7514061431568,0.868894511898751,0.346910155824936,1.08622626499809,0.785463992726798,-0.559608098652907,-119.791595297824,34.4455553917794
"932","Geometric",17.5668334960938,26.3746662139893,8.89866638183594,194,36,0,80.6340789794922,105,3,3,94,16.0196666717529,44.9082374572754,719.435302734375,37.1520004272461,1.48000001907349,35.6720008850098,10.9340000152588,26.3746662139893,2.9024510031489,4.19619818124303,-1.14131698720376,0.47142795567619,0.748164602405999,1.19706207554667,-0.645587973457748,0.661055918947235,0.251435213963591,-0.028280340303693,-119.313124203804,35.771865390174
"932","Population-Weighted",16.9061660766602,25.2073345184326,8.55599975585938,212,39,0,79.7978363037109,109,3,3,107,15.2883338928223,45.3929138183594,684.293884277344,35.4000015258789,1.72000002861023,33.6800003051758,10.3579998016357,25.2073345184326,2.81113148982657,3.88901391181758,-1.49430344074995,0.398765152042113,0.331798635371423,1.24707615081334,-0.5419466165099,0.676247474014065,0.269226771595706,-0.0948395067681627,-119.351482790792,36.0066184363677
"933","Geometric",18.6424999237061,27.423999786377,10.1286668777466,157,30,0,77.1594009399414,83,4,4,70,14.9183330535889,43.6106567382812,713.444641113281,37,2.79200005531311,34.2080001831055,11.996000289917,27.423999786377,3.08062745956108,4.19047095394697,-0.908094266911759,0.672353235780369,0.331151474666233,1.62048690250094,-0.65108693813801,0.694608840334723,0.19221449685939,-0.0536578235933925,-119.00924541842,35.3690298104713
"933","Population-Weighted",18.6424999237061,27.423999786377,10.1286668777466,157,30,0,77.1594009399414,83,4,4,70,14.9183330535889,43.6106567382812,713.444641113281,37,2.79200005531311,34.2080001831055,11.996000289917,27.423999786377,3.08062745956108,4.19047095394697,-0.908094266911759,0.672353235780369,0.331151474666233,1.62048690250094,-0.65108693813801,0.694608840334723,0.19221449685939,-0.0536578235933925,-119.030551820889,35.3487026021893
"934","Geometric",13.8833332061768,20.2113342285156,8.3120002746582,512,104,1,94.1002426147461,296,5,14,281,16.0893325805664,53.9403686523438,488.702575683594,30.5440006256104,0.716000020503998,29.8280010223389,9.16199970245361,19.8666667938232,3.18895345946559,2.35024812055072,-3.22773505238701,-1.25105909340253,0.351811806239886,0.100861022011906,0.0832760647168817,0.612675776137712,0.518969278205843,-0.197158375182792,-120.440153843328,35.3476026494444
"934","Population-Weighted",14.9364995956421,18.4739990234375,11.470666885376,519,111,0,99.3328399658203,316,4,11,298,13.9930000305176,64.8064117431641,287.285003662109,25.7239990234375,4.13199996948242,21.5919990539551,11.9213333129883,18.0366668701172,4.13984325583825,1.89775307677986,-4.20464768948746,-1.74985078581385,-1.3154399093642,-0.0903973810432587,0.589492230556385,0.827785400108841,0.71469578426127,-0.781491737017296,-120.539647589039,35.1623732757702
"935","Geometric",11.5168333053589,20.8833332061768,2.83933329582214,315,55,5,71.5040130615234,155,22,24,155,14.5923337936401,42.4245071411133,746.103515625,30.6079998016357,-3.78799986839294,34.3959999084473,2.83933329582214,18.1766662597656,1.15534470369013,2.63550049323146,-2.39671348135532,0.355912249940347,0.280767818862512,0.958022557114872,-0.67041259007325,0.414675625703292,0.337911677993496,-0.135997246727071,-118.027120299219,36.1496424771474
"935","Population-Weighted",17.0809993743896,27.0606670379639,7.92466688156128,142,28,1,77.6263580322266,73,6,7,72,15.9126663208008,42.5108642578125,787.692565917969,36.9959983825684,-0.436000019311905,37.431999206543,9.54533386230469,24.4566669464111,2.38671970377275,4.30393835072174,-0.884946716884577,0.722118009664474,0.84761298991698,1.31921644847436,-0.81614124798289,0.609464042299933,0.325838195307328,-0.0631049164509967,-118.113352609018,34.977257851417
"936","Geometric",16.9151668548584,25.5966663360596,8.44600009918213,331,59,0,82.9310607910156,172,4,4,161,15.58899974823,44.9924926757812,707.524108886719,36.6360015869141,1.98799991607666,34.6480026245117,10.1346664428711,25.5966663360596,3.00564718301375,3.5346741865374,-1.47361461693817,0.00445036974048535,0.914506249851355,1.27953259902215,-0.506871828102373,0.584576428599294,0.259022016943815,-0.0505687723986024,-119.790435942248,36.9193273766264
"936","Population-Weighted",17.3271656036377,26.0013332366943,8.78600025177002,273,51,0,84.6138687133789,149,4,4,136,14.8616666793823,43.8397254943848,711.095581054688,36.5799980163574,2.6800000667572,33.8999977111816,10.5873327255249,26.0013332366943,3.0061011832129,3.65522059526508,-1.34261659481567,0.0897582112459835,0.614212352519816,1.56033943859681,-0.603939565796233,0.71464364477727,0.299494882019824,-0.0462795878117971,-119.861070124997,36.8155527216385
"937","Geometric",17.1573333740234,25.8813323974609,8.44999980926514,251,47,0,84.9711837768555,140,3,3,125,14.9573335647583,43.8168907165527,718.5732421875,36.3559989929199,2.22000002861023,34.1359977722168,10.3626661300659,25.8813323974609,2.89247689136368,3.75047268299804,-1.35324232850685,0.136741343374326,0.589956330149924,1.5186434795825,-0.644732201062667,0.746058660458822,0.308000716390744,-0.0487384634260691,-119.837918890845,36.7084490294075
"937","Population-Weighted",17.6671657562256,26.470666885376,9.09666633605957,283,55,0,85.6164855957031,159,4,4,140,14.6376667022705,43.2350769042969,717.500122070312,36.8559989929199,3,33.8559989929199,10.8966665267944,26.470666885376,3.09712851841466,3.59446251697712,-1.25646910926742,0.0110399456473196,0.656750617115498,1.69764238174685,-0.620530836621859,0.731511445652574,0.29249915623344,-0.0222037363198984,-119.77923860212,36.7794751431126
"939","Geometric",13.4541664123535,19.2513332366943,8.73133277893066,628,120,2,91.1023864746094,335,8,15,332,15.6776666641235,56.6226043701172,435.187194824219,29.3999996185303,1.71200001239777,27.6879997253418,9.03666687011719,18.4873332977295,3.43968510899871,1.77892856522087,-3.62741931659953,-1.46423139912341,0.176120873104911,-0.0157715270543736,0.370923977993434,0.461362127552906,0.525974012471244,-0.338517843779487,-121.43584390435,36.3106421790247
"939","Population-Weighted",14.050666809082,17.511999130249,10.3680000305176,463,88,2,89.8334197998047,242,7,11,242,12.1353330612183,59.5102615356445,291.400329589844,24.3959999084473,4.00399971008301,20.3920001983643,10.3680000305176,16.9766674041748,3.47887920696893,1.79597603246744,-4.13921176719338,-1.09215694389722,-2.104828723993,0.504064356996797,0.463630971515824,0.835958184628238,0.664379091533561,-0.679563655724179,-121.630741094512,36.6002587725142
"940","Geometric",13.1088333129883,17.7146663665771,9.28800010681152,980,197,3,90.6111221313477,515,14,21,515,10.5443334579468,54.9642066955566,350.693603515625,23.8439998626709,4.65999984741211,19.1840000152588,9.28800010681152,16.8953342437744,3.91766252781869,-0.900132227734287,-4.59400190061074,-2.81612820431502,-0.793795748435143,1.24489686992026,1.01097546619457,0.453738726339689,0.361725637800977,-0.580894991184824,-122.295474966017,37.4090516725476
"940","Population-Weighted",14.5526666641235,18.6059989929199,10.2493333816528,500,103,1,90.8133850097656,269,6,9,265,11.0893325805664,55.602352142334,341.431610107422,24.6919994354248,4.7480001449585,19.9440002441406,11.1759996414185,18.2700004577637,3.51375402595844,1.451232549507,-3.89767402184225,-1.32562289483047,-2.0101869241987,1.10897081138274,0.464727550175971,0.901745575723567,0.552658828457661,-0.56881171938882,-122.254682112046,37.505689695351
"941","Geometric",14.1014995574951,17.160665512085,10.7093334197998,790,163,2,91.7596054077148,427,10,15,427,9.76433277130127,57.5320129394531,267.443756103516,23.1959991455078,6.22399997711182,16.9720001220703,10.7093334197998,16.5873336791992,4.05531601300316,-0.184084807330125,-4.62049478444957,-2.37432840222308,-1.82587512267589,1.26928730265252,0.958561463547435,0.652034704195206,0.507888558456984,-0.691311315739626,-122.439473005879,37.7470743353955
"941","Population-Weighted",14.1085004806519,17.1046657562256,10.6733331680298,813,169,2,92.8843231201172,444,10,14,444,9.57233333587646,57.4431915283203,266.533203125,22.9479999542236,6.28399991989136,16.6639995574951,10.6733331680298,16.5960006713867,4.09208446355525,-0.342517928854191,-4.68994896427634,-2.50887160894458,-1.80074507174755,1.33050439571599,0.992432202150811,0.670190284781905,0.509315213910461,-0.702945492360326,-122.436741778255,37.757832427722
"943","Geometric",14.9846668243408,19.4200000762939,10.2486667633057,432,86,1,88.7226257324219,228,6,9,221,11.9566659927368,54.8974609375,377.693359375,26.007999420166,4.22800016403198,21.7799987792969,11.3113327026367,19.2233333587646,3.41292530033959,1.98153906035015,-3.54985287470967,-0.95260381095786,-1.80220952112857,0.985672784304157,0.309504428373424,0.889270989980878,0.527384303914938,-0.504338187420103,-122.145046822703,37.4281071460686
"943","Population-Weighted",14.9846668243408,19.4200000762939,10.2486667633057,432,86,1,88.7226257324219,228,6,9,221,11.9566659927368,54.8974609375,377.693359375,26.007999420166,4.22800016403198,21.7799987792969,11.3113327026367,19.2233333587646,3.41292530033959,1.98153906035015,-3.54985287470967,-0.95260381095786,-1.80220952112857,0.985672784304157,0.309504428373424,0.889270989980878,0.527384303914938,-0.504338187420103,-122.145853055949,37.4333935747552
"944","Geometric",14.3958330154419,18.1260871887207,10.3398551940918,511,107,1,91.8066635131836,279,6,9,274,10.6192026138306,55.813907623291,318.216949462891,24.0695648193359,5.04347801208496,19.026086807251,11.2202892303467,17.7521743774414,3.53821721577602,1.27980264549061,-4.04130925710923,-1.44351282711378,-2.19973301175251,1.17469005367108,0.518285774835537,0.92590301809269,0.57661683473412,-0.582702300658361,-122.304649091674,37.5496218289618
"944","Population-Weighted",14.3958330154419,18.1260871887207,10.3398551940918,511,107,1,91.8066635131836,279,6,9,274,10.6192026138306,55.813907623291,318.216949462891,24.0695648193359,5.04347801208496,19.026086807251,11.2202892303467,17.7521743774414,3.53821721577602,1.27980264549061,-4.04130925710923,-1.44351282711378,-2.19973301175251,1.17469005367108,0.518285774835537,0.92590301809269,0.57661683473412,-0.582702300658361,-122.304834775521,37.5497256767751
"945","Geometric",15.1502780914307,20.4855556488037,9.00888919830322,473,106,1,94.2657012939453,266,6,9,266,12.2927780151367,49.4878349304199,471.986877441406,29.0066661834717,4.16666650772095,24.8400001525879,9.00888919830322,20.3888893127441,3.28540194261998,1.82250287131517,-3.24327894256596,-1.21172929243179,-0.806459908895893,1.4055098255464,-0.0123010312998423,0.81702551570663,0.573777072416375,-0.22517480323645,-122.009205713921,38.0442970758648
"945","Population-Weighted",14.9883337020874,20.5833339691162,9.07200050354004,484,102,1,90.9306106567383,261,6,10,261,12.4586668014526,50.0348052978516,470.225280761719,28.7800006866455,3.88000011444092,24.9000015258789,9.07200050354004,20.275333404541,3.25979340035442,1.84364900928147,-3.23165084864705,-1.08923366701973,-0.829161894994891,1.31195239164912,0.0374044722408554,0.750580553257359,0.522905033645357,-0.274810530901358,-122.034113099731,37.8747373597938
"946","Geometric",15.1331520080566,18.8818836212158,10.8775358200073,544,114,1,91.0452499389648,297,7,10,291,10.3068838119507,54.2715950012207,330.818206787109,25.0913047790527,6.09999990463257,18.991304397583,11.7804346084595,18.4775371551514,3.73605146649386,1.12951579362039,-3.84403136566654,-1.5063854398274,-2.05282190851076,1.43644362859938,0.541024442165034,0.872083428562071,0.538958476032008,-0.524599583191774,-122.2153181942,37.7896817675066
"946","Population-Weighted",14.8936672210693,18.7993335723877,10.5673332214355,607,128,2,91.4028167724609,330,8,12,326,10.4300003051758,54.756404876709,339.540130615234,25.1160011291504,6.06799983978271,19.0480003356934,11.3819999694824,18.3460006713867,3.8042879397028,0.836832508001079,-3.94350058853883,-1.7116135769578,-1.81537165229859,1.38145165340142,0.597628391402125,0.811186491222223,0.527545821293443,-0.540239155089737,-122.221067582776,37.7939502248867
"947","Geometric",14.5950002670288,18.8806667327881,10.0466661453247,737,156,2,92.36083984375,401,10,14,401,11.0193338394165,54.8662300109863,363.072570800781,25.507999420166,5.42400026321411,20.0839996337891,10.0466661453247,18.3666667938232,3.90350313771577,0.318025715498413,-4.1132700242693,-2.12842172244535,-1.12819297785608,1.27263089676451,0.665452931053284,0.642215536513954,0.488723909592034,-0.531053823778491,-122.270387025222,37.8791200064001
"947","Population-Weighted",14.5950002670288,18.8806667327881,10.0466661453247,737,156,2,92.36083984375,401,10,14,401,11.0193338394165,54.8662300109863,363.072570800781,25.507999420166,5.42400026321411,20.0839996337891,10.0466661453247,18.3666667938232,3.90350313771577,0.318025715498413,-4.1132700242693,-2.12842172244535,-1.12819297785608,1.27263089676451,0.665452931053284,0.642215536513954,0.488723909592034,-0.531053823778491,-122.275201379798,37.8755529490865
"948","Geometric",15.0218334197998,19.5499992370605,10.1806659698486,761,162,2,93.1470260620117,419,10,14,419,11.872332572937,55.4263916015625,384.841461181641,26.6159992218018,5.19600009918213,21.4199981689453,10.1806659698486,19.1019992828369,4.05182630771356,0.392061426041396,-3.99208478314838,-2.20700791725732,-0.664701432039995,1.11045928860662,0.662823023997441,0.583350327431393,0.471770877961528,-0.517587397335524,-122.331933719898,37.9547942843762
"948","Population-Weighted",15.0218334197998,19.5499992370605,10.1806659698486,761,162,2,93.1470260620117,419,10,14,419,11.872332572937,55.4263916015625,384.841461181641,26.6159992218018,5.19600009918213,21.4199981689453,10.1806659698486,19.1019992828369,4.05182630771356,0.392061426041396,-3.99208478314838,-2.20700791725732,-0.664701432039995,1.11045928860662,0.662823023997441,0.583350327431393,0.471770877961528,-0.517587397335524,-122.328584768006,37.9536434134274
"949","Geometric",14.0323333740234,18.8479995727539,9.43666648864746,1025,215,2,93.9705276489258,568,12,18,568,13.497332572937,57.9384155273438,384.269714355469,27.1599998474121,3.86400008201599,23.2959995269775,9.43666648864746,18.1986656188965,4.34094714528023,-0.568615987739445,-4.41507300531879,-3.09398929439296,0.577923256753409,0.539511046777493,1.04940352952374,0.23137329690491,0.356196372577373,-0.511944804791934,-122.714714369432,38.1299456880552
"949","Population-Weighted",14.7763328552246,19.7353324890137,9.72799968719482,940,197,1,95.3863143920898,528,9,14,528,13.2480001449585,55.6077919006348,409.003692626953,28.1399993896484,4.31599998474121,23.8239994049072,9.72799968719482,19.2919998168945,4.28071045693902,-0.14658619673504,-4.1005510136234,-2.83861638381718,0.488035980646999,0.840349200758802,0.863304393625792,0.349150009620266,0.38393950720406,-0.45429011332818,-122.59612514962,38.1022304975987
"950","Geometric",15.4208335876465,20.7906665802002,9.82666683197021,350,72,1,90.1736450195312,184,4,6,184,14.5916662216187,55.0047760009766,446.776184082031,29.3159999847412,2.78800010681152,26.5279998779297,10.4366664886475,20.3540000915527,3.32203433551633,2.90572306403724,-3.08408337227099,-0.597081108667073,-0.837778221278505,0.471457868408733,0.0136839484049193,0.793530287005033,0.598613743065755,-0.352678867504927,-121.406290865124,36.8425749950884
"950","Population-Weighted",14.1256666183472,19.8373336791992,9.03066635131836,779,162,2,92.4867172241211,418,10,16,418,12.6773338317871,52.3164939880371,442.709289550781,27.7800006866455,3.54800009727478,24.2320003509521,9.03066635131836,19.1860008239746,3.67439480486716,0.490830731945867,-3.77461415595581,-2.12961545809614,-0.105477340068242,1.07034786442574,0.508182370237158,0.5115187453837,0.422704423271297,-0.334027490971888,-121.842177101233,37.1527099103251
"951","Geometric",15.7161664962769,21.3460006713867,10.0500001907349,454,93,1,90.2112121582031,237,6,10,235,14.2509994506836,53.8342399597168,462.316528320312,30.0359992980957,3.56399989128113,26.4720001220703,11.0273332595825,21,3.55360674752916,2.4342470516011,-2.99847976042818,-0.919934252792628,-0.524432904774347,0.691880890906707,0.121101900545977,0.713872516133167,0.511350427949677,-0.313723946007176,-121.778189898817,37.3257659523274
"951","Population-Weighted",16.2094993591309,21.2626667022705,11.0500001907349,431,89,1,90.2516860961914,228,5,8,221,13.6196660995483,55.4817733764648,422.083709716797,29.1680011749268,4.61999988555908,24.5480003356934,12.0006666183472,21.038667678833,3.76839504417832,2.4387084762407,-3.0948626837743,-0.906235630824654,-0.9892817115732,0.757422647866565,0.206365283776433,0.780243172872516,0.534312533193907,-0.406640760285399,-121.875829562873,37.3158872135761
"952","Geometric",16.3741664886475,24.5366668701172,8.50733375549316,607,116,3,86.0543823242188,322,11,18,303,15.4316663742065,46.2524490356445,665.233703613281,35.7119979858398,2.34800004959106,33.3639984130859,9.92066669464111,24.4646663665771,3.43482324055609,2.14779557067757,-1.97851873670344,-0.99806947343296,1.43531757799862,1.13479681026379,-0.150889507639217,0.405576814102802,0.229407492921966,-0.0267717307836982,-120.849781105892,38.1307215408415
"952","Population-Weighted",16.0739994049072,23.1533336639404,8.59200000762939,415,82,2,87.1108551025391,223,7,7,213,14.6153335571289,47.2254524230957,603.435424804688,33.3520011901855,2.40400004386902,30.9480018615723,10.3466663360596,23.1533336639404,3.1201836844631,2.75424036404824,-2.21004581625713,-0.552134840321623,0.301776024659502,1.14312379604584,-0.200134797093193,0.686831762268406,0.374319259844152,-0.0764110644282796,-121.215301691588,38.0267695018529
"953","Geometric",16.8196659088135,25.3619995117188,8.493332862854,458,79,1,84.4333190917969,234,6,6,221,16.5133323669434,46.8489952087402,699.137145996094,36.9679985046387,1.72000002861023,35.2479972839355,10.0113334655762,25.3619995117188,3.24408734882874,3.18158017114598,-1.65072448538888,-0.361167275478965,1.44397186124561,0.941141251400715,-0.348072996434883,0.463146862277057,0.261136966681927,-0.0629855966922859,-120.462844023123,37.6734014142647
"953","Population-Weighted",16.5195007324219,24.2226657867432,8.44133377075195,316,57,1,83.9847106933594,160,5,5,151,14.404333114624,44.8342018127441,649.219665527344,34.3720016479492,2.24399995803833,32.128002166748,10.3579998016357,24.2226657867432,2.88497954370889,3.28564014119124,-1.78165081680849,-0.0512604063772477,0.190069658591441,1.41250461640739,-0.423756228949184,0.731662154252192,0.32738232964018,-0.0580307433256767,-120.908707831857,37.6218090840707
"954","Geometric",14.1564998626709,21.2446670532227,8.00266647338867,1006,211,2,91.8003921508789,544,13,23,544,16.048999786377,52.1816864013672,547.310119628906,32.3440017700195,1.58799993991852,30.7560024261475,8.00266647338867,20.8773345947266,3.95075013205138,0.127571045840095,-3.46498184219474,-2.70549366497116,2.17367356660021,0.427127480003958,0.58718308194101,0.0247496986408561,0.216469603299148,-0.110987202780152,-123.131327449949,39.1272665624463
"954","Population-Weighted",15.2104997634888,21.3513336181641,9.10200023651123,996,219,2,95.4974822998047,557,10,18,557,15.3816661834717,53.2753753662109,508.831176757812,31.6319999694824,2.75999999046326,28.8719997406006,9.10200023651123,21.2086658477783,4.28525625125484,0.000730928737915155,-3.58843173159862,-2.94125445999466,1.881346491571,0.591515676330084,0.688958467922538,0.141564795046947,0.274749062155092,-0.157977455488371,-122.834725461039,38.6763167415822
"955","Geometric",10.4923334121704,16.8020000457764,5.70266675949097,1540,275,6,80.2075500488281,776,46,61,737,14.2106666564941,53.5281982421875,463.02587890625,27.1800003051758,0.631999969482422,26.5480003356934,6.18666648864746,16.0273342132568,3.79867408899032,-2.7147225019224,-4.62336895917213,-3.74998389922156,2.04472905527106,0.169949863004557,1.32944871981706,-0.440408750184242,-0.0632533946069835,-0.307778013200814,-123.757773322131,40.9063981747842
"955","Population-Weighted",11.3433332443237,15.9739999771118,7.61133337020874,1473,259,6,79.1747665405273,734,44,57,695,12.2659997940063,57.6518135070801,348.315704345703,24.1800003051758,2.90400004386902,21.2760009765625,8.10400009155273,15.3626670837402,4.15659421858019,-2.73015378537832,-4.98551836440184,-3.61265145526465,0.634311196589952,0.345659493140433,1.54021958513067,-0.247912087243335,0.0122459296570462,-0.601736431092365,-123.991084670961,40.9609306357605
"956","Geometric",16.6458339691162,24.2906665802002,9.03866672515869,550,99,3,84.3389739990234,270,11,11,260,13.6129999160767,44.2843208312988,633.334228515625,34.3559989929199,3.6159999370575,30.7399997711182,10.5600004196167,24.2906665802002,3.33633357217537,2.16286223640137,-1.97546393880483,-0.716010352796646,0.552621702668483,1.67158817976161,-0.148736210577977,0.580523158584554,0.264190534927906,-0.0471627051227621,-121.17893780598,38.6677688762427
"956","Population-Weighted",16.8145008087158,24.3366661071777,9.20866680145264,496,98,2,86.249641418457,253,9,9,250,13.69700050354,44.6505432128906,628.720825195312,34.4519996643066,3.77600002288818,30.6759986877441,10.8179998397827,24.3366661071777,3.36446454821564,2.34780480659889,-1.97141534760329,-0.719518587788984,0.490073410812972,1.65726531542812,-0.176205511464944,0.630681078389827,0.298759794977432,-0.0334924368432811,-121.356381977438,38.6344183515074
"957","Geometric",13.5059995651245,22.1946659088135,6.26333332061768,1297,237,5,83.0221633911133,647,28,39,647,13.5619993209839,43.2296333312988,659.521606445312,32.1839981079102,0.811999976634979,31.371997833252,6.26333332061768,21.4846668243408,3.53865960504053,-1.42144953304596,-3.16011421287992,-2.93968109414523,2.63330918319383,1.52520664797567,0.605851920885138,-0.122844373875234,-0.0711113075075092,-0.116731759458369,-120.774945874023,38.9402661350138
"957","Population-Weighted",16.720666885376,24.4079990386963,9.01466655731201,523,98,2,85.3111953735352,261,10,10,255,13.7360000610352,44.2868194580078,638.359802246094,34.507999420166,3.49200010299683,31.015998840332,9.30933284759521,24.4079990386963,3.30309058357739,2.266727542858,-2.03021862691207,-0.672760936056337,0.613549510080833,1.68652434525021,-0.277000122140321,0.548063930471968,0.309705717353913,-0.0549128103038452,-121.255386204666,38.6836980694431
"958","Geometric",16.6096668243408,23.757999420166,9.25733280181885,473,99,2,88.5235137939453,254,9,9,249,13.6386671066284,45.6203727722168,602.611694335938,33.8160018920898,3.92000007629395,29.8960018157959,10.8673334121704,23.757999420166,3.38492420447117,2.34060616947833,-2.13976567910957,-0.812662849119651,0.310230408397241,1.56721861302268,-0.151984704710059,0.685533837372689,0.359657173759722,-0.0373786112001204,-121.440920695182,38.5799356502199
"958","Population-Weighted",16.6096668243408,23.757999420166,9.25733280181885,473,99,2,88.5235137939453,254,9,9,249,13.6386671066284,45.6203727722168,602.611694335938,33.8160018920898,3.92000007629395,29.8960018157959,10.8673334121704,23.757999420166,3.38492420447117,2.34060616947833,-2.13976567910957,-0.812662849119651,0.310230408397241,1.56721861302268,-0.151984704710059,0.685533837372689,0.359657173759722,-0.0373786112001204,-121.427214312175,38.575786585541
"959","Geometric",16.8118324279785,25.0666656494141,8.71933364868164,665,132,1,86.0906219482422,348,14,14,338,14.668999671936,45.0466766357422,677.224975585938,35.5320014953613,2.96799993515015,32.5640029907227,10.3133335113525,25.0666656494141,3.57728351999426,1.78079310189595,-1.97351485865107,-1.22627002461362,1.47817264083388,1.48307500327332,-0.0526769255486274,0.400381558897198,0.161138751533655,-0.0383765244589946,-121.658652192426,39.5198008350682
"959","Population-Weighted",16.5750007629395,24.6366672515869,8.59133338928223,640,127,1,86.6020965576172,333,13,13,328,14.4079999923706,44.7231178283691,661.602905273438,34.9360008239746,2.72000002861023,32.2159996032715,10.3053331375122,24.6366672515869,3.46212500796517,1.81986199936067,-2.04260934102129,-1.18197315504497,1.26789781669907,1.5104894474965,-0.0545991738849382,0.46687343895867,0.18678536228554,-0.0341251167967482,-121.597693274267,39.4054003003752
"960","Geometric",12.1350002288818,20.445333480835,4.90333318710327,1436,249,7,78.0697479248047,690,46,59,683,15.0033330917358,46.5190811157227,653.259887695312,31.4799995422363,-0.772000014781952,32.2519989013672,5.40866661071777,20.3793334960938,3.42251277868442,-1.84433473428114,-3.45083408802459,-3.01158949964149,3.01200753576776,0.70299067898592,0.748540520399394,-0.325105602510318,-0.168289442570192,-0.167982556810287,-122.138793955325,40.9427189345112
"960","Population-Weighted",16.7805004119873,26.1233329772949,8.32866668701172,1182,226,4,81.7806625366211,581,31,44,581,14.3256664276123,42.0749130249023,742.257507324219,36.7680015563965,2.72000002861023,34.0480003356934,9.52466678619385,26.0893325805664,4.11782114345182,-0.511345739192946,-2.00200038643822,-2.49663454334188,3.11820663845784,1.77550928635767,0.342255548353215,-0.0958940986665241,-0.190636992666815,-0.00751283172442274,-122.299858084151,40.653703995207
"961","Geometric",9.23833274841309,19.058666229248,0.0339999981224537,316,47,8,51.3697509765625,132,31,34,131,18.2733325958252,45.9452209472656,781.350219726562,32.2879981994629,-7.48400020599365,39.7719993591309,0.648666620254517,18.9340000152588,0.614480360337656,3.04261728100302,-2.41591086295296,1.18656668015574,1.28217731843628,-0.431409699273023,-0.606403421014283,-0.142031253157289,-0.0763261795558805,0.010307145716959,-120.389441467042,40.5290092453274
"961","Population-Weighted",8.77683353424072,17.8333339691162,0.0179998874664307,443,70,8,61.7642478942871,198,35,35,191,18.8803329467773,48.0562324523926,725.064636230469,31.5360012054443,-7.7519998550415,39.2880020141602,1.02733337879181,17.6406669616699,0.839821537277341,2.64298461468827,-2.83792529587614,0.485514896220359,1.51955974650257,-0.805972318873139,-0.445816049776521,-0.0398609449757202,0.089778946580397,0.0622450170031528,-120.253339391521,39.8128723951539
"970","Geometric",1.84783327579498,9.21466636657715,-3.60800004005432,2334,376,37,60.7518310546875,1066,187,187,1002,9.53166675567627,38.5522842407227,532.991516113281,17.2959995269775,-7.42799997329712,24.7239990234375,-2.91533350944519,9.21466636657715,1.57358320041083,-8.37157106305619,-5.62648746308023,-4.53999511121031,2.07492114520457,0.37061446633623,1.32454034455273,-0.393923587473848,-0.259573475177308,0.0783264656864718,-121.716088142388,45.3604848518468
"970","Population-Weighted",12.0946664810181,19.1733341217041,5.52199983596802,1121,179,20,58.983039855957,508,91,94,468,10.9013328552246,41.9346580505371,562.998718261719,27.5240001678467,1.52799999713898,25.996000289917,5.86466646194458,19.1006660461426,2.78920364003263,-1.77019806822635,-3.04261947149979,-1.26260293912099,0.250368654504566,1.40004972862178,0.382332477669611,0.0282665921075511,-0.0557984227173292,-0.0687355512227573,-122.590752718583,45.4561842590117
"971","Geometric",8.34783363342285,14.1459999084473,3.52066683769226,2447,408,34,66.7793197631836,1158,157,170,1089,10.1183338165283,46.3378524780273,436.255065917969,21.5240001678467,-0.312000006437302,21.8360004425049,3.87466669082642,13.6153335571289,3.99868357318356,-8.18807992038146,-5.17382197284354,-5.2892652271538,2.5587289236727,0.567535652447064,1.88688996452802,-0.612710164201165,-0.259310432085673,-0.216069257521523,-123.489784260648,45.577928514886
"971","Population-Weighted",10.797833442688,17.4273338317871,4.63600015640259,1259,219,15,70.6763153076172,616,73,79,583,11.3549995422363,44.5084686279297,524.073425292969,26.2479991912842,0.736000001430511,25.511999130249,4.99733352661133,17.2486667633057,2.90401009625074,-2.35598513078473,-3.86257411288225,-2.36652996779965,0.735791486169742,1.16824862029134,0.686542720545542,-0.00549334015654379,0.00277030294498148,-0.12287648836296,-123.136666184226,45.471384498207
"972","Geometric",11.7438335418701,18.8133335113525,5.0533332824707,1026,163,19,59.0830535888672,466,84,88,431,10.8656663894653,41.9200096130371,566.400207519531,26.988000869751,1.067999958992,25.9200000762939,5.4520001411438,18.746000289917,2.5415109582829,-1.40521277511352,-3.09278800393664,-1.04284349538028,-0.01565307675105,1.39616494181477,0.300494247268363,0.104085627504662,-0.0292952218545197,-0.0977344699083044,-122.706873091798,45.561567388511
"972","Population-Weighted",11.8421669006348,18.9979991912842,5.05599975585938,1048,166,19,58.417594909668,473,87,90,436,10.8549995422363,41.5709266662598,573.928466796875,27.2119998931885,1.10000002384186,26.1119995117188,5.43599987030029,18.9479999542236,2.5656325311524,-1.48265165177164,-3.03807695924798,-1.05507045398712,0.0670733005956337,1.42574889366116,0.295040300609818,0.0750349467045167,-0.0508019820169084,-0.0835127877306945,-122.659127942256,45.5085363343956
"973","Geometric",11.4393329620361,18.2140007019043,5.17933320999146,1083,187,14,68.1988220214844,523,69,69,486,11.800666809082,44.6927223205566,533.095825195312,27.5799999237061,1.17599999904633,26.4039993286133,5.58733367919922,18.021333694458,2.82662238837076,-1.40375330804678,-3.4939227205398,-1.72475445419257,0.473759755884908,1.14101626033077,0.494363598236401,0.029753210454962,0.0423854779460222,-0.0608750349342007,-123.124509841006,44.7011102677322
"973","Population-Weighted",11.3848333358765,18.173999786377,5.13266658782959,1106,193,14,69.3115921020508,539,68,70,499,11.8356666564941,44.7439384460449,534.119445800781,27.507999420166,1.05599999427795,26.4519996643066,5.48199987411499,17.9653339385986,2.85073587146698,-1.5106722299432,-3.54034750660338,-1.85475039214032,0.561054649184513,1.12932356525275,0.505522442129306,0.020153751301342,0.0406408486015982,-0.0548230894005967,-123.108148308894,44.8015050009885
"974","Geometric",12.3188333511353,19.3559989929199,6.12733316421509,1169,192,12,68.5504684448242,561,65,70,510,13.3543329238892,46.8507347106934,541.3896484375,29.923999786377,1.41999995708466,28.503999710083,6.42733335494995,19.0240001678467,3.250951582695,-1.20182208485549,-3.27760971505492,-1.86543818220977,1.20757128478342,0.789928555743219,0.56186231882093,-0.184722947446749,-0.0132512829887931,-0.0885497892455129,-123.315248623176,43.4197369829238
"974","Population-Weighted",11.4928331375122,18.1573333740234,5.48333311080933,1365,226,14,69.1031875610352,658,76,81,602,12.4689998626709,46.1473007202148,517.019836425781,28.1319999694824,1.11199998855591,27.0200004577637,5.89066696166992,17.8673324584961,3.28368035020672,-2.34725840229488,-3.67993740593452,-2.47339642807459,1.29107429866529,0.878857515577295,0.79419028099775,-0.23057116588377,-0.0602117938951892,-0.096765129318254,-123.294172520851,43.7038834419601
"975","Geometric",12.0166664123535,20.1606674194336,4.74266672134399,657,112,9,68.0116119384766,320,41,46,290,14.8740005493164,46.6562118530273,640.994262695312,31.6240005493164,-0.256000012159348,31.8800010681152,4.8546667098999,20.1180000305176,2.35047974447872,1.23408114502653,-2.73805356181638,-0.425548708714157,0.77855573001886,0.589820372580613,-0.145455533291166,0.0697852250459615,0.115632342515869,-0.0561286587554634,-123.024463520601,42.4001509463522
"975","Population-Weighted",10.7988328933716,18.5459995269775,4.30999994277954,922,161,12,69.2249145507812,451,56,60,413,14.8156671524048,48.35400390625,593.499084472656,29.9640007019043,-0.675999999046326,30.6400012969971,4.4946665763855,18.3726673126221,2.57520836279089,-0.0974638351569433,-3.30325945172011,-1.26203508141831,1.14392213823663,0.286244816018108,0.224060102850519,-0.078784728673527,0.0898565153145,-0.048425246885117,-123.020551067381,42.3661794564844
"976","Geometric",3.72250008583069,12.2253332138062,-3.2446665763855,604,79,17,42.682373046875,229,65,65,211,13.559666633606,42.9212036132812,644.577209472656,22.7239990234375,-8.86800003051758,31.5919990539551,-2.43533325195312,12.2253332138062,-0.440162434399819,0.376836053813779,-3.91866629258695,0.685065479051718,-0.626934988268441,-0.071615842000849,-0.15666303716229,-0.0264653210210975,-0.117081059244733,-0.0141130233344736,-120.796388436236,42.6522402393134
"976","Population-Weighted",7.61483335494995,16.5493335723877,-0.85533332824707,388,55,9,45.4492721557617,156,42,42,142,16.8116664886475,45.6888427734375,717.477294921875,29.3800010681152,-7.41599988937378,36.7960014343262,-0.341333299875259,16.5493335723877,0.327385608970266,2.27614638845723,-2.93855399183365,1.13599266286887,0.54989847079802,-0.365798733474476,-0.415462579654689,-0.231686069758467,-0.132963799098061,0.0197137267708009,-121.454982488736,42.3284986526767
"977","Geometric",7.1191668510437,16.4553337097168,-1.29533326625824,279,35,13,29.6909828186035,99,47,47,83,15.2176666259766,42.6312942504883,728.51513671875,28.5480003356934,-7.14799976348877,35.6959991455078,-0.472666710615158,16.4553337097168,-0.0832390663681863,2.19689893774171,-2.68628329866515,1.91728126827773,-0.174999724014275,0.0698658585092035,-0.415603206447959,-0.336524900350747,-0.334928103479422,0.0460862568142921,-120.032702781903,43.5579475078078
"977","Population-Weighted",8.02633380889893,16.8313331604004,0.00266663241200149,254,35,11,38.1745986938477,102,39,47,92,17.1073341369629,47.791187286377,689.843017578125,29.2919998168945,-6.50400018692017,35.7960014343262,0.385999947786331,16.5233325958252,0.436647097226355,2.71431904126295,-2.82806009797847,1.65985746373555,0.120850029456715,-0.577301690479024,-0.389325866648913,-0.308817031144573,-0.157084798467724,-0.0589178305413738,-121.118583842698,44.0277457951595
"978","Geometric",4.81150007247925,13.0766668319702,-2.84733319282532,637,90,17,41.8414649963379,251,73,88,232,14.8929996490479,44.4301910400391,654.7919921875,25.068000793457,-8.45199966430664,33.5200004577637,-2.02999997138977,12.9433336257935,-0.076054739110932,0.439802649434065,-3.61345382813203,0.61910596681601,-0.00997829623462995,-0.450984072376356,-0.227434051486121,-0.238184164221331,-0.15506913501921,0.00303697293749795,-118.56718886809,45.1369323757563
"978","Population-Weighted",8.12933349609375,16.8753337860107,0.253333330154419,605,82,13,44.0037078857422,238,61,73,218,14.2846660614014,42.5189514160156,686.087829589844,28.4759998321533,-5.11999988555908,33.5960006713867,0.686666667461395,16.7426662445068,0.712514516949555,0.934470579809476,-2.86827752611596,0.697803501278117,0.186906132472824,0.327112274463612,-0.290712431315257,-0.21413965446345,-0.197671821079679,-0.0244111593701568,-118.567248977318,45.4731252176138
"979","Geometric",7.51233339309692,17.5726661682129,-1.76466679573059,317,38,12,30.9281806945801,109,45,45,102,16.1280002593994,42.2907485961914,788.42236328125,30.007999420166,-8.12800025939941,38.1360015869141,-0.7966668009758,17.5726661682129,-0.0852152884343443,2.34993082683757,-2.45563330327089,1.87307009817082,0.487975351555391,-0.00472062482369878,-0.499228226690064,-0.375748142864527,-0.377895443199413,0.0126851663587818,-117.668167440884,43.2765748958865
"979","Population-Weighted",10.3411664962769,21.7306671142578,-0.820666611194611,278,36,10,33.8857421875,100,37,48,94,15.4836664199829,38.2993621826172,914.152526855469,33.5,-6.92799997329712,40.4280014038086,-0.163999989628792,21.2233333587646,0.224088161340654,2.68821237626082,-1.52851351202617,1.9222373642274,1.07000269260761,0.839629624589581,-0.882292221678894,-0.332857811469048,-0.442496450805292,-0.0621675688881294,-117.198302149528,43.8573161578997
"980","Geometric",8.70899963378906,15.1386671066284,3.16733336448669,2258,334,59,49.439884185791,936,231,231,833,9.02866649627686,39.9427833557129,497.909484863281,22.3600006103516,-0.244000002741814,22.6040000915527,3.43600010871887,15.1386671066284,3.23616297967326,-7.65488983731131,-3.72354386970809,-3.05608322735792,1.32703738003653,0.589118446361765,0.933708778877404,-0.209704724707101,-0.0175221361976426,0.192793500903046,-121.845571291468,47.4252245327138
"980","Population-Weighted",10.6788330078125,17.3553333282471,4.37200021743774,1032,161,26,54.2127456665039,451,102,106,408,8.82299995422363,38.1024360656738,534.595092773438,24.2439994812012,1.08800005912781,23.1560001373291,4.91933345794678,17.2986660003662,2.1198744519887,-2.0941447332876,-3.197949394867,-0.827247271043507,-0.918940839763527,1.76686880990971,0.257606692285906,0.264547988304801,-0.00105569078351997,0.0443653346048988,-122.178641646835,47.5661755196391
"981","Geometric",11.1303033828735,17.4984855651855,5.36818170547485,963,157,23,57.5469131469727,432,90,90,393,8.62424278259277,39.201099395752,504.722717285156,24.0181827545166,2.01818180084229,22,5.6575756072998,17.4984855651855,2.30233143414503,-1.78736967409945,-3.31669710366583,-0.886688489217655,-1.18306957351218,1.87973339827844,0.319789938280943,0.336356157181792,0.0497312995241506,0.0244918009219114,-122.350786593954,47.5976389502393
"981","Population-Weighted",10.9905004501343,17.4053325653076,5.23733329772949,1012,161,25,55.542724609375,446,98,98,405,8.52633380889893,38.6366386413574,507.264221191406,23.9799995422363,1.91199994087219,22.0679988861084,5.56799983978271,17.4053325653076,2.28750062043042,-2.03723084392207,-3.2741864232657,-0.876038433918635,-1.12897880533605,1.86475105411318,0.333810559976482,0.306436205517556,0.0295041359857406,0.0437997320807992,-122.328671295238,47.6082072220346
"982","Geometric",7.8769998550415,14.706000328064,1.60800004005432,1955,291,50,52.7970504760742,840,186,210,752,9.27066707611084,38.213794708252,540.672485351562,22.1079998016357,-2.15199995040894,24.2600002288818,2.0533332824707,14.529333114624,2.46079244130658,-6.37296487187582,-3.78329207817073,-2.7027499459874,1.01708862249122,0.766662046333191,0.656695323220506,-0.104721408528811,-0.0651705586090695,0.105068706657002,-121.835808361943,48.3182127889562
"982","Population-Weighted",10.2513332366943,16.3020000457764,4.55466651916504,991,137,35,41.1849098205566,390,128,129,342,9.12399959564209,40.7030715942383,486.833557128906,23.2719993591309,0.856000006198883,22.4159984588623,4.86600017547607,16.2586669921875,1.99001614148775,-2.05173983679609,-3.11346158290423,0.0112339842390924,-1.50608509471913,1.18987259172824,0.253721139175307,0.182881713752032,0.0210006135985968,0.00352746976878328,-122.265862979828,48.2427845688189
"983","Geometric",10.2043561935425,16.3212127685547,4.53560590744019,1432,235,26,64.392692565918,666,103,115,618,10.189772605896,43.7756271362305,486.734588623047,24.0227279663086,0.745454549789429,23.2772731781006,4.90075778961182,16.2219696044922,2.90123233140073,-3.52518125324631,-3.96011726538842,-2.39339264189077,0.34023154662246,1.09726237461448,0.774710198069447,0.0197392428486636,0.00203436338549268,-0.110619204958142,-122.882713922474,47.4200312336047
"983","Population-Weighted",10.1464290618896,15.6107139587402,5.34285736083984,1112,179,22,61.7815437316895,514,91,98,471,8.88809490203857,43.2962188720703,422.575622558594,22.3428573608398,1.81428575515747,20.5285720825195,5.80476188659668,15.3107147216797,2.53029828281779,-2.41749598614796,-3.95343592195348,-1.54221110638678,-1.17071478665038,1.40656058751477,0.644008991209576,0.264583629933363,0.0980998049543419,-0.129404038125655,-122.523292992894,47.3580299470556
"984","Geometric",10.6411666870117,17.1726665496826,4.61666679382324,1146,177,22,59.4823913574219,519,98,100,476,9.96300029754639,41.5055847167969,520.808959960938,24.7679996490479,0.763999998569489,24.003999710083,5.08266639709473,17.1520004272461,2.43991969986487,-2.22565698468772,-3.47745948438895,-1.35195159130231,-0.317900273438296,1.38382994932835,0.455054228142598,0.165938401576315,0.00395993467967304,-0.0978668728662014,-122.502186493854,47.1446167231034
"984","Population-Weighted",10.9711666107178,17.7919998168945,4.75333309173584,1122,173,23,58.5463523864746,505,99,99,463,10.3870000839233,41.7685356140137,539.731384277344,25.57200050354,0.703999996185303,24.8680000305176,5.14466667175293,17.7919998168945,2.48207490414543,-2.02365901198617,-3.30902506627443,-1.2013922999583,-0.151483689087251,1.3167714349711,0.39361212372434,0.153054667119737,0.00660932198284236,-0.0904295384460888,-122.46444933492,47.1891091374195
"985","Geometric",10.0016670227051,15.7566661834717,4.68866682052612,1895,301,34,62.6930656433105,867,135,160,816,10.5873336791992,46.8217468261719,456.264404296875,23.5359992980957,0.923999965190887,22.6119995117188,5.07666683197021,15.565333366394,3.608576625352,-5.51619173671147,-4.28964787749128,-3.41545460174677,1.28406047642403,0.580677306582687,1.21127594130161,-0.263419080190976,-0.088905203012699,-0.2828824935504,-123.386726430109,47.0613209047207
"985","Population-Weighted",10.287166595459,16.6193332672119,4.2960000038147,1348,214,21,63.9450912475586,628,95,106,578,10.9029998779297,44.4947738647461,507.303436279297,24.8560009002686,0.351999998092651,24.5040016174316,4.78200006484985,16.5146675109863,2.77508127862863,-2.88100830792461,-3.85423741233482,-2.13723499528856,0.407793446134086,0.983637220302512,0.689721072133902,-0.0243167832093073,-0.0314566755621576,-0.178562010927442,-122.996611728254,46.9741726132127
"986","Geometric",7.72833347320557,14.6606664657593,1.55799984931946,2460,400,36,63.9427947998047,1154,177,194,1078,10.4886665344238,40.8755531311035,540.292358398438,23.3519992828369,-2.30800008773804,25.6599998474121,2.03066658973694,14.4226665496826,3.42462361937744,-8.24114620636378,-4.63783135569286,-4.98635948094453,3.17728055408462,0.675700331640861,1.48793025147481,-0.634498260004788,-0.339074727866001,-0.0446100946490539,-122.138735158503,46.0314988645201
"986","Population-Weighted",10.6780004501343,17.3606662750244,4.30399990081787,1712,269,28,59.7284469604492,774,137,144,722,11.4860000610352,43.5669860839844,535.718078613281,26.3280010223389,-0.0360000021755695,26.3640003204346,4.71133327484131,17.2280006408691,3.24273153922649,-4.40137660265519,-3.63793366872082,-2.71384989505334,1.60591423084554,0.745389333465218,0.871048661154725,-0.297192391289356,-0.14341747320465,-0.105060776581359,-122.534367209595,45.7985663169833
"988","Geometric",8.47933292388916,19.7393341064453,-3.15466666221619,316,51,12,46.0752067565918,134,41,50,124,12.8753328323364,33.7474670410156,926.626647949219,29.5879993438721,-8.56400012969971,38.1520004272461,-2.37999987602234,19.1166667938232,-0.486364970095482,1.81589866111506,-2.06227224328992,1.30313623818268,0.449475058431597,1.49882933482436,-1.07057020683932,0.129559355896473,-0.251314621478725,-0.0277323209278865,-119.950357082353,47.9937481164041
"988","Population-Weighted",8.36916637420654,19.7346668243408,-3.22000002861023,248,41,9,46.377082824707,107,33,38,95,12.3583335876465,32.9239501953125,928.503784179688,29.4039993286133,-8.13199996948242,37.5359992980957,-2.40599989891052,19.0946655273438,-0.601900519349157,2.06746243286526,-2.08046668926467,1.41015906376706,0.169836032359414,1.74728478686817,-1.09978410601666,0.164874381055131,-0.257934103553157,-0.0196441891002107,-119.893780934825,47.5761412406844
"989","Geometric",8.97200012207031,19.5620002746582,-1.41599988937378,320,58,8,62.9699516296387,159,31,35,146,13.8093328475952,37.7634353637695,850.965148925781,30.07200050354,-6.49599981307983,36.568000793457,-0.797999978065491,19.1140003204346,0.165486835381082,2.16616264979265,-2.41315110626754,0.660018515002608,0.497418825335887,1.20302134750398,-0.975901472997745,0.350830367229124,0.0377775621888006,-0.00982856032129867,-120.637089139224,46.7988463411625
"989","Population-Weighted",9.9171667098999,20.6159992218018,-0.713333308696747,203,34,6,48.2752342224121,90,26,29,82,14.1856670379639,38.3603744506836,863.751708984375,31.076000213623,-5.9040002822876,36.9799995422363,-0.136000037193298,20.021333694458,0.186027320380766,2.76331851974082,-2.04902475354114,1.45683518248232,0.306273659181145,1.1874298590043,-0.913934851416124,0.0620951852835154,-0.180407408949344,-0.0697965427109752,-120.456487790952,46.6716006863892
"990","Geometric",8.1986665725708,18.3206672668457,-1.46466660499573,423,58,17,38.7481117248535,164,56,65,146,11.1733331680298,33.7767028808594,805.605102539062,27.7560005187988,-5.32399988174438,33.0800018310547,-0.931999981403351,17.8660011291504,-0.085938080029989,0.94793736686679,-2.34821217683759,1.3277640808004,-0.491174763515416,1.68468405206408,-0.718344707414766,0.0552052403714315,-0.257348305354819,0.0286343367606482,-117.594501964608,47.5798809911193
"990","Population-Weighted",9.35149955749512,19.8040008544922,-0.358666628599167,489,66,21,37.7905960083008,187,65,79,168,12.0403337478638,35.5004539489746,818.664916992188,29.4519996643066,-4.46399974822998,33.9160003662109,0.0820000395178795,18.9833335876465,0.389898901605091,0.886705203048553,-2.02218200076343,1.3192740493663,-0.0318748649146846,1.44571542165593,-0.713143902791141,-0.027319150497249,-0.235651994640097,-0.0159673835807833,-117.368968685861,47.682700338847
"991","Geometric",8.20166683197021,18.496000289917,-2.05666661262512,411,59,18,37.8897476196289,157,59,67,137,12.3933334350586,34.6996688842773,832.420959472656,28.8840007781982,-6.83199977874756,35.7159996032715,-1.21066665649414,18.1000003814697,-0.186935142976909,1.20063186237891,-2.18841637002,1.4248142902144,-0.00367577067885769,1.30785490003425,-0.79300312740891,-0.0180782146710213,-0.277605119515225,0.0826371753314549,-118.145880997095,47.919142128145
"991","Population-Weighted",8.21333312988281,18.6299991607666,-1.73999989032745,430,59,18,38.3396339416504,166,57,67,147,11.0726671218872,33.0251312255859,827.358825683594,27.992000579834,-5.53599977493286,33.5279998779297,-1.14199995994568,18.076000213623,-0.144114918868388,0.899469485842686,-2.25149661575402,1.34838387877115,-0.398245231418142,1.76210816105263,-0.770935381732969,0.0587517080272271,-0.268870300320285,0.0330657775101642,-117.657519206085,47.6580727673929
"992","Geometric",9.3745002746582,19.8013324737549,-0.338000029325485,475,64,20,37.9040908813477,181,62,76,162,11.9276666641235,35.2931327819824,817.562866210938,29.3239994049072,-4.47200012207031,33.7959976196289,0.0960000231862068,18.9766674041748,0.360001410283892,0.947337422958145,-2.03498470670267,1.33002033980686,-0.0976484447973169,1.50307081206109,-0.714002671022065,-0.0214634306245998,-0.244823451460083,-0.0169282569617847,-117.408563466891,47.6806585777179
"992","Population-Weighted",9.35149955749512,19.8040008544922,-0.358666628599167,489,66,21,37.7905960083008,187,65,79,168,12.0403337478638,35.5004539489746,818.664916992188,29.4519996643066,-4.46399974822998,33.9160003662109,0.0820000395178795,18.9833335876465,0.389898901605091,0.886705203048553,-2.02218200076343,1.3192740493663,-0.0318748649146846,1.44571542165593,-0.713143902791141,-0.027319150497249,-0.235651994640097,-0.0159673835807833,-117.373114656235,47.6808391657938
"993","Geometric",11.4141664505005,22.0706672668457,1.23000001907349,225,33,7,44.567684173584,92,26,29,82,13.4289999008179,37.360897064209,842.737609863281,32.4679985046387,-3.4760000705719,35.9440002441406,1.73133337497711,21.2846660614014,0.669213924806149,2.7028346484495,-1.69693811956252,1.5807603800986,0.171132318021465,1.58221860129993,-0.812417130847274,-0.00796834304696947,-0.227806914587668,-0.0516382534577394,-118.84433640902,46.399400735414
"993","Population-Weighted",12.1918334960938,22.5459995269775,2.09599995613098,205,29,6,43.5083045959473,84,24,26,76,13.3149995803833,37.6598014831543,826.137573242188,32.5480003356934,-2.80800008773804,35.3559989929199,2.59400010108948,21.7653331756592,0.85456663085335,2.80956883601051,-1.62599193529772,1.64643544803818,0.0425069035125881,1.65723445504737,-0.749785625830753,-0.00815980428468399,-0.246463419796106,-0.0828943543096679,-119.095183431877,46.2693688020261
"994","Geometric",7.91149997711182,17.2940006256104,-0.702000021934509,514,56,23,26.1356086730957,166,78,95,152,13.8423328399658,39.7585411071777,736.280395507812,28.7959995269775,-6.01999998092651,34.8159980773926,-0.274000018835068,17.0186672210693,0.221205043688721,0.965833258251383,-2.3258685191768,1.76962894499693,-0.0824737554968788,0.378364697150912,-0.48384092922096,-0.339127096451347,-0.337895757417842,0.000623575778099489,-117.208955795588,46.1993768892015
"994","Population-Weighted",11.0174999237061,21.2606658935547,1.74666666984558,368,42,19,22.7453460693359,110,61,71,99,12.6723327636719,36.5829467773438,790.408142089844,31.7560005187988,-2.8840000629425,34.6399993896484,10.5166664123535,20.5459995269775,0.843618046616203,1.75455075393419,-0.965899247261229,1.91060075335457,-0.391865276523698,1.23728170192345,0.0609396594228284,-0.0117163271432422,-0.706701340001066,0.0979250379279771,-117.099621441068,46.3183964517804
